junction,period,accident_count,severe_accidents,fatal_accidents,injured_count,fatality_count,vehicles_involved,period_date,accidents_7d,accidents_30d,accidents_90d,accidents_1y,fatal_accidents_1y,injury_accidents_1y,historical_accident_rate,target_period,future_accidents,future_severe_accidents,future_fatal_accidents,future_injuries,future_risk_score,risk_level
Abhyankar Nagar Square,2020-04,1,0,0,3,0,1,2020-04-01,,,,,,,,,,,,,0.0,LOW
Abhyankar Nagar Square,2020-06,1,0,0,3,0,1,2020-06-01,1.0,1.0,,,,,,,,,,,0.0,LOW
Abhyankar Nagar Square,2020-08,1,1,0,2,0,4,2020-08-01,1.0,1.0,,,,,,,,,,,0.0,LOW
Abhyankar Nagar Square,2021-03,1,0,0,1,0,3,2021-03-01,1.0,1.0,3.0,,,,,,,,,,0.0,LOW
Abhyankar Nagar Square,2021-05,1,0,0,1,0,1,2021-05-01,1.0,1.0,3.0,,,,,2021-05-01,1.0,0.0,0.0,0.0,1.0,MEDIUM
Abhyankar Nagar Square,2021-06,1,0,0,0,0,3,2021-06-01,1.0,1.0,3.0,,,,,2021-06-01,2.0,1.0,0.0,7.0,6.4,HIGH
Abhyankar Nagar Square,2021-07,2,1,0,7,0,5,2021-07-01,1.0,1.0,3.0,,,,,,,,,,0.0,LOW
Abhyankar Nagar Square,2021-09,1,1,1,3,1,1,2021-09-01,2.0,2.0,4.0,,,,,,,,,,0.0,LOW
Abhyankar Nagar Square,2022-01,1,0,0,0,0,1,2022-01-01,1.0,1.0,4.0,,,,,2022-01-01,1.0,0.0,0.0,0.0,1.0,MEDIUM
Abhyankar Nagar Square,2022-02,1,0,0,0,0,4,2022-02-01,1.0,1.0,4.0,,,,,,,,,,0.0,LOW
Abhyankar Nagar Square,2022-08,1,0,0,0,0,2,2022-08-01,1.0,1.0,3.0,,,,,,,,,,0.0,LOW
Abhyankar Nagar Square,2022-12,3,0,0,1,0,8,2022-12-01,1.0,1.0,3.0,,,,,,,,,,0.0,LOW
Abhyankar Nagar Square,2023-03,1,0,0,1,0,1,2023-03-01,3.0,3.0,5.0,15.0,1.0,21.0,1.25,,,,,,0.0,LOW
Abhyankar Nagar Square,2023-05,1,0,0,1,0,4,2023-05-01,1.0,1.0,5.0,15.0,1.0,19.0,1.25,,,,,,0.0,LOW
Abhyankar Nagar Square,2023-08,1,0,0,1,0,3,2023-08-01,1.0,1.0,5.0,15.0,1.0,17.0,1.25,2023-08-01,1.0,0.0,0.0,1.0,1.2,MEDIUM
Abhyankar Nagar Square,2023-09,1,0,0,1,0,3,2023-09-01,1.0,1.0,3.0,15.0,1.0,16.0,1.25,2023-09-01,2.0,0.0,0.0,1.0,2.2,HIGH
Abhyankar Nagar Square,2023-10,2,0,0,1,0,7,2023-10-01,1.0,1.0,3.0,15.0,1.0,16.0,1.25,,,,,,0.0,LOW
Abhyankar Nagar Square,2024-01,2,1,0,6,0,4,2024-01-01,2.0,2.0,4.0,16.0,1.0,16.0,1.3333333333333333,2024-01-01,3.0,0.0,0.0,3.0,3.6,HIGH
Abhyankar Nagar Square,2024-02,3,0,0,3,0,7,2024-02-01,2.0,2.0,5.0,17.0,1.0,22.0,1.4166666666666667,,,,,,0.0,LOW
Abhyankar Nagar Square,2024-06,1,0,0,0,0,1,2024-06-01,3.0,3.0,7.0,18.0,1.0,18.0,1.5,2024-06-01,1.0,0.0,0.0,0.0,1.0,MEDIUM
Abhyankar Nagar Square,2024-07,1,0,0,0,0,4,2024-07-01,1.0,1.0,6.0,18.0,0.0,15.0,1.5,2024-07-01,1.0,0.0,0.0,0.0,1.0,MEDIUM
Abhyankar Nagar Square,2024-08,1,0,0,0,0,2,2024-08-01,1.0,1.0,5.0,18.0,0.0,15.0,1.5,,,,,,0.0,LOW
Abhyankar Nagar Square,2024-12,1,0,0,0,0,1,2024-12-01,1.0,1.0,3.0,18.0,0.0,15.0,1.5,2024-12-01,2.0,0.0,0.0,1.0,2.2,HIGH
Abhyankar Nagar Square,2025-01,2,0,0,1,0,3,2025-01-01,1.0,1.0,3.0,18.0,0.0,15.0,1.5,2025-01-01,1.0,0.0,0.0,1.0,1.2,MEDIUM
Abhyankar Nagar Square,2025-02,1,0,0,1,0,1,2025-02-01,2.0,2.0,4.0,17.0,0.0,15.0,1.4166666666666667,2025-02-01,1.0,0.0,0.0,1.0,1.2,MEDIUM
Abhyankar Nagar Square,2025-03,1,0,0,1,0,2,2025-03-01,1.0,1.0,4.0,17.0,0.0,15.0,1.4166666666666667,,,,,,0.0,LOW
Abhyankar Nagar Square,2025-05,2,0,0,1,0,3,2025-05-01,1.0,1.0,4.0,17.0,0.0,15.0,1.4166666666666667,2025-05-01,1.0,0.0,0.0,1.0,1.2,MEDIUM
Abhyankar Nagar Square,2025-06,1,0,0,1,0,2,2025-06-01,2.0,2.0,4.0,18.0,0.0,15.0,1.5,2025-06-01,1.0,0.0,0.0,2.0,1.4,HIGH
Abhyankar Nagar Square,2025-07,1,0,0,2,0,1,2025-07-01,1.0,1.0,4.0,18.0,0.0,15.0,1.5,2025-07-01,1.0,0.0,0.0,1.0,1.2,MEDIUM
Abhyankar Nagar Square,2025-08,1,0,0,1,0,4,2025-08-01,1.0,1.0,4.0,17.0,0.0,16.0,1.4166666666666667,2025-08-01,2.0,1.0,0.0,5.0,6.0,HIGH
Abhyankar Nagar Square,2025-09,2,1,0,5,0,3,2025-09-01,1.0,1.0,3.0,16.0,0.0,11.0,1.3333333333333333,,,,,,0.0,LOW
Airport T-Point,2020-04,1,0,0,0,0,1,2020-04-01,,,,,,,,,,,,,0.0,LOW
Airport T-Point,2020-10,1,0,0,3,0,2,2020-10-01,1.0,1.0,,,,,,,,,,,0.0,LOW
Airport T-Point,2021-08,2,0,0,2,0,7,2021-08-01,1.0,1.0,,,,,,,,,,,0.0,LOW
Airport T-Point,2022-04,1,0,0,2,0,1,2022-04-01,2.0,2.0,4.0,,,,,,,,,,0.0,LOW
Airport T-Point,2022-06,1,0,0,2,0,3,2022-06-01,1.0,1.0,4.0,,,,,2022-06-01,1.0,0.0,0.0,0.0,1.0,MEDIUM
Airport T-Point,2022-07,1,0,0,0,0,2,2022-07-01,1.0,1.0,4.0,,,,,2022-07-01,2.0,1.0,0.0,5.0,6.0,HIGH
Airport T-Point,2022-08,2,1,0,5,0,6,2022-08-01,1.0,1.0,3.0,,,,,2022-08-01,1.0,0.0,0.0,3.0,1.6,HIGH
Airport T-Point,2022-09,1,0,0,3,0,4,2022-09-01,2.0,2.0,4.0,,,,,2022-09-01,1.0,0.0,0.0,0.0,1.0,MEDIUM
Airport T-Point,2022-10,1,0,0,0,0,2,2022-10-01,1.0,1.0,4.0,,,,,2022-10-01,3.0,0.0,0.0,1.0,3.2,HIGH
Airport T-Point,2022-11,3,0,0,1,0,8,2022-11-01,1.0,1.0,4.0,,,,,,,,,,0.0,LOW
Airport T-Point,2023-01,1,1,1,1,2,3,2023-01-01,3.0,3.0,5.0,,,,,,,,,,0.0,LOW
Airport T-Point,2023-05,1,1,1,2,2,1,2023-05-01,1.0,1.0,5.0,,,,,,,,,,0.0,LOW
Airport T-Point,2023-07,1,0,0,0,0,2,2023-07-01,1.0,1.0,5.0,16.0,2.0,21.0,1.3333333333333333,,,,,,0.0,LOW
Airport T-Point,2023-09,3,0,0,4,0,9,2023-09-01,1.0,1.0,3.0,16.0,2.0,21.0,1.3333333333333333,,,,,,0.0,LOW
Airport T-Point,2024-06,1,0,0,0,0,2,2024-06-01,3.0,3.0,5.0,18.0,2.0,22.0,1.5,,,,,,0.0,LOW
Airport T-Point,2024-09,1,0,0,1,0,4,2024-09-01,1.0,1.0,5.0,17.0,2.0,20.0,1.4166666666666667,,,,,,0.0,LOW
Airport T-Point,2024-11,1,1,0,3,0,3,2024-11-01,1.0,1.0,5.0,17.0,2.0,19.0,1.4166666666666667,,,,,,0.0,LOW
Airport T-Point,2025-01,2,0,0,1,0,4,2025-01-01,1.0,1.0,3.0,17.0,2.0,20.0,1.4166666666666667,,,,,,0.0,LOW
Airport T-Point,2025-03,2,0,0,4,0,8,2025-03-01,2.0,2.0,4.0,18.0,2.0,21.0,1.5,,,,,,0.0,LOW
Airport T-Point,2025-05,1,0,0,1,0,2,2025-05-01,2.0,2.0,5.0,18.0,2.0,20.0,1.5,2025-05-01,2.0,0.0,0.0,2.0,2.4,HIGH
Airport T-Point,2025-06,2,0,0,2,0,3,2025-06-01,1.0,1.0,5.0,18.0,2.0,18.0,1.5,2025-06-01,2.0,0.0,0.0,1.0,2.2,HIGH
Airport T-Point,2025-07,2,0,0,1,0,7,2025-07-01,2.0,2.0,5.0,19.0,2.0,20.0,1.5833333333333333,2025-07-01,1.0,0.0,0.0,2.0,1.4,HIGH
Airport T-Point,2025-08,1,0,0,2,0,4,2025-08-01,2.0,2.0,5.0,18.0,2.0,20.0,1.5,2025-08-01,2.0,0.0,0.0,2.0,2.4,HIGH
Airport T-Point,2025-09,2,0,0,2,0,6,2025-09-01,1.0,1.0,5.0,18.0,1.0,21.0,1.5,,,,,,0.0,LOW
Airport T-Point,2025-11,1,0,0,0,0,3,2025-11-01,2.0,2.0,5.0,19.0,0.0,21.0,1.5833333333333333,,,,,,0.0,LOW
Ajit Bakery Square,2020-05,2,1,1,5,1,5,2020-05-01,,,,,,,,,,,,,0.0,LOW
Ajit Bakery Square,2020-08,1,0,0,0,0,2,2020-08-01,2.0,2.0,,,,,,,,,,,0.0,LOW
Ajit Bakery Square,2020-10,1,0,0,1,0,4,2020-10-01,1.0,1.0,,,,,,,,,,,0.0,LOW
Ajit Bakery Square,2020-12,2,0,0,3,0,6,2020-12-01,1.0,1.0,4.0,,,,,2020-12-01,1.0,0.0,0.0,1.0,1.2,MEDIUM
Ajit Bakery Square,2021-01,1,0,0,1,0,4,2021-01-01,2.0,2.0,4.0,,,,,2021-01-01,2.0,2.0,0.0,6.0,9.2,HIGH
Ajit Bakery Square,2021-02,2,2,0,6,0,2,2021-02-01,1.0,1.0,4.0,,,,,,,,,,0.0,LOW
Ajit Bakery Square,2021-05,1,0,0,1,0,3,2021-05-01,2.0,2.0,5.0,,,,,,,,,,0.0,LOW
Ajit Bakery Square,2021-11,1,0,0,3,0,2,2021-11-01,1.0,1.0,4.0,,,,,,,,,,0.0,LOW
Ajit Bakery Square,2022-01,1,0,0,0,0,1,2022-01-01,1.0,1.0,4.0,,,,,2022-01-01,1.0,1.0,0.0,4.0,4.8,HIGH
Ajit Bakery Square,2022-02,1,1,0,4,0,3,2022-02-01,1.0,1.0,3.0,,,,,2022-02-01,1.0,1.0,0.0,5.0,5.0,HIGH
Ajit Bakery Square,2022-03,1,1,0,5,0,4,2022-03-01,1.0,1.0,3.0,,,,,2022-03-01,1.0,0.0,0.0,0.0,1.0,MEDIUM
Ajit Bakery Square,2022-04,1,0,0,0,0,3,2022-04-01,1.0,1.0,3.0,,,,,2022-04-01,1.0,0.0,0.0,2.0,1.4,HIGH
Ajit Bakery Square,2022-05,1,0,0,2,0,2,2022-05-01,1.0,1.0,3.0,15.0,1.0,29.0,1.25,,,,,,0.0,LOW
Ajit Bakery Square,2022-08,1,0,0,0,0,3,2022-08-01,1.0,1.0,3.0,14.0,0.0,26.0,1.1666666666666667,,,,,,0.0,LOW
Ajit Bakery Square,2022-10,2,0,0,2,0,5,2022-10-01,1.0,1.0,3.0,14.0,0.0,26.0,1.1666666666666667,2022-10-01,3.0,1.0,1.0,5.0,12.0,HIGH
Ajit Bakery Square,2022-11,3,1,1,5,1,6,2022-11-01,2.0,2.0,4.0,15.0,0.0,27.0,1.25,2022-11-01,1.0,0.0,0.0,2.0,1.4,HIGH
Ajit Bakery Square,2022-12,1,0,0,2,0,3,2022-12-01,3.0,3.0,6.0,16.0,1.0,29.0,1.3333333333333333,,,,,,0.0,LOW
Ajit Bakery Square,2023-02,3,0,0,1,0,11,2023-02-01,1.0,1.0,6.0,16.0,1.0,30.0,1.3333333333333333,2023-02-01,1.0,0.0,0.0,3.0,1.6,HIGH
Ajit Bakery Square,2023-03,1,0,0,3,0,1,2023-03-01,3.0,3.0,7.0,17.0,1.0,25.0,1.4166666666666667,2023-03-01,1.0,1.0,1.0,3.0,9.6,HIGH
Ajit Bakery Square,2023-04,1,1,1,3,1,2,2023-04-01,1.0,1.0,5.0,17.0,1.0,27.0,1.4166666666666667,,,,,,0.0,LOW
Ajit Bakery Square,2023-06,1,0,0,1,0,2,2023-06-01,1.0,1.0,5.0,17.0,2.0,27.0,1.4166666666666667,2023-06-01,1.0,0.0,0.0,1.0,1.2,MEDIUM
Ajit Bakery Square,2023-07,1,0,0,1,0,2,2023-07-01,1.0,1.0,3.0,17.0,2.0,28.0,1.4166666666666667,,,,,,0.0,LOW
Ajit Bakery Square,2023-09,1,0,0,0,0,1,2023-09-01,1.0,1.0,3.0,17.0,2.0,25.0,1.4166666666666667,2023-09-01,2.0,1.0,0.0,4.0,5.8,HIGH
Ajit Bakery Square,2023-10,2,1,0,4,0,4,2023-10-01,1.0,1.0,3.0,17.0,2.0,20.0,1.4166666666666667,2023-10-01,2.0,0.0,0.0,4.0,2.8,HIGH
Ajit Bakery Square,2023-11,2,0,0,4,0,3,2023-11-01,2.0,2.0,4.0,18.0,2.0,24.0,1.5,2023-11-01,1.0,0.0,0.0,1.0,1.2,MEDIUM
Ajit Bakery Square,2023-12,1,0,0,1,0,3,2023-12-01,2.0,2.0,5.0,19.0,2.0,26.0,1.5833333333333333,,,,,,0.0,LOW
Ajit Bakery Square,2024-02,1,0,0,3,0,1,2024-02-01,1.0,1.0,5.0,19.0,2.0,27.0,1.5833333333333333,,,,,,0.0,LOW
Ajit Bakery Square,2024-04,1,0,0,0,0,4,2024-04-01,1.0,1.0,4.0,18.0,2.0,28.0,1.5,,,,,,0.0,LOW
Ajit Bakery Square,2024-07,1,0,0,1,0,3,2024-07-01,1.0,1.0,3.0,16.0,1.0,23.0,1.3333333333333333,,,,,,0.0,LOW
Ajit Bakery Square,2024-09,1,0,0,3,0,1,2024-09-01,1.0,1.0,3.0,16.0,1.0,22.0,1.3333333333333333,,,,,,0.0,LOW
Ajit Bakery Square,2024-11,1,1,0,5,0,1,2024-11-01,1.0,1.0,3.0,14.0,1.0,24.0,1.1666666666666667,,,,,,0.0,LOW
Ajit Bakery Square,2025-03,1,0,0,3,0,1,2025-03-01,1.0,1.0,3.0,14.0,1.0,26.0,1.1666666666666667,,,,,,0.0,LOW
Ajit Bakery Square,2025-05,1,1,0,3,0,4,2025-05-01,1.0,1.0,3.0,14.0,0.0,26.0,1.1666666666666667,,,,,,0.0,LOW
Ajit Bakery Square,2025-10,2,1,1,3,2,2,2025-10-01,1.0,1.0,3.0,14.0,0.0,28.0,1.1666666666666667,2025-10-01,2.0,0.0,0.0,4.0,2.8,HIGH
Ajit Bakery Square,2025-11,2,0,0,4,0,2,2025-11-01,2.0,2.0,4.0,15.0,1.0,30.0,1.25,,,,,,0.0,LOW
Ajni Chowk,2020-02,1,1,1,2,2,2,2020-02-01,,,,,,,,2020-02-01,1.0,0.0,0.0,1.0,1.2,MEDIUM
Ajni Chowk,2020-03,1,0,0,1,0,3,2020-03-01,1.0,1.0,,,,,,,,,,,0.0,LOW
Ajni Chowk,2020-06,1,0,0,1,0,3,2020-06-01,1.0,1.0,,,,,,,,,,,0.0,LOW
Ajni Chowk,2020-11,1,0,0,3,0,3,2020-11-01,1.0,1.0,3.0,,,,,2020-11-01,1.0,0.0,0.0,0.0,1.0,MEDIUM
Ajni Chowk,2020-12,1,0,0,0,0,1,2020-12-01,1.0,1.0,3.0,,,,,,,,,,0.0,LOW
Ajni Chowk,2021-05,2,1,1,3,2,7,2021-05-01,1.0,1.0,3.0,,,,,,,,,,0.0,LOW
Ajni Chowk,2022-02,1,0,0,0,0,1,2022-02-01,2.0,2.0,4.0,,,,,2022-02-01,1.0,1.0,1.0,4.0,9.8,HIGH
Ajni Chowk,2022-03,1,1,1,4,1,4,2022-03-01,1.0,1.0,4.0,,,,,,,,,,0.0,LOW
Ajni Chowk,2022-05,2,1,0,4,0,3,2022-05-01,1.0,1.0,4.0,,,,,,,,,,0.0,LOW
Ajni Chowk,2022-09,1,1,1,2,2,3,2022-09-01,2.0,2.0,4.0,,,,,2022-09-01,1.0,0.0,0.0,0.0,1.0,MEDIUM
Ajni Chowk,2022-10,1,0,0,0,0,4,2022-10-01,1.0,1.0,4.0,,,,,2022-10-01,1.0,0.0,0.0,1.0,1.2,MEDIUM
Ajni Chowk,2022-11,1,0,0,1,0,4,2022-11-01,1.0,1.0,4.0,,,,,,,,,,0.0,LOW
Ajni Chowk,2023-01,1,0,0,3,0,3,2023-01-01,1.0,1.0,3.0,14.0,4.0,21.0,1.1666666666666667,,,,,,0.0,LOW
Ajni Chowk,2023-04,1,0,0,0,0,2,2023-04-01,1.0,1.0,3.0,14.0,3.0,22.0,1.1666666666666667,2023-04-01,1.0,1.0,0.0,4.0,4.8,HIGH
Ajni Chowk,2023-05,1,1,0,4,0,3,2023-05-01,1.0,1.0,3.0,14.0,3.0,21.0,1.1666666666666667,2023-05-01,1.0,1.0,0.0,2.0,4.4,HIGH
Ajni Chowk,2023-06,1,1,0,2,0,3,2023-06-01,1.0,1.0,3.0,14.0,3.0,24.0,1.1666666666666667,,,,,,0.0,LOW
Ajni Chowk,2024-02,1,0,0,1,0,2,2024-02-01,1.0,1.0,3.0,14.0,3.0,23.0,1.1666666666666667,2024-02-01,1.0,1.0,0.0,4.0,4.8,HIGH
Ajni Chowk,2024-03,1,1,0,4,0,2,2024-03-01,1.0,1.0,3.0,14.0,3.0,24.0,1.1666666666666667,2024-03-01,2.0,1.0,0.0,4.0,5.8,HIGH
Ajni Chowk,2024-04,2,1,0,4,0,5,2024-04-01,1.0,1.0,3.0,13.0,2.0,25.0,1.0833333333333333,,,,,,0.0,LOW
Ajni Chowk,2024-06,1,0,0,1,0,2,2024-06-01,2.0,2.0,4.0,14.0,2.0,29.0,1.1666666666666667,2024-06-01,1.0,1.0,0.0,2.0,4.4,HIGH
Ajni Chowk,2024-07,1,1,0,2,0,2,2024-07-01,1.0,1.0,4.0,14.0,1.0,26.0,1.1666666666666667,2024-07-01,1.0,0.0,0.0,0.0,1.0,MEDIUM
Ajni Chowk,2024-08,1,0,0,0,0,4,2024-08-01,1.0,1.0,4.0,13.0,1.0,24.0,1.0833333333333333,,,,,,0.0,LOW
Ajni Chowk,2024-12,1,0,0,1,0,3,2024-12-01,1.0,1.0,3.0,13.0,0.0,22.0,1.0833333333333333,2024-12-01,1.0,0.0,0.0,1.0,1.2,MEDIUM
Ajni Chowk,2025-01,1,0,0,1,0,4,2025-01-01,1.0,1.0,3.0,13.0,0.0,23.0,1.0833333333333333,2025-01-01,1.0,1.0,1.0,3.0,9.6,HIGH
Ajni Chowk,2025-02,1,1,1,3,1,3,2025-02-01,1.0,1.0,3.0,13.0,0.0,23.0,1.0833333333333333,2025-02-01,2.0,1.0,0.0,6.0,6.2,HIGH
Ajni Chowk,2025-03,2,1,0,6,0,3,2025-03-01,1.0,1.0,3.0,13.0,1.0,23.0,1.0833333333333333,,,,,,0.0,LOW
Ajni Chowk,2025-05,1,0,0,0,0,1,2025-05-01,2.0,2.0,4.0,14.0,1.0,29.0,1.1666666666666667,2025-05-01,3.0,0.0,0.0,4.0,3.8,HIGH
Ajni Chowk,2025-06,3,0,0,4,0,7,2025-06-01,1.0,1.0,4.0,14.0,1.0,25.0,1.1666666666666667,,,,,,0.0,LOW
Ajni Chowk,2025-09,1,0,0,3,0,2,2025-09-01,3.0,3.0,6.0,16.0,1.0,27.0,1.3333333333333333,2025-09-01,2.0,0.0,0.0,1.0,2.2,HIGH
Ajni Chowk,2025-10,2,0,0,1,0,5,2025-10-01,1.0,1.0,5.0,16.0,1.0,29.0,1.3333333333333333,2025-10-01,1.0,0.0,0.0,2.0,1.4,HIGH
Ajni Chowk,2025-11,1,0,0,2,0,4,2025-11-01,2.0,2.0,6.0,17.0,1.0,26.0,1.4166666666666667,2025-11-01,1.0,0.0,0.0,0.0,1.0,MEDIUM
Ajni Chowk,2025-12,1,0,0,0,0,3,2025-12-01,1.0,1.0,4.0,16.0,1.0,24.0,1.3333333333333333,,,,,,0.0,LOW
Alankar Square,2020-08,1,0,0,1,0,4,2020-08-01,,,,,,,,,,,,,0.0,LOW
Alankar Square,2020-11,1,1,0,5,0,3,2020-11-01,1.0,1.0,,,,,,2020-11-01,1.0,0.0,0.0,2.0,1.4,HIGH
Alankar Square,2020-12,1,0,0,2,0,2,2020-12-01,1.0,1.0,,,,,,2020-12-01,2.0,0.0,0.0,3.0,2.6,HIGH
Alankar Square,2021-01,2,0,0,3,0,6,2021-01-01,1.0,1.0,3.0,,,,,,,,,,0.0,LOW
Alankar Square,2021-11,2,0,0,2,0,8,2021-11-01,2.0,2.0,4.0,,,,,,,,,,0.0,LOW
Alankar Square,2022-03,1,0,0,1,0,1,2022-03-01,2.0,2.0,5.0,,,,,2022-03-01,3.0,1.0,1.0,3.0,11.6,HIGH
Alankar Square,2022-04,3,1,1,3,2,6,2022-04-01,1.0,1.0,5.0,,,,,2022-04-01,2.0,0.0,0.0,2.0,2.4,HIGH
Alankar Square,2022-05,2,0,0,2,0,5,2022-05-01,3.0,3.0,6.0,,,,,,,,,,0.0,LOW
Alankar Square,2022-07,2,0,0,1,0,5,2022-07-01,2.0,2.0,6.0,,,,,,,,,,0.0,LOW
Alankar Square,2022-09,1,0,0,0,0,1,2022-09-01,2.0,2.0,7.0,,,,,2022-09-01,1.0,0.0,0.0,1.0,1.2,MEDIUM
Alankar Square,2022-10,1,0,0,1,0,3,2022-10-01,1.0,1.0,5.0,,,,,2022-10-01,2.0,0.0,0.0,3.0,2.6,HIGH
Alankar Square,2022-11,2,0,0,3,0,4,2022-11-01,1.0,1.0,4.0,,,,,,,,,,0.0,LOW
Alankar Square,2023-02,1,0,0,2,0,2,2023-02-01,2.0,2.0,4.0,19.0,1.0,24.0,1.5833333333333333,,,,,,0.0,LOW
Alankar Square,2023-04,2,0,0,0,0,4,2023-04-01,1.0,1.0,4.0,19.0,1.0,25.0,1.5833333333333333,2023-04-01,1.0,0.0,0.0,3.0,1.6,HIGH
Alankar Square,2023-05,1,0,0,3,0,3,2023-05-01,2.0,2.0,5.0,20.0,1.0,20.0,1.6666666666666667,2023-05-01,1.0,0.0,0.0,2.0,1.4,HIGH
Alankar Square,2023-06,1,0,0,2,0,1,2023-06-01,1.0,1.0,4.0,20.0,1.0,21.0,1.6666666666666667,2023-06-01,1.0,0.0,0.0,3.0,1.6,HIGH
Alankar Square,2023-07,1,0,0,3,0,2,2023-07-01,1.0,1.0,4.0,19.0,1.0,20.0,1.5833333333333333,,,,,,0.0,LOW
Alankar Square,2023-09,1,0,0,1,0,3,2023-09-01,1.0,1.0,3.0,18.0,1.0,21.0,1.5,,,,,,0.0,LOW
Alankar Square,2023-12,1,0,0,1,0,1,2023-12-01,1.0,1.0,3.0,18.0,1.0,21.0,1.5,,,,,,0.0,LOW
Alankar Square,2024-02,1,0,0,3,0,2,2024-02-01,1.0,1.0,3.0,16.0,0.0,19.0,1.3333333333333333,,,,,,0.0,LOW
Alankar Square,2024-06,3,0,0,1,0,6,2024-06-01,1.0,1.0,3.0,15.0,0.0,20.0,1.25,2024-06-01,1.0,0.0,0.0,0.0,1.0,MEDIUM
Alankar Square,2024-07,1,0,0,0,0,2,2024-07-01,3.0,3.0,5.0,16.0,0.0,20.0,1.3333333333333333,2024-07-01,1.0,0.0,0.0,0.0,1.0,MEDIUM
Alankar Square,2024-08,1,0,0,0,0,2,2024-08-01,1.0,1.0,5.0,16.0,0.0,20.0,1.3333333333333333,,,,,,0.0,LOW
Alankar Square,2025-01,1,0,0,1,0,1,2025-01-01,1.0,1.0,5.0,16.0,0.0,19.0,1.3333333333333333,,,,,,0.0,LOW
Alankar Square,2025-05,1,0,0,0,0,4,2025-05-01,1.0,1.0,3.0,15.0,0.0,17.0,1.25,2025-05-01,1.0,1.0,0.0,5.0,5.0,HIGH
Alankar Square,2025-06,1,1,0,5,0,1,2025-06-01,1.0,1.0,3.0,15.0,0.0,15.0,1.25,2025-06-01,1.0,0.0,0.0,3.0,1.6,HIGH
Alankar Square,2025-07,1,0,0,3,0,2,2025-07-01,1.0,1.0,3.0,14.0,0.0,20.0,1.1666666666666667,2025-07-01,1.0,0.0,0.0,0.0,1.0,MEDIUM
Alankar Square,2025-08,1,0,0,0,0,2,2025-08-01,1.0,1.0,3.0,14.0,0.0,20.0,1.1666666666666667,2025-08-01,1.0,0.0,0.0,1.0,1.2,MEDIUM
Alankar Square,2025-09,1,0,0,1,0,2,2025-09-01,1.0,1.0,3.0,14.0,0.0,18.0,1.1666666666666667,,,,,,0.0,LOW
Automotive Square,2020-02,1,0,0,0,0,3,2020-02-01,,,,,,,,,,,,,0.0,LOW
Automotive Square,2020-04,1,0,0,1,0,2,2020-04-01,1.0,1.0,,,,,,2020-04-01,1.0,0.0,0.0,1.0,1.2,MEDIUM
Automotive Square,2020-05,1,0,0,1,0,3,2020-05-01,1.0,1.0,,,,,,,,,,,0.0,LOW
Automotive Square,2020-09,1,0,0,1,0,3,2020-09-01,1.0,1.0,3.0,,,,,,,,,,0.0,LOW
Automotive Square,2021-01,1,0,0,1,0,1,2021-01-01,1.0,1.0,3.0,,,,,,,,,,0.0,LOW
Automotive Square,2021-03,2,0,0,2,0,5,2021-03-01,1.0,1.0,3.0,,,,,,,,,,0.0,LOW
Automotive Square,2021-08,2,1,0,3,0,8,2021-08-01,2.0,2.0,4.0,,,,,,,,,,0.0,LOW
Automotive Square,2021-12,1,0,0,3,0,1,2021-12-01,2.0,2.0,5.0,,,,,,,,,,0.0,LOW
Automotive Square,2022-02,1,0,0,0,0,1,2022-02-01,1.0,1.0,5.0,,,,,,,,,,0.0,LOW
Automotive Square,2022-04,2,0,0,2,0,3,2022-04-01,1.0,1.0,4.0,,,,,2022-04-01,2.0,0.0,0.0,2.0,2.4,HIGH
Automotive Square,2022-05,2,0,0,2,0,5,2022-05-01,2.0,2.0,4.0,,,,,,,,,,0.0,LOW
Automotive Square,2022-07,2,0,0,1,0,6,2022-07-01,2.0,2.0,5.0,,,,,2022-07-01,3.0,0.0,0.0,4.0,3.8,HIGH
Automotive Square,2022-08,3,0,0,4,0,4,2022-08-01,2.0,2.0,6.0,17.0,0.0,17.0,1.4166666666666667,,,,,,0.0,LOW
Automotive Square,2022-10,3,0,0,3,0,7,2022-10-01,3.0,3.0,7.0,19.0,0.0,21.0,1.5833333333333333,2022-10-01,1.0,0.0,0.0,0.0,1.0,MEDIUM
Automotive Square,2022-11,1,0,0,0,0,4,2022-11-01,3.0,3.0,8.0,21.0,0.0,23.0,1.75,2022-11-01,1.0,0.0,0.0,0.0,1.0,MEDIUM
Automotive Square,2022-12,1,0,0,0,0,4,2022-12-01,1.0,1.0,7.0,21.0,0.0,22.0,1.75,2022-12-01,1.0,0.0,0.0,1.0,1.2,MEDIUM
Automotive Square,2023-01,1,0,0,1,0,2,2023-01-01,1.0,1.0,5.0,21.0,0.0,21.0,1.75,,,,,,0.0,LOW
Automotive Square,2023-03,2,0,0,1,0,5,2023-03-01,1.0,1.0,3.0,21.0,0.0,21.0,1.75,2023-03-01,1.0,0.0,0.0,0.0,1.0,MEDIUM
Automotive Square,2023-04,1,0,0,0,0,3,2023-04-01,2.0,2.0,4.0,21.0,0.0,20.0,1.75,,,,,,0.0,LOW
Automotive Square,2023-08,3,1,0,6,0,9,2023-08-01,1.0,1.0,4.0,20.0,0.0,17.0,1.6666666666666667,2023-08-01,2.0,0.0,0.0,2.0,2.4,HIGH
Automotive Square,2023-09,2,0,0,2,0,6,2023-09-01,3.0,3.0,6.0,22.0,0.0,20.0,1.8333333333333333,,,,,,0.0,LOW
Automotive Square,2023-11,2,0,0,3,0,4,2023-11-01,2.0,2.0,6.0,23.0,0.0,22.0,1.9166666666666667,,,,,,0.0,LOW
Automotive Square,2024-01,2,1,0,5,0,5,2024-01-01,2.0,2.0,7.0,23.0,0.0,23.0,1.9166666666666667,2024-01-01,2.0,0.0,0.0,1.0,2.2,HIGH
Automotive Square,2024-02,2,0,0,1,0,6,2024-02-01,2.0,2.0,6.0,23.0,0.0,26.0,1.9166666666666667,,,,,,0.0,LOW
Automotive Square,2024-05,1,0,0,1,0,1,2024-05-01,2.0,2.0,6.0,23.0,0.0,26.0,1.9166666666666667,,,,,,0.0,LOW
Automotive Square,2024-08,3,0,0,3,0,11,2024-08-01,1.0,1.0,5.0,21.0,0.0,23.0,1.75,2024-08-01,3.0,1.0,0.0,4.0,6.8,HIGH
Automotive Square,2024-09,3,1,0,4,0,8,2024-09-01,3.0,3.0,6.0,21.0,0.0,23.0,1.75,,,,,,0.0,LOW
Automotive Square,2024-11,1,0,0,0,0,2,2024-11-01,3.0,3.0,7.0,23.0,0.0,27.0,1.9166666666666667,2024-11-01,2.0,0.0,0.0,0.0,2.0,HIGH
Automotive Square,2024-12,2,0,0,0,0,6,2024-12-01,1.0,1.0,7.0,23.0,0.0,27.0,1.9166666666666667,,,,,,0.0,LOW
Automotive Square,2025-04,2,0,0,1,0,6,2025-04-01,2.0,2.0,6.0,24.0,0.0,26.0,2.0,2025-04-01,1.0,1.0,0.0,4.0,4.8,HIGH
Automotive Square,2025-05,1,1,0,4,0,1,2025-05-01,2.0,2.0,5.0,24.0,0.0,26.0,2.0,2025-05-01,2.0,1.0,0.0,5.0,6.0,HIGH
Automotive Square,2025-06,2,1,0,5,0,5,2025-06-01,1.0,1.0,5.0,24.0,0.0,30.0,2.0,2025-06-01,2.0,0.0,0.0,3.0,2.6,HIGH
Automotive Square,2025-07,2,0,0,3,0,6,2025-07-01,2.0,2.0,5.0,23.0,0.0,29.0,1.9166666666666667,2025-07-01,4.0,0.0,0.0,3.0,4.6,HIGH
Automotive Square,2025-08,4,0,0,3,0,9,2025-08-01,2.0,2.0,5.0,23.0,0.0,30.0,1.9166666666666667,2025-08-01,3.0,0.0,0.0,2.0,3.4,HIGH
Automotive Square,2025-09,3,0,0,2,0,4,2025-09-01,4.0,4.0,8.0,25.0,0.0,30.0,2.0833333333333335,2025-09-01,2.0,1.0,0.0,6.0,6.2,HIGH
Automotive Square,2025-10,2,1,0,6,0,7,2025-10-01,3.0,3.0,9.0,26.0,0.0,27.0,2.1666666666666665,,,,,,0.0,LOW
Bardi Chowk,2020-04,1,0,0,1,0,3,2020-04-01,,,,,,,,2020-04-01,1.0,1.0,0.0,5.0,5.0,HIGH
Bardi Chowk,2020-05,1,1,0,5,0,4,2020-05-01,1.0,1.0,,,,,,2020-05-01,2.0,0.0,0.0,2.0,2.4,HIGH
Bardi Chowk,2020-06,2,0,0,2,0,6,2020-06-01,1.0,1.0,,,,,,,,,,,0.0,LOW
Bardi Chowk,2021-03,1,0,0,1,0,1,2021-03-01,2.0,2.0,4.0,,,,,,,,,,0.0,LOW
Bardi Chowk,2021-06,1,0,0,2,0,2,2021-06-01,1.0,1.0,4.0,,,,,,,,,,0.0,LOW
Bardi Chowk,2021-09,1,0,0,0,0,2,2021-09-01,1.0,1.0,4.0,,,,,,,,,,0.0,LOW
Bardi Chowk,2021-11,1,1,0,5,0,2,2021-11-01,1.0,1.0,3.0,,,,,,,,,,0.0,LOW
Bardi Chowk,2022-02,2,0,0,1,0,3,2022-02-01,1.0,1.0,3.0,,,,,2022-02-01,1.0,0.0,0.0,0.0,1.0,MEDIUM
Bardi Chowk,2022-03,1,0,0,0,0,3,2022-03-01,2.0,2.0,4.0,,,,,,,,,,0.0,LOW
Bardi Chowk,2022-08,2,0,0,0,0,7,2022-08-01,1.0,1.0,4.0,,,,,2022-08-01,2.0,1.0,0.0,3.0,5.6,HIGH
Bardi Chowk,2022-09,2,1,0,3,0,8,2022-09-01,2.0,2.0,5.0,,,,,2022-09-01,1.0,1.0,0.0,5.0,5.0,HIGH
Bardi Chowk,2022-10,1,1,0,5,0,4,2022-10-01,2.0,2.0,5.0,,,,,,,,,,0.0,LOW
Bardi Chowk,2023-03,1,0,0,3,0,4,2023-03-01,1.0,1.0,5.0,16.0,0.0,25.0,1.3333333333333333,,,,,,0.0,LOW
Bardi Chowk,2023-05,1,0,0,0,0,3,2023-05-01,1.0,1.0,4.0,16.0,0.0,27.0,1.3333333333333333,2023-05-01,1.0,0.0,0.0,2.0,1.4,HIGH
Bardi Chowk,2023-06,1,0,0,2,0,3,2023-06-01,1.0,1.0,3.0,16.0,0.0,22.0,1.3333333333333333,,,,,,0.0,LOW
Bardi Chowk,2023-08,2,0,0,3,0,6,2023-08-01,1.0,1.0,3.0,15.0,0.0,22.0,1.25,2023-08-01,1.0,0.0,0.0,0.0,1.0,MEDIUM
Bardi Chowk,2023-09,1,0,0,0,0,1,2023-09-01,2.0,2.0,4.0,16.0,0.0,24.0,1.3333333333333333,,,,,,0.0,LOW
Bardi Chowk,2023-11,1,1,0,2,0,4,2023-11-01,1.0,1.0,4.0,16.0,0.0,22.0,1.3333333333333333,2023-11-01,1.0,0.0,0.0,0.0,1.0,MEDIUM
Bardi Chowk,2023-12,1,0,0,0,0,3,2023-12-01,1.0,1.0,4.0,16.0,0.0,24.0,1.3333333333333333,,,,,,0.0,LOW
Bardi Chowk,2024-05,1,1,0,3,0,3,2024-05-01,1.0,1.0,3.0,16.0,0.0,19.0,1.3333333333333333,,,,,,0.0,LOW
Bardi Chowk,2024-08,1,0,0,1,0,4,2024-08-01,1.0,1.0,3.0,15.0,0.0,21.0,1.25,,,,,,0.0,LOW
Bardi Chowk,2024-10,3,2,1,7,2,10,2024-10-01,1.0,1.0,3.0,15.0,0.0,22.0,1.25,2024-10-01,2.0,0.0,0.0,0.0,2.0,HIGH
Bardi Chowk,2024-11,2,0,0,0,0,2,2024-11-01,3.0,3.0,5.0,16.0,1.0,29.0,1.3333333333333333,,,,,,0.0,LOW
Bardi Chowk,2025-01,1,0,0,0,0,2,2025-01-01,2.0,2.0,6.0,16.0,1.0,26.0,1.3333333333333333,,,,,,0.0,LOW
Bardi Chowk,2025-03,1,0,0,2,0,3,2025-03-01,1.0,1.0,6.0,16.0,1.0,21.0,1.3333333333333333,,,,,,0.0,LOW
Bardi Chowk,2025-08,2,0,0,1,0,5,2025-08-01,1.0,1.0,4.0,16.0,1.0,20.0,1.3333333333333333,,,,,,0.0,LOW
Bardi Chowk,2025-10,2,0,0,2,0,7,2025-10-01,2.0,2.0,4.0,17.0,1.0,21.0,1.4166666666666667,2025-10-01,2.0,0.0,0.0,5.0,3.0,HIGH
Bardi Chowk,2025-11,2,0,0,5,0,8,2025-11-01,2.0,2.0,5.0,18.0,1.0,21.0,1.5,,,,,,0.0,LOW
Chhatrapati Square,2020-01,1,0,0,1,0,2,2020-01-01,,,,,,,,,,,,,0.0,LOW
Chhatrapati Square,2020-05,2,0,0,0,0,6,2020-05-01,1.0,1.0,,,,,,2020-05-01,1.0,0.0,0.0,0.0,1.0,MEDIUM
Chhatrapati Square,2020-06,1,0,0,0,0,4,2020-06-01,2.0,2.0,,,,,,,,,,,0.0,LOW
Chhatrapati Square,2020-08,1,1,0,3,0,3,2020-08-01,1.0,1.0,4.0,,,,,,,,,,0.0,LOW
Chhatrapati Square,2020-10,2,1,1,5,1,4,2020-10-01,1.0,1.0,4.0,,,,,2020-10-01,1.0,0.0,0.0,1.0,1.2,MEDIUM
Chhatrapati Square,2020-11,1,0,0,1,0,4,2020-11-01,2.0,2.0,4.0,,,,,,,,,,0.0,LOW
Chhatrapati Square,2021-02,3,2,1,4,1,6,2021-02-01,1.0,1.0,4.0,,,,,2021-02-01,1.0,0.0,0.0,3.0,1.6,HIGH
Chhatrapati Square,2021-03,1,0,0,3,0,2,2021-03-01,3.0,3.0,6.0,,,,,,,,,,0.0,LOW
Chhatrapati Square,2021-05,2,0,0,1,0,7,2021-05-01,1.0,1.0,5.0,,,,,2021-05-01,1.0,0.0,0.0,0.0,1.0,MEDIUM
Chhatrapati Square,2021-06,1,0,0,0,0,2,2021-06-01,2.0,2.0,6.0,,,,,,,,,,0.0,LOW
Chhatrapati Square,2021-10,1,0,0,3,0,4,2021-10-01,1.0,1.0,4.0,,,,,2021-10-01,1.0,0.0,0.0,1.0,1.2,MEDIUM
Chhatrapati Square,2021-11,1,0,0,1,0,2,2021-11-01,1.0,1.0,4.0,,,,,,,,,,0.0,LOW
Chhatrapati Square,2022-01,1,0,0,1,0,4,2022-01-01,1.0,1.0,3.0,17.0,2.0,22.0,1.4166666666666667,,,,,,0.0,LOW
Chhatrapati Square,2022-04,1,0,0,0,0,2,2022-04-01,1.0,1.0,3.0,17.0,2.0,22.0,1.4166666666666667,2022-04-01,2.0,0.0,0.0,3.0,2.6,HIGH
Chhatrapati Square,2022-05,2,0,0,3,0,2,2022-05-01,1.0,1.0,3.0,16.0,2.0,22.0,1.3333333333333333,2022-05-01,1.0,0.0,0.0,0.0,1.0,MEDIUM
Chhatrapati Square,2022-06,1,0,0,0,0,4,2022-06-01,2.0,2.0,4.0,17.0,2.0,25.0,1.4166666666666667,,,,,,0.0,LOW
Chhatrapati Square,2022-08,3,3,0,12,0,7,2022-08-01,1.0,1.0,4.0,17.0,2.0,22.0,1.4166666666666667,,,,,,0.0,LOW
Chhatrapati Square,2022-12,1,0,0,1,0,2,2022-12-01,3.0,3.0,6.0,18.0,1.0,29.0,1.5,2022-12-01,1.0,0.0,0.0,0.0,1.0,MEDIUM
Chhatrapati Square,2023-01,1,0,0,0,0,2,2023-01-01,1.0,1.0,5.0,18.0,1.0,29.0,1.5,,,,,,0.0,LOW
Chhatrapati Square,2023-03,4,0,0,3,0,11,2023-03-01,1.0,1.0,5.0,16.0,0.0,25.0,1.3333333333333333,2023-03-01,1.0,1.0,0.0,4.0,4.8,HIGH
Chhatrapati Square,2023-04,1,1,0,4,0,3,2023-04-01,4.0,4.0,6.0,19.0,0.0,25.0,1.5833333333333333,,,,,,0.0,LOW
Chhatrapati Square,2023-06,1,0,0,1,0,4,2023-06-01,1.0,1.0,6.0,18.0,0.0,28.0,1.5,2023-06-01,1.0,0.0,0.0,1.0,1.2,MEDIUM
Chhatrapati Square,2023-07,1,0,0,1,0,4,2023-07-01,1.0,1.0,6.0,18.0,0.0,29.0,1.5,2023-07-01,1.0,0.0,0.0,0.0,1.0,MEDIUM
Chhatrapati Square,2023-08,1,0,0,0,0,4,2023-08-01,1.0,1.0,3.0,18.0,0.0,27.0,1.5,2023-08-01,1.0,0.0,0.0,2.0,1.4,HIGH
Chhatrapati Square,2023-09,1,0,0,2,0,2,2023-09-01,1.0,1.0,3.0,18.0,0.0,26.0,1.5,,,,,,0.0,LOW
Chhatrapati Square,2023-12,3,0,0,3,0,10,2023-12-01,1.0,1.0,3.0,18.0,0.0,27.0,1.5,,,,,,0.0,LOW
Chhatrapati Square,2024-02,1,0,0,0,0,3,2024-02-01,3.0,3.0,5.0,20.0,0.0,30.0,1.6666666666666667,2024-02-01,2.0,0.0,0.0,4.0,2.8,HIGH
Chhatrapati Square,2024-03,2,0,0,4,0,5,2024-03-01,1.0,1.0,5.0,19.0,0.0,27.0,1.5833333333333333,2024-03-01,2.0,0.0,0.0,4.0,2.8,HIGH
Chhatrapati Square,2024-04,2,0,0,4,0,3,2024-04-01,2.0,2.0,6.0,20.0,0.0,31.0,1.6666666666666667,,,,,,0.0,LOW
Chhatrapati Square,2024-06,2,0,0,1,0,5,2024-06-01,2.0,2.0,5.0,19.0,0.0,23.0,1.5833333333333333,,,,,,0.0,LOW
Chhatrapati Square,2024-08,1,0,0,0,0,2,2024-08-01,2.0,2.0,6.0,20.0,0.0,23.0,1.6666666666666667,,,,,,0.0,LOW
Chhatrapati Square,2024-11,2,0,0,3,0,4,2024-11-01,1.0,1.0,5.0,20.0,0.0,23.0,1.6666666666666667,2024-11-01,1.0,0.0,0.0,0.0,1.0,MEDIUM
Chhatrapati Square,2024-12,1,0,0,0,0,4,2024-12-01,2.0,2.0,5.0,18.0,0.0,23.0,1.5,2024-12-01,1.0,0.0,0.0,1.0,1.2,MEDIUM
Chhatrapati Square,2025-01,1,0,0,1,0,4,2025-01-01,1.0,1.0,4.0,18.0,0.0,19.0,1.5,,,,,,0.0,LOW
Chhatrapati Square,2025-04,2,2,0,5,0,4,2025-04-01,1.0,1.0,4.0,18.0,0.0,19.0,1.5,2025-04-01,6.0,1.0,0.0,8.0,10.6,HIGH
Chhatrapati Square,2025-05,6,1,0,8,0,15,2025-05-01,2.0,2.0,4.0,19.0,0.0,23.0,1.5833333333333333,2025-05-01,1.0,0.0,0.0,1.0,1.2,MEDIUM
Chhatrapati Square,2025-06,1,0,0,1,0,4,2025-06-01,6.0,6.0,9.0,24.0,0.0,31.0,2.0,2025-06-01,2.0,1.0,0.0,6.0,6.2,HIGH
Chhatrapati Square,2025-07,2,1,0,6,0,4,2025-07-01,1.0,1.0,9.0,24.0,0.0,30.0,2.0,2025-07-01,4.0,0.0,0.0,3.0,4.6,HIGH
Chhatrapati Square,2025-08,4,0,0,3,0,9,2025-08-01,2.0,2.0,9.0,23.0,0.0,33.0,1.9166666666666667,2025-08-01,1.0,0.0,0.0,0.0,1.0,MEDIUM
Chhatrapati Square,2025-09,1,0,0,0,0,1,2025-09-01,4.0,4.0,7.0,26.0,0.0,36.0,2.1666666666666665,2025-09-01,3.0,0.0,0.0,2.0,3.4,HIGH
Chhatrapati Square,2025-10,3,0,0,2,0,8,2025-10-01,1.0,1.0,7.0,25.0,0.0,32.0,2.0833333333333335,2025-10-01,4.0,0.0,0.0,4.0,4.8,HIGH
Chhatrapati Square,2025-11,4,0,0,4,0,10,2025-11-01,3.0,3.0,8.0,26.0,0.0,30.0,2.1666666666666665,,,,,,0.0,LOW
Cotton Market Chowk,2020-03,1,0,0,1,0,3,2020-03-01,,,,,,,,,,,,,0.0,LOW
Cotton Market Chowk,2020-09,1,1,0,4,0,1,2020-09-01,1.0,1.0,,,,,,,,,,,0.0,LOW
Cotton Market Chowk,2020-11,2,0,0,1,0,8,2020-11-01,1.0,1.0,,,,,,2020-11-01,1.0,0.0,0.0,3.0,1.6,HIGH
Cotton Market Chowk,2020-12,1,0,0,3,0,3,2020-12-01,2.0,2.0,4.0,,,,,2020-12-01,1.0,0.0,0.0,1.0,1.2,MEDIUM
Cotton Market Chowk,2021-01,1,0,0,1,0,3,2021-01-01,1.0,1.0,4.0,,,,,2021-01-01,1.0,1.0,0.0,5.0,5.0,HIGH
Cotton Market Chowk,2021-02,1,1,0,5,0,2,2021-02-01,1.0,1.0,4.0,,,,,,,,,,0.0,LOW
Cotton Market Chowk,2021-07,1,0,0,1,0,4,2021-07-01,1.0,1.0,3.0,,,,,2021-07-01,2.0,0.0,0.0,2.0,2.4,HIGH
Cotton Market Chowk,2021-08,2,0,0,2,0,5,2021-08-01,1.0,1.0,3.0,,,,,2021-08-01,1.0,0.0,0.0,0.0,1.0,MEDIUM
Cotton Market Chowk,2021-09,1,0,0,0,0,3,2021-09-01,2.0,2.0,4.0,,,,,2021-09-01,1.0,0.0,0.0,3.0,1.6,HIGH
Cotton Market Chowk,2021-10,1,0,0,3,0,2,2021-10-01,1.0,1.0,4.0,,,,,,,,,,0.0,LOW
Cotton Market Chowk,2022-03,1,1,1,3,1,2,2022-03-01,1.0,1.0,4.0,,,,,,,,,,0.0,LOW
Cotton Market Chowk,2022-10,2,1,0,2,0,4,2022-10-01,1.0,1.0,3.0,,,,,2022-10-01,1.0,0.0,0.0,1.0,1.2,MEDIUM
Cotton Market Chowk,2022-11,1,0,0,1,0,4,2022-11-01,2.0,2.0,4.0,15.0,1.0,26.0,1.25,,,,,,0.0,LOW
Cotton Market Chowk,2023-01,2,1,1,4,2,6,2023-01-01,1.0,1.0,4.0,15.0,1.0,26.0,1.25,2023-01-01,1.0,0.0,0.0,0.0,1.0,MEDIUM
Cotton Market Chowk,2023-02,1,0,0,0,0,1,2023-02-01,2.0,2.0,5.0,16.0,2.0,26.0,1.3333333333333333,,,,,,0.0,LOW
Cotton Market Chowk,2023-07,2,0,0,3,0,5,2023-07-01,1.0,1.0,4.0,15.0,2.0,25.0,1.25,,,,,,0.0,LOW
Cotton Market Chowk,2023-09,1,0,0,3,0,3,2023-09-01,2.0,2.0,5.0,16.0,2.0,25.0,1.3333333333333333,2023-09-01,1.0,0.0,0.0,2.0,1.4,HIGH
Cotton Market Chowk,2023-10,1,0,0,2,0,3,2023-10-01,1.0,1.0,4.0,16.0,2.0,27.0,1.3333333333333333,2023-10-01,2.0,0.0,0.0,1.0,2.2,HIGH
Cotton Market Chowk,2023-11,2,0,0,1,0,6,2023-11-01,1.0,1.0,4.0,16.0,2.0,24.0,1.3333333333333333,,,,,,0.0,LOW
Cotton Market Chowk,2024-01,2,1,0,5,0,6,2024-01-01,2.0,2.0,4.0,17.0,2.0,24.0,1.4166666666666667,2024-01-01,1.0,0.0,0.0,3.0,1.6,HIGH
Cotton Market Chowk,2024-02,1,0,0,3,0,2,2024-02-01,2.0,2.0,5.0,17.0,2.0,27.0,1.4166666666666667,2024-02-01,1.0,1.0,0.0,2.0,4.4,HIGH
Cotton Market Chowk,2024-03,1,1,0,2,0,1,2024-03-01,1.0,1.0,5.0,17.0,2.0,30.0,1.4166666666666667,2024-03-01,1.0,0.0,0.0,1.0,1.2,MEDIUM
Cotton Market Chowk,2024-04,1,0,0,1,0,2,2024-04-01,1.0,1.0,4.0,17.0,2.0,29.0,1.4166666666666667,2024-04-01,3.0,2.0,0.0,8.0,10.6,HIGH
Cotton Market Chowk,2024-05,3,2,0,8,0,7,2024-05-01,1.0,1.0,3.0,17.0,1.0,27.0,1.4166666666666667,,,,,,0.0,LOW
Cotton Market Chowk,2024-07,1,0,0,1,0,1,2024-07-01,3.0,3.0,5.0,18.0,1.0,33.0,1.5,2024-07-01,1.0,0.0,0.0,1.0,1.2,MEDIUM
Cotton Market Chowk,2024-08,1,0,0,1,0,3,2024-08-01,1.0,1.0,5.0,18.0,1.0,33.0,1.5,,,,,,0.0,LOW
Cotton Market Chowk,2024-11,1,0,0,2,0,2,2024-11-01,1.0,1.0,5.0,17.0,0.0,30.0,1.4166666666666667,2024-11-01,1.0,1.0,0.0,3.0,4.6,HIGH
Cotton Market Chowk,2024-12,1,1,0,3,0,1,2024-12-01,1.0,1.0,3.0,17.0,0.0,32.0,1.4166666666666667,,,,,,0.0,LOW
Cotton Market Chowk,2025-02,1,0,0,3,0,1,2025-02-01,1.0,1.0,3.0,16.0,0.0,32.0,1.3333333333333333,2025-02-01,1.0,0.0,0.0,0.0,1.0,MEDIUM
Cotton Market Chowk,2025-03,1,0,0,0,0,4,2025-03-01,1.0,1.0,3.0,16.0,0.0,32.0,1.3333333333333333,,,,,,0.0,LOW
Cotton Market Chowk,2025-06,1,0,0,1,0,2,2025-06-01,1.0,1.0,3.0,16.0,0.0,30.0,1.3333333333333333,,,,,,0.0,LOW
Cotton Market Chowk,2025-09,1,0,0,2,0,3,2025-09-01,1.0,1.0,3.0,15.0,0.0,30.0,1.25,2025-09-01,1.0,0.0,0.0,0.0,1.0,MEDIUM
Cotton Market Chowk,2025-10,1,0,0,0,0,1,2025-10-01,1.0,1.0,3.0,14.0,0.0,27.0,1.1666666666666667,2025-10-01,1.0,0.0,0.0,0.0,1.0,MEDIUM
Cotton Market Chowk,2025-11,1,0,0,0,0,1,2025-11-01,1.0,1.0,3.0,14.0,0.0,24.0,1.1666666666666667,,,,,,0.0,LOW
Dighori Chowk,2020-11,1,0,0,3,0,2,2020-11-01,,,,,,,,2020-11-01,1.0,1.0,1.0,1.0,9.2,HIGH
Dighori Chowk,2020-12,1,1,1,1,2,4,2020-12-01,1.0,1.0,,,,,,2020-12-01,1.0,0.0,0.0,1.0,1.2,MEDIUM
Dighori Chowk,2021-01,1,0,0,1,0,1,2021-01-01,1.0,1.0,,,,,,2021-01-01,1.0,0.0,0.0,1.0,1.2,MEDIUM
Dighori Chowk,2021-02,1,0,0,1,0,3,2021-02-01,1.0,1.0,3.0,,,,,,,,,,0.0,LOW
Dighori Chowk,2021-09,1,0,0,3,0,2,2021-09-01,1.0,1.0,3.0,,,,,,,,,,0.0,LOW
Dighori Chowk,2021-11,2,0,0,1,0,8,2021-11-01,1.0,1.0,3.0,,,,,,,,,,0.0,LOW
Dighori Chowk,2022-02,1,0,0,0,0,2,2022-02-01,2.0,2.0,4.0,,,,,2022-02-01,1.0,0.0,0.0,0.0,1.0,MEDIUM
Dighori Chowk,2022-03,1,0,0,0,0,1,2022-03-01,1.0,1.0,4.0,,,,,2022-03-01,1.0,0.0,0.0,0.0,1.0,MEDIUM
Dighori Chowk,2022-04,1,0,0,0,0,4,2022-04-01,1.0,1.0,4.0,,,,,,,,,,0.0,LOW
Dighori Chowk,2022-09,3,1,0,8,0,6,2022-09-01,1.0,1.0,3.0,,,,,2022-09-01,2.0,0.0,0.0,0.0,2.0,HIGH
Dighori Chowk,2022-10,2,0,0,0,0,5,2022-10-01,3.0,3.0,5.0,,,,,2022-10-01,1.0,1.0,0.0,4.0,4.8,HIGH
Dighori Chowk,2022-11,1,1,0,4,0,4,2022-11-01,2.0,2.0,6.0,,,,,,,,,,0.0,LOW
Dighori Chowk,2023-01,1,1,1,4,2,2,2023-01-01,1.0,1.0,6.0,16.0,1.0,22.0,1.3333333333333333,,,,,,0.0,LOW
Dighori Chowk,2023-03,2,0,0,2,0,5,2023-03-01,1.0,1.0,4.0,16.0,2.0,23.0,1.3333333333333333,,,,,,0.0,LOW
Dighori Chowk,2023-09,2,0,0,3,0,3,2023-09-01,2.0,2.0,4.0,17.0,1.0,24.0,1.4166666666666667,2023-09-01,1.0,0.0,0.0,1.0,1.2,MEDIUM
Dighori Chowk,2023-10,1,0,0,1,0,1,2023-10-01,2.0,2.0,5.0,18.0,1.0,26.0,1.5,,,,,,0.0,LOW
Dighori Chowk,2024-01,1,1,0,4,0,2,2024-01-01,1.0,1.0,5.0,18.0,1.0,26.0,1.5,,,,,,0.0,LOW
Dighori Chowk,2024-03,1,0,0,0,0,4,2024-03-01,1.0,1.0,4.0,18.0,1.0,27.0,1.5,2024-03-01,1.0,0.0,0.0,0.0,1.0,MEDIUM
Dighori Chowk,2024-04,1,0,0,0,0,4,2024-04-01,1.0,1.0,3.0,17.0,1.0,26.0,1.4166666666666667,2024-04-01,1.0,0.0,0.0,1.0,1.2,MEDIUM
Dighori Chowk,2024-05,1,0,0,1,0,1,2024-05-01,1.0,1.0,3.0,17.0,1.0,26.0,1.4166666666666667,,,,,,0.0,LOW
Dighori Chowk,2024-07,1,0,0,0,0,4,2024-07-01,1.0,1.0,3.0,17.0,1.0,27.0,1.4166666666666667,,,,,,0.0,LOW
Dighori Chowk,2024-11,2,0,0,4,0,7,2024-11-01,1.0,1.0,3.0,17.0,1.0,27.0,1.4166666666666667,,,,,,0.0,LOW
Dighori Chowk,2025-01,1,0,0,0,0,2,2025-01-01,2.0,2.0,4.0,16.0,1.0,23.0,1.3333333333333333,,,,,,0.0,LOW
Dighori Chowk,2025-03,1,0,0,0,0,4,2025-03-01,1.0,1.0,4.0,15.0,1.0,23.0,1.25,,,,,,0.0,LOW
Dighori Chowk,2025-05,4,1,0,9,0,11,2025-05-01,1.0,1.0,4.0,15.0,1.0,19.0,1.25,,,,,,0.0,LOW
Dighori Chowk,2025-07,1,0,0,1,0,3,2025-07-01,4.0,4.0,6.0,18.0,0.0,24.0,1.5,2025-07-01,1.0,0.0,0.0,1.0,1.2,MEDIUM
Dighori Chowk,2025-08,1,0,0,1,0,4,2025-08-01,1.0,1.0,6.0,17.0,0.0,23.0,1.4166666666666667,2025-08-01,2.0,0.0,0.0,4.0,2.8,HIGH
Dighori Chowk,2025-09,2,0,0,4,0,3,2025-09-01,1.0,1.0,6.0,16.0,0.0,21.0,1.3333333333333333,,,,,,0.0,LOW
Dighori Chowk,2025-12,2,0,0,0,0,6,2025-12-01,2.0,2.0,4.0,17.0,0.0,24.0,1.4166666666666667,,,,,,0.0,LOW
Gaddi Godam Chowk,2020-01,1,1,0,5,0,4,2020-01-01,,,,,,,,,,,,,0.0,LOW
Gaddi Godam Chowk,2020-03,1,0,0,2,0,1,2020-03-01,1.0,1.0,,,,,,,,,,,0.0,LOW
Gaddi Godam Chowk,2020-06,1,1,0,5,0,2,2020-06-01,1.0,1.0,,,,,,2020-06-01,1.0,0.0,0.0,0.0,1.0,MEDIUM
Gaddi Godam Chowk,2020-07,1,0,0,0,0,4,2020-07-01,1.0,1.0,3.0,,,,,,,,,,0.0,LOW
Gaddi Godam Chowk,2020-09,1,0,0,0,0,4,2020-09-01,1.0,1.0,3.0,,,,,,,,,,0.0,LOW
Gaddi Godam Chowk,2021-03,1,0,0,1,0,2,2021-03-01,1.0,1.0,3.0,,,,,,,,,,0.0,LOW
Gaddi Godam Chowk,2021-08,2,0,0,2,0,6,2021-08-01,1.0,1.0,3.0,,,,,,,,,,0.0,LOW
Gaddi Godam Chowk,2021-11,1,0,0,1,0,1,2021-11-01,2.0,2.0,4.0,,,,,2021-11-01,1.0,0.0,0.0,0.0,1.0,MEDIUM
Gaddi Godam Chowk,2021-12,1,0,0,0,0,4,2021-12-01,1.0,1.0,4.0,,,,,2021-12-01,1.0,0.0,0.0,0.0,1.0,MEDIUM
Gaddi Godam Chowk,2022-01,1,0,0,0,0,4,2022-01-01,1.0,1.0,4.0,,,,,2022-01-01,1.0,0.0,0.0,1.0,1.2,MEDIUM
Gaddi Godam Chowk,2022-02,1,0,0,1,0,2,2022-02-01,1.0,1.0,3.0,,,,,2022-02-01,1.0,0.0,0.0,0.0,1.0,MEDIUM
Gaddi Godam Chowk,2022-03,1,0,0,0,0,3,2022-03-01,1.0,1.0,3.0,,,,,,,,,,0.0,LOW
Gaddi Godam Chowk,2022-10,2,1,0,5,0,7,2022-10-01,1.0,1.0,3.0,13.0,0.0,17.0,1.0833333333333333,,,,,,0.0,LOW
Gaddi Godam Chowk,2023-03,1,1,1,2,2,4,2023-03-01,2.0,2.0,4.0,14.0,0.0,17.0,1.1666666666666667,,,,,,0.0,LOW
Gaddi Godam Chowk,2023-09,1,1,0,4,0,3,2023-09-01,1.0,1.0,4.0,14.0,1.0,17.0,1.1666666666666667,,,,,,0.0,LOW
Gaddi Godam Chowk,2023-11,1,0,0,0,0,3,2023-11-01,1.0,1.0,4.0,14.0,1.0,16.0,1.1666666666666667,2023-11-01,1.0,1.0,0.0,3.0,4.6,HIGH
Gaddi Godam Chowk,2023-12,1,1,0,3,0,3,2023-12-01,1.0,1.0,3.0,14.0,1.0,16.0,1.1666666666666667,,,,,,0.0,LOW
Gaddi Godam Chowk,2024-02,2,0,0,3,0,7,2024-02-01,1.0,1.0,3.0,14.0,1.0,19.0,1.1666666666666667,2024-02-01,1.0,0.0,0.0,1.0,1.2,MEDIUM
Gaddi Godam Chowk,2024-03,1,0,0,1,0,3,2024-03-01,2.0,2.0,4.0,15.0,1.0,21.0,1.25,2024-03-01,1.0,0.0,0.0,3.0,1.6,HIGH
Gaddi Godam Chowk,2024-04,1,0,0,3,0,3,2024-04-01,1.0,1.0,4.0,14.0,1.0,20.0,1.1666666666666667,2024-04-01,1.0,1.0,0.0,3.0,4.6,HIGH
Gaddi Godam Chowk,2024-05,1,1,0,3,0,2,2024-05-01,1.0,1.0,4.0,14.0,1.0,22.0,1.1666666666666667,,,,,,0.0,LOW
Gaddi Godam Chowk,2024-08,1,1,0,2,0,1,2024-08-01,1.0,1.0,3.0,14.0,1.0,25.0,1.1666666666666667,,,,,,0.0,LOW
Gaddi Godam Chowk,2024-10,1,0,0,2,0,1,2024-10-01,1.0,1.0,3.0,14.0,1.0,27.0,1.1666666666666667,2024-10-01,1.0,0.0,0.0,1.0,1.2,MEDIUM
Gaddi Godam Chowk,2024-11,1,0,0,1,0,2,2024-11-01,1.0,1.0,3.0,14.0,1.0,28.0,1.1666666666666667,2024-11-01,2.0,1.0,0.0,5.0,6.0,HIGH
Gaddi Godam Chowk,2024-12,2,1,0,5,0,4,2024-12-01,1.0,1.0,3.0,14.0,1.0,29.0,1.1666666666666667,,,,,,0.0,LOW
Gaddi Godam Chowk,2025-04,1,0,0,1,0,4,2025-04-01,2.0,2.0,4.0,14.0,1.0,29.0,1.1666666666666667,2025-04-01,1.0,0.0,0.0,3.0,1.6,HIGH
Gaddi Godam Chowk,2025-05,1,0,0,3,0,3,2025-05-01,1.0,1.0,4.0,14.0,0.0,28.0,1.1666666666666667,,,,,,0.0,LOW
Gaddi Godam Chowk,2025-07,1,0,0,3,0,3,2025-07-01,1.0,1.0,4.0,14.0,0.0,27.0,1.1666666666666667,,,,,,0.0,LOW
Gaddi Godam Chowk,2025-09,3,0,0,2,0,10,2025-09-01,1.0,1.0,3.0,14.0,0.0,30.0,1.1666666666666667,,,,,,0.0,LOW
Golibar Chowk,2020-05,1,1,0,2,0,1,2020-05-01,,,,,,,,2020-05-01,1.0,0.0,0.0,1.0,1.2,MEDIUM
Golibar Chowk,2020-06,1,0,0,1,0,1,2020-06-01,1.0,1.0,,,,,,,,,,,0.0,LOW
Golibar Chowk,2021-01,1,0,0,0,0,2,2021-01-01,1.0,1.0,,,,,,,,,,,0.0,LOW
Golibar Chowk,2021-06,1,0,0,0,0,2,2021-06-01,1.0,1.0,3.0,,,,,,,,,,0.0,LOW
Golibar Chowk,2021-08,1,0,0,3,0,4,2021-08-01,1.0,1.0,3.0,,,,,2021-08-01,1.0,0.0,0.0,1.0,1.2,MEDIUM
Golibar Chowk,2021-09,1,0,0,1,0,1,2021-09-01,1.0,1.0,3.0,,,,,,,,,,0.0,LOW
Golibar Chowk,2021-11,1,0,0,1,0,1,2021-11-01,1.0,1.0,3.0,,,,,,,,,,0.0,LOW
Golibar Chowk,2022-01,1,0,0,2,0,3,2022-01-01,1.0,1.0,3.0,,,,,2022-01-01,2.0,0.0,0.0,0.0,2.0,HIGH
Golibar Chowk,2022-02,2,0,0,0,0,6,2022-02-01,1.0,1.0,3.0,,,,,,,,,,0.0,LOW
Golibar Chowk,2022-06,1,0,0,2,0,1,2022-06-01,2.0,2.0,4.0,,,,,2022-06-01,3.0,0.0,0.0,2.0,3.4,HIGH
Golibar Chowk,2022-07,3,0,0,2,0,8,2022-07-01,1.0,1.0,4.0,,,,,2022-07-01,1.0,0.0,0.0,1.0,1.2,MEDIUM
Golibar Chowk,2022-08,1,0,0,1,0,1,2022-08-01,3.0,3.0,6.0,,,,,,,,,,0.0,LOW
Golibar Chowk,2022-12,1,0,0,1,0,3,2022-12-01,1.0,1.0,5.0,15.0,0.0,15.0,1.25,2022-12-01,2.0,0.0,0.0,4.0,2.8,HIGH
Golibar Chowk,2023-01,2,0,0,4,0,5,2023-01-01,1.0,1.0,5.0,15.0,0.0,14.0,1.25,,,,,,0.0,LOW
Golibar Chowk,2023-06,1,0,0,3,0,2,2023-06-01,2.0,2.0,4.0,16.0,0.0,17.0,1.3333333333333333,2023-06-01,1.0,0.0,0.0,1.0,1.2,MEDIUM
Golibar Chowk,2023-07,1,0,0,1,0,3,2023-07-01,1.0,1.0,4.0,16.0,0.0,20.0,1.3333333333333333,,,,,,0.0,LOW
Golibar Chowk,2023-09,1,0,0,0,0,2,2023-09-01,1.0,1.0,4.0,16.0,0.0,21.0,1.3333333333333333,,,,,,0.0,LOW
Golibar Chowk,2024-06,2,1,1,2,2,7,2024-06-01,1.0,1.0,3.0,16.0,0.0,18.0,1.3333333333333333,2024-06-01,1.0,0.0,0.0,1.0,1.2,MEDIUM
Golibar Chowk,2024-07,1,0,0,1,0,2,2024-07-01,2.0,2.0,4.0,17.0,1.0,19.0,1.4166666666666667,,,,,,0.0,LOW
Golibar Chowk,2024-10,2,2,0,6,0,2,2024-10-01,1.0,1.0,4.0,17.0,1.0,19.0,1.4166666666666667,,,,,,0.0,LOW
Golibar Chowk,2024-12,1,0,0,1,0,4,2024-12-01,2.0,2.0,5.0,18.0,1.0,23.0,1.5,2024-12-01,1.0,0.0,0.0,1.0,1.2,MEDIUM
Golibar Chowk,2025-01,1,0,0,1,0,2,2025-01-01,1.0,1.0,4.0,17.0,1.0,24.0,1.4166666666666667,,,,,,0.0,LOW
Golibar Chowk,2025-06,2,2,1,7,2,4,2025-06-01,1.0,1.0,4.0,17.0,1.0,23.0,1.4166666666666667,2025-06-01,1.0,1.0,0.0,2.0,4.4,HIGH
Golibar Chowk,2025-07,1,1,0,2,0,3,2025-07-01,2.0,2.0,4.0,16.0,2.0,28.0,1.3333333333333333,,,,,,0.0,LOW
Golibar Chowk,2025-11,1,1,1,3,1,1,2025-11-01,1.0,1.0,4.0,16.0,2.0,29.0,1.3333333333333333,2025-11-01,2.0,0.0,0.0,2.0,2.4,HIGH
Golibar Chowk,2025-12,2,0,0,2,0,7,2025-12-01,1.0,1.0,4.0,16.0,3.0,31.0,1.3333333333333333,,,,,,0.0,LOW
Hingna Chowk,2020-03,1,0,0,1,0,2,2020-03-01,,,,,,,,,,,,,0.0,LOW
Hingna Chowk,2020-07,2,0,0,1,0,5,2020-07-01,1.0,1.0,,,,,,,,,,,0.0,LOW
Hingna Chowk,2020-12,1,0,0,1,0,3,2020-12-01,2.0,2.0,,,,,,,,,,,0.0,LOW
Hingna Chowk,2021-05,1,0,0,1,0,3,2021-05-01,1.0,1.0,4.0,,,,,,,,,,0.0,LOW
Hingna Chowk,2021-09,1,0,0,3,0,2,2021-09-01,1.0,1.0,4.0,,,,,,,,,,0.0,LOW
Hingna Chowk,2022-04,2,0,0,1,0,5,2022-04-01,1.0,1.0,3.0,,,,,,,,,,0.0,LOW
Hingna Chowk,2022-06,1,0,0,1,0,3,2022-06-01,2.0,2.0,4.0,,,,,,,,,,0.0,LOW
Hingna Chowk,2022-10,1,0,0,1,0,4,2022-10-01,1.0,1.0,4.0,,,,,,,,,,0.0,LOW
Hingna Chowk,2023-03,2,0,0,2,0,5,2023-03-01,1.0,1.0,4.0,,,,,2023-03-01,1.0,1.0,0.0,3.0,4.6,HIGH
Hingna Chowk,2023-04,1,1,0,3,0,1,2023-04-01,2.0,2.0,4.0,,,,,,,,,,0.0,LOW
Hingna Chowk,2023-07,2,0,0,4,0,6,2023-07-01,1.0,1.0,4.0,,,,,,,,,,0.0,LOW
Hingna Chowk,2023-10,2,0,0,1,0,2,2023-10-01,2.0,2.0,5.0,,,,,,,,,,0.0,LOW
Hingna Chowk,2023-12,1,0,0,1,0,2,2023-12-01,2.0,2.0,5.0,17.0,0.0,20.0,1.4166666666666667,,,,,,0.0,LOW
Hingna Chowk,2024-03,1,0,0,1,0,4,2024-03-01,1.0,1.0,5.0,17.0,0.0,20.0,1.4166666666666667,,,,,,0.0,LOW
Hingna Chowk,2024-05,2,0,0,0,0,8,2024-05-01,1.0,1.0,4.0,16.0,0.0,20.0,1.3333333333333333,2024-05-01,2.0,1.0,0.0,5.0,6.0,HIGH
Hingna Chowk,2024-06,2,1,0,5,0,7,2024-06-01,2.0,2.0,4.0,17.0,0.0,19.0,1.4166666666666667,2024-06-01,1.0,0.0,0.0,0.0,1.0,MEDIUM
Hingna Chowk,2024-07,1,0,0,0,0,1,2024-07-01,2.0,2.0,5.0,18.0,0.0,23.0,1.5,2024-07-01,2.0,0.0,0.0,4.0,2.8,HIGH
Hingna Chowk,2024-08,2,0,0,4,0,7,2024-08-01,1.0,1.0,5.0,18.0,0.0,20.0,1.5,2024-08-01,1.0,1.0,0.0,5.0,5.0,HIGH
Hingna Chowk,2024-09,1,1,0,5,0,2,2024-09-01,2.0,2.0,5.0,18.0,0.0,23.0,1.5,,,,,,0.0,LOW
Hingna Chowk,2024-12,1,0,0,0,0,2,2024-12-01,1.0,1.0,4.0,18.0,0.0,27.0,1.5,,,,,,0.0,LOW
Hingna Chowk,2025-02,2,0,0,4,0,7,2025-02-01,1.0,1.0,4.0,18.0,0.0,26.0,1.5,,,,,,0.0,LOW
Hingna Chowk,2025-05,2,0,0,3,0,4,2025-05-01,2.0,2.0,4.0,18.0,0.0,28.0,1.5,,,,,,0.0,LOW
Hingna Chowk,2025-09,1,0,0,1,0,4,2025-09-01,2.0,2.0,5.0,19.0,0.0,28.0,1.5833333333333333,,,,,,0.0,LOW
Hingna Chowk,2025-12,3,1,0,4,0,6,2025-12-01,1.0,1.0,5.0,18.0,0.0,25.0,1.5,,,,,,0.0,LOW
Indora Chowk,2020-01,1,1,0,3,0,1,2020-01-01,,,,,,,,2020-01-01,1.0,1.0,1.0,2.0,9.4,HIGH
Indora Chowk,2020-02,1,1,1,2,1,1,2020-02-01,1.0,1.0,,,,,,2020-02-01,1.0,0.0,0.0,1.0,1.2,MEDIUM
Indora Chowk,2020-03,1,0,0,1,0,1,2020-03-01,1.0,1.0,,,,,,,,,,,0.0,LOW
Indora Chowk,2020-06,1,0,0,3,0,2,2020-06-01,1.0,1.0,3.0,,,,,,,,,,0.0,LOW
Indora Chowk,2020-11,1,0,0,0,0,4,2020-11-01,1.0,1.0,3.0,,,,,2020-11-01,2.0,0.0,0.0,2.0,2.4,HIGH
Indora Chowk,2020-12,2,0,0,2,0,5,2020-12-01,1.0,1.0,3.0,,,,,,,,,,0.0,LOW
Indora Chowk,2021-02,1,0,0,1,0,2,2021-02-01,2.0,2.0,4.0,,,,,,,,,,0.0,LOW
Indora Chowk,2021-06,2,0,0,0,0,5,2021-06-01,1.0,1.0,4.0,,,,,2021-06-01,1.0,1.0,0.0,4.0,4.8,HIGH
Indora Chowk,2021-07,1,1,0,4,0,4,2021-07-01,2.0,2.0,5.0,,,,,,,,,,0.0,LOW
Indora Chowk,2022-03,1,0,0,1,0,3,2022-03-01,1.0,1.0,4.0,,,,,,,,,,0.0,LOW
Indora Chowk,2022-08,1,0,0,0,0,1,2022-08-01,1.0,1.0,4.0,,,,,2022-08-01,1.0,0.0,0.0,0.0,1.0,MEDIUM
Indora Chowk,2022-09,1,0,0,0,0,2,2022-09-01,1.0,1.0,3.0,,,,,,,,,,0.0,LOW
Indora Chowk,2022-11,1,0,0,1,0,2,2022-11-01,1.0,1.0,3.0,14.0,1.0,17.0,1.1666666666666667,,,,,,0.0,LOW
Indora Chowk,2023-02,1,1,0,3,0,4,2023-02-01,1.0,1.0,3.0,14.0,1.0,15.0,1.1666666666666667,,,,,,0.0,LOW
Indora Chowk,2023-04,2,1,0,7,0,6,2023-04-01,1.0,1.0,3.0,14.0,0.0,16.0,1.1666666666666667,2023-04-01,2.0,1.0,0.0,6.0,6.2,HIGH
Indora Chowk,2023-05,2,1,0,6,0,7,2023-05-01,2.0,2.0,4.0,15.0,0.0,22.0,1.25,2023-05-01,1.0,0.0,0.0,0.0,1.0,MEDIUM
Indora Chowk,2023-06,1,0,0,0,0,1,2023-06-01,2.0,2.0,5.0,16.0,0.0,25.0,1.3333333333333333,,,,,,0.0,LOW
Indora Chowk,2023-08,1,0,0,2,0,1,2023-08-01,1.0,1.0,5.0,16.0,0.0,25.0,1.3333333333333333,,,,,,0.0,LOW
Indora Chowk,2023-10,2,0,0,3,0,2,2023-10-01,1.0,1.0,4.0,15.0,0.0,25.0,1.25,2023-10-01,1.0,0.0,0.0,0.0,1.0,MEDIUM
Indora Chowk,2023-11,1,0,0,0,0,4,2023-11-01,2.0,2.0,4.0,16.0,0.0,27.0,1.3333333333333333,2023-11-01,1.0,0.0,0.0,1.0,1.2,MEDIUM
Indora Chowk,2023-12,1,0,0,1,0,1,2023-12-01,1.0,1.0,4.0,15.0,0.0,27.0,1.25,,,,,,0.0,LOW
Indora Chowk,2024-02,1,0,0,0,0,1,2024-02-01,1.0,1.0,4.0,15.0,0.0,24.0,1.25,2024-02-01,3.0,1.0,0.0,5.0,7.0,HIGH
Indora Chowk,2024-03,3,1,0,5,0,5,2024-03-01,1.0,1.0,3.0,15.0,0.0,23.0,1.25,,,,,,0.0,LOW
Indora Chowk,2024-06,3,0,0,6,0,12,2024-06-01,3.0,3.0,5.0,17.0,0.0,28.0,1.4166666666666667,2024-06-01,1.0,0.0,0.0,1.0,1.2,MEDIUM
Indora Chowk,2024-07,1,0,0,1,0,3,2024-07-01,3.0,3.0,7.0,19.0,0.0,34.0,1.5833333333333333,,,,,,0.0,LOW
Indora Chowk,2024-12,1,1,1,4,2,1,2024-12-01,1.0,1.0,7.0,19.0,0.0,34.0,1.5833333333333333,,,,,,0.0,LOW
Indora Chowk,2025-02,1,0,0,2,0,4,2025-02-01,1.0,1.0,5.0,19.0,1.0,35.0,1.5833333333333333,2025-02-01,1.0,0.0,0.0,0.0,1.0,MEDIUM
Indora Chowk,2025-03,1,0,0,0,0,1,2025-03-01,1.0,1.0,3.0,18.0,1.0,30.0,1.5,,,,,,0.0,LOW
Indora Chowk,2025-11,1,0,0,1,0,2,2025-11-01,1.0,1.0,3.0,17.0,1.0,24.0,1.4166666666666667,2025-11-01,2.0,0.0,0.0,2.0,2.4,HIGH
Indora Chowk,2025-12,2,0,0,2,0,6,2025-12-01,1.0,1.0,3.0,17.0,1.0,25.0,1.4166666666666667,,,,,,0.0,LOW
Itwari,2020-04,1,0,0,0,0,1,2020-04-01,,,,,,,,2020-04-01,1.0,1.0,1.0,2.0,9.4,HIGH
Itwari,2020-05,1,1,1,2,1,1,2020-05-01,1.0,1.0,,,,,,,,,,,0.0,LOW
Itwari,2020-10,2,0,0,1,0,3,2020-10-01,1.0,1.0,,,,,,2020-10-01,1.0,0.0,0.0,0.0,1.0,MEDIUM
Itwari,2020-11,1,0,0,0,0,3,2020-11-01,2.0,2.0,4.0,,,,,,,,,,0.0,LOW
Itwari,2021-01,1,1,0,4,0,4,2021-01-01,1.0,1.0,4.0,,,,,2021-01-01,1.0,1.0,1.0,3.0,9.6,HIGH
Itwari,2021-02,1,1,1,3,2,3,2021-02-01,1.0,1.0,4.0,,,,,2021-02-01,1.0,1.0,0.0,5.0,5.0,HIGH
Itwari,2021-03,1,1,0,5,0,3,2021-03-01,1.0,1.0,3.0,,,,,,,,,,0.0,LOW
Itwari,2021-08,1,0,0,0,0,2,2021-08-01,1.0,1.0,3.0,,,,,2021-08-01,1.0,1.0,1.0,3.0,9.6,HIGH
Itwari,2021-09,1,1,1,3,2,2,2021-09-01,1.0,1.0,3.0,,,,,,,,,,0.0,LOW
Itwari,2022-01,1,0,0,0,0,3,2022-01-01,1.0,1.0,3.0,,,,,2022-01-01,1.0,0.0,0.0,3.0,1.6,HIGH
Itwari,2022-02,1,0,0,3,0,3,2022-02-01,1.0,1.0,3.0,,,,,,,,,,0.0,LOW
Itwari,2022-07,1,0,0,2,0,2,2022-07-01,1.0,1.0,3.0,,,,,,,,,,0.0,LOW
Itwari,2022-12,1,0,0,2,0,4,2022-12-01,1.0,1.0,3.0,13.0,3.0,23.0,1.0833333333333333,,,,,,0.0,LOW
Itwari,2023-03,1,0,0,1,0,4,2023-03-01,1.0,1.0,3.0,13.0,3.0,25.0,1.0833333333333333,2023-03-01,1.0,0.0,0.0,0.0,1.0,MEDIUM
Itwari,2023-04,1,0,0,0,0,1,2023-04-01,1.0,1.0,3.0,13.0,2.0,24.0,1.0833333333333333,2023-04-01,3.0,1.0,0.0,6.0,7.2,HIGH
Itwari,2023-05,3,1,0,6,0,6,2023-05-01,1.0,1.0,3.0,12.0,2.0,23.0,1.0,,,,,,0.0,LOW
Itwari,2023-09,3,2,1,11,1,6,2023-09-01,3.0,3.0,5.0,14.0,2.0,29.0,1.1666666666666667,,,,,,0.0,LOW
Itwari,2023-12,1,0,0,1,0,3,2023-12-01,3.0,3.0,7.0,16.0,3.0,36.0,1.3333333333333333,2023-12-01,1.0,0.0,0.0,1.0,1.2,MEDIUM
Itwari,2024-01,1,0,0,1,0,1,2024-01-01,1.0,1.0,7.0,16.0,2.0,34.0,1.3333333333333333,,,,,,0.0,LOW
Itwari,2024-03,1,0,0,1,0,3,2024-03-01,1.0,1.0,5.0,16.0,2.0,30.0,1.3333333333333333,,,,,,0.0,LOW
Itwari,2024-07,1,0,0,1,0,4,2024-07-01,1.0,1.0,3.0,16.0,2.0,31.0,1.3333333333333333,2024-07-01,2.0,0.0,0.0,4.0,2.8,HIGH
Itwari,2024-08,2,0,0,4,0,7,2024-08-01,1.0,1.0,3.0,16.0,1.0,29.0,1.3333333333333333,,,,,,0.0,LOW
Itwari,2024-10,1,1,0,2,0,2,2024-10-01,2.0,2.0,4.0,17.0,1.0,33.0,1.4166666666666667,,,,,,0.0,LOW
Itwari,2025-01,1,0,0,1,0,4,2025-01-01,1.0,1.0,4.0,17.0,1.0,32.0,1.4166666666666667,,,,,,0.0,LOW
Itwari,2025-03,3,1,0,4,0,10,2025-03-01,1.0,1.0,4.0,17.0,1.0,31.0,1.4166666666666667,2025-03-01,1.0,0.0,0.0,3.0,1.6,HIGH
Itwari,2025-04,1,0,0,3,0,4,2025-04-01,3.0,3.0,5.0,19.0,1.0,33.0,1.5833333333333333,2025-04-01,2.0,0.0,0.0,1.0,2.2,HIGH
Itwari,2025-05,2,0,0,1,0,4,2025-05-01,1.0,1.0,5.0,19.0,1.0,35.0,1.5833333333333333,,,,,,0.0,LOW
Itwari,2025-07,1,0,0,1,0,1,2025-07-01,2.0,2.0,6.0,20.0,1.0,36.0,1.6666666666666667,2025-07-01,3.0,1.0,0.0,6.0,7.2,HIGH
Itwari,2025-08,3,1,0,6,0,3,2025-08-01,1.0,1.0,4.0,18.0,1.0,31.0,1.5,,,,,,0.0,LOW
Itwari,2025-10,3,0,0,4,0,9,2025-10-01,3.0,3.0,6.0,18.0,0.0,26.0,1.5,2025-10-01,1.0,0.0,0.0,0.0,1.0,MEDIUM
Itwari,2025-11,1,0,0,0,0,2,2025-11-01,3.0,3.0,7.0,20.0,0.0,29.0,1.6666666666666667,2025-11-01,1.0,0.0,0.0,3.0,1.6,HIGH
Itwari,2025-12,1,0,0,3,0,2,2025-12-01,1.0,1.0,7.0,20.0,0.0,28.0,1.6666666666666667,,,,,,0.0,LOW
Jhansi Rani Square,2020-01,3,1,0,3,0,7,2020-01-01,,,,,,,,,,,,,0.0,LOW
Jhansi Rani Square,2020-06,1,0,0,1,0,1,2020-06-01,3.0,3.0,,,,,,2020-06-01,1.0,0.0,0.0,0.0,1.0,MEDIUM
Jhansi Rani Square,2020-07,1,0,0,0,0,4,2020-07-01,1.0,1.0,,,,,,,,,,,0.0,LOW
Jhansi Rani Square,2021-03,1,0,0,1,0,1,2021-03-01,1.0,1.0,5.0,,,,,,,,,,0.0,LOW
Jhansi Rani Square,2021-05,1,0,0,1,0,2,2021-05-01,1.0,1.0,3.0,,,,,,,,,,0.0,LOW
Jhansi Rani Square,2021-07,1,0,0,1,0,1,2021-07-01,1.0,1.0,3.0,,,,,,,,,,0.0,LOW
Jhansi Rani Square,2021-10,1,0,0,3,0,1,2021-10-01,1.0,1.0,3.0,,,,,,,,,,0.0,LOW
Jhansi Rani Square,2022-01,1,0,0,1,0,1,2022-01-01,1.0,1.0,3.0,,,,,,,,,,0.0,LOW
Jhansi Rani Square,2022-05,1,0,0,0,0,1,2022-05-01,1.0,1.0,3.0,,,,,2022-05-01,1.0,0.0,0.0,1.0,1.2,MEDIUM
Jhansi Rani Square,2022-06,1,0,0,1,0,1,2022-06-01,1.0,1.0,3.0,,,,,2022-06-01,1.0,0.0,0.0,1.0,1.2,MEDIUM
Jhansi Rani Square,2022-07,1,0,0,1,0,2,2022-07-01,1.0,1.0,3.0,,,,,2022-07-01,1.0,0.0,0.0,0.0,1.0,MEDIUM
Jhansi Rani Square,2022-08,1,0,0,0,0,1,2022-08-01,1.0,1.0,3.0,,,,,,,,,,0.0,LOW
Jhansi Rani Square,2023-01,1,0,0,3,0,1,2023-01-01,1.0,1.0,3.0,14.0,0.0,13.0,1.1666666666666667,2023-01-01,1.0,0.0,0.0,1.0,1.2,MEDIUM
Jhansi Rani Square,2023-02,1,0,0,1,0,3,2023-02-01,1.0,1.0,3.0,12.0,0.0,13.0,1.0,,,,,,0.0,LOW
Jhansi Rani Square,2023-04,1,1,0,5,0,1,2023-04-01,1.0,1.0,3.0,12.0,0.0,13.0,1.0,,,,,,0.0,LOW
Jhansi Rani Square,2023-06,2,0,0,1,0,7,2023-06-01,1.0,1.0,3.0,12.0,0.0,18.0,1.0,,,,,,0.0,LOW
Jhansi Rani Square,2023-09,3,2,0,5,0,8,2023-09-01,2.0,2.0,4.0,13.0,0.0,18.0,1.0833333333333333,2023-09-01,1.0,0.0,0.0,1.0,1.2,MEDIUM
Jhansi Rani Square,2023-10,1,0,0,1,0,1,2023-10-01,3.0,3.0,6.0,15.0,0.0,22.0,1.25,2023-10-01,1.0,0.0,0.0,0.0,1.0,MEDIUM
Jhansi Rani Square,2023-11,1,0,0,0,0,1,2023-11-01,1.0,1.0,6.0,15.0,0.0,22.0,1.25,,,,,,0.0,LOW
Jhansi Rani Square,2024-03,1,0,0,3,0,4,2024-03-01,1.0,1.0,5.0,15.0,0.0,19.0,1.25,2024-03-01,1.0,0.0,0.0,1.0,1.2,MEDIUM
Jhansi Rani Square,2024-04,1,0,0,1,0,2,2024-04-01,1.0,1.0,3.0,15.0,0.0,21.0,1.25,,,,,,0.0,LOW
Jhansi Rani Square,2024-06,1,0,0,1,0,1,2024-06-01,1.0,1.0,3.0,15.0,0.0,22.0,1.25,,,,,,0.0,LOW
Jhansi Rani Square,2024-08,2,0,0,1,0,5,2024-08-01,1.0,1.0,3.0,15.0,0.0,22.0,1.25,2024-08-01,1.0,0.0,0.0,1.0,1.2,MEDIUM
Jhansi Rani Square,2024-09,1,0,0,1,0,1,2024-09-01,2.0,2.0,4.0,16.0,0.0,22.0,1.3333333333333333,,,,,,0.0,LOW
Jhansi Rani Square,2025-01,3,0,0,4,0,9,2025-01-01,1.0,1.0,4.0,16.0,0.0,23.0,1.3333333333333333,2025-01-01,1.0,0.0,0.0,1.0,1.2,MEDIUM
Jhansi Rani Square,2025-02,1,0,0,1,0,2,2025-02-01,3.0,3.0,6.0,18.0,0.0,24.0,1.5,2025-02-01,1.0,0.0,0.0,1.0,1.2,MEDIUM
Jhansi Rani Square,2025-03,1,0,0,1,0,1,2025-03-01,1.0,1.0,5.0,18.0,0.0,24.0,1.5,2025-03-01,2.0,0.0,0.0,4.0,2.8,HIGH
Jhansi Rani Square,2025-04,2,0,0,4,0,6,2025-04-01,1.0,1.0,5.0,18.0,0.0,20.0,1.5,,,,,,0.0,LOW
Jhansi Rani Square,2025-12,1,0,0,1,0,2,2025-12-01,2.0,2.0,4.0,18.0,0.0,23.0,1.5,,,,,,0.0,LOW
Kachipura Square,2020-01,1,0,0,0,0,4,2020-01-01,,,,,,,,,,,,,0.0,LOW
Kachipura Square,2020-05,1,0,0,1,0,1,2020-05-01,1.0,1.0,,,,,,,,,,,0.0,LOW
Kachipura Square,2020-08,1,0,0,1,0,3,2020-08-01,1.0,1.0,,,,,,,,,,,0.0,LOW
Kachipura Square,2020-10,1,0,0,1,0,1,2020-10-01,1.0,1.0,3.0,,,,,2020-10-01,2.0,1.0,1.0,4.0,10.8,HIGH
Kachipura Square,2020-11,2,1,1,4,1,3,2020-11-01,1.0,1.0,3.0,,,,,,,,,,0.0,LOW
Kachipura Square,2021-01,1,1,0,3,0,4,2021-01-01,2.0,2.0,4.0,,,,,2021-01-01,1.0,1.0,0.0,5.0,5.0,HIGH
Kachipura Square,2021-02,1,1,0,5,0,2,2021-02-01,1.0,1.0,4.0,,,,,,,,,,0.0,LOW
Kachipura Square,2021-06,2,0,0,4,0,7,2021-06-01,1.0,1.0,4.0,,,,,,,,,,0.0,LOW
Kachipura Square,2021-10,1,0,0,1,0,1,2021-10-01,2.0,2.0,4.0,,,,,2021-10-01,2.0,0.0,0.0,2.0,2.4,HIGH
Kachipura Square,2021-11,2,0,0,2,0,5,2021-11-01,1.0,1.0,4.0,,,,,,,,,,0.0,LOW
Kachipura Square,2022-02,2,0,0,0,0,6,2022-02-01,2.0,2.0,5.0,,,,,2022-02-01,1.0,0.0,0.0,2.0,1.4,HIGH
Kachipura Square,2022-03,1,0,0,2,0,1,2022-03-01,2.0,2.0,5.0,,,,,,,,,,0.0,LOW
Kachipura Square,2022-05,1,0,0,0,0,4,2022-05-01,1.0,1.0,5.0,16.0,1.0,24.0,1.3333333333333333,2022-05-01,1.0,0.0,0.0,0.0,1.0,MEDIUM
Kachipura Square,2022-06,1,0,0,0,0,2,2022-06-01,1.0,1.0,4.0,16.0,1.0,24.0,1.3333333333333333,2022-06-01,1.0,0.0,0.0,0.0,1.0,MEDIUM
Kachipura Square,2022-07,1,0,0,0,0,4,2022-07-01,1.0,1.0,3.0,16.0,1.0,23.0,1.3333333333333333,,,,,,0.0,LOW
Kachipura Square,2023-02,1,0,0,1,0,4,2023-02-01,1.0,1.0,3.0,16.0,1.0,22.0,1.3333333333333333,,,,,,0.0,LOW
Kachipura Square,2023-04,1,0,0,3,0,3,2023-04-01,1.0,1.0,3.0,16.0,1.0,22.0,1.3333333333333333,,,,,,0.0,LOW
Kachipura Square,2023-07,3,0,0,1,0,7,2023-07-01,1.0,1.0,3.0,15.0,0.0,21.0,1.25,2023-07-01,2.0,0.0,0.0,4.0,2.8,HIGH
Kachipura Square,2023-08,2,0,0,4,0,5,2023-08-01,3.0,3.0,5.0,17.0,0.0,19.0,1.4166666666666667,2023-08-01,1.0,0.0,0.0,1.0,1.2,MEDIUM
Kachipura Square,2023-09,1,0,0,1,0,3,2023-09-01,2.0,2.0,6.0,18.0,0.0,18.0,1.5,2023-09-01,1.0,0.0,0.0,0.0,1.0,MEDIUM
Kachipura Square,2023-10,1,0,0,0,0,2,2023-10-01,1.0,1.0,6.0,17.0,0.0,15.0,1.4166666666666667,,,,,,0.0,LOW
Kachipura Square,2023-12,1,0,0,1,0,2,2023-12-01,1.0,1.0,4.0,17.0,0.0,14.0,1.4166666666666667,2023-12-01,1.0,0.0,0.0,1.0,1.2,MEDIUM
Kachipura Square,2024-01,1,0,0,1,0,4,2024-01-01,1.0,1.0,3.0,16.0,0.0,13.0,1.3333333333333333,2024-01-01,1.0,0.0,0.0,0.0,1.0,MEDIUM
Kachipura Square,2024-02,1,0,0,0,0,2,2024-02-01,1.0,1.0,3.0,15.0,0.0,14.0,1.25,2024-02-01,1.0,0.0,0.0,0.0,1.0,MEDIUM
Kachipura Square,2024-03,1,0,0,0,0,3,2024-03-01,1.0,1.0,3.0,15.0,0.0,12.0,1.25,2024-03-01,3.0,1.0,0.0,4.0,6.8,HIGH
Kachipura Square,2024-04,3,1,0,4,0,8,2024-04-01,1.0,1.0,3.0,15.0,0.0,12.0,1.25,2024-04-01,2.0,0.0,0.0,3.0,2.6,HIGH
Kachipura Square,2024-05,2,0,0,3,0,5,2024-05-01,3.0,3.0,5.0,17.0,0.0,16.0,1.4166666666666667,,,,,,0.0,LOW
Kachipura Square,2024-07,1,0,0,0,0,4,2024-07-01,2.0,2.0,6.0,18.0,0.0,19.0,1.5,2024-07-01,2.0,2.0,1.0,6.0,14.2,HIGH
Kachipura Square,2024-08,2,2,1,6,2,5,2024-08-01,1.0,1.0,6.0,18.0,0.0,18.0,1.5,2024-08-01,1.0,1.0,0.0,2.0,4.4,HIGH
Kachipura Square,2024-09,1,1,0,2,0,2,2024-09-01,2.0,2.0,5.0,19.0,1.0,21.0,1.5833333333333333,2024-09-01,2.0,0.0,0.0,1.0,2.2,HIGH
Kachipura Square,2024-10,2,0,0,1,0,2,2024-10-01,1.0,1.0,4.0,17.0,1.0,22.0,1.4166666666666667,2024-10-01,3.0,1.0,0.0,8.0,7.6,HIGH
Kachipura Square,2024-11,3,1,0,8,0,4,2024-11-01,2.0,2.0,5.0,17.0,1.0,19.0,1.4166666666666667,,,,,,0.0,LOW
Kachipura Square,2025-01,2,0,0,4,0,4,2025-01-01,3.0,3.0,6.0,19.0,1.0,26.0,1.5833333333333333,2025-01-01,1.0,1.0,1.0,2.0,9.4,HIGH
Kachipura Square,2025-02,1,1,1,2,2,2,2025-02-01,2.0,2.0,7.0,20.0,1.0,30.0,1.6666666666666667,2025-02-01,2.0,0.0,0.0,4.0,2.8,HIGH
Kachipura Square,2025-03,2,0,0,4,0,6,2025-03-01,1.0,1.0,6.0,20.0,2.0,31.0,1.6666666666666667,2025-03-01,4.0,1.0,0.0,6.0,8.2,HIGH
Kachipura Square,2025-04,4,1,0,6,0,11,2025-04-01,2.0,2.0,5.0,21.0,2.0,34.0,1.75,2025-04-01,2.0,1.0,0.0,5.0,6.0,HIGH
Kachipura Square,2025-05,2,1,0,5,0,4,2025-05-01,4.0,4.0,7.0,24.0,2.0,40.0,2.0,2025-05-01,1.0,0.0,0.0,0.0,1.0,MEDIUM
Kachipura Square,2025-06,1,0,0,0,0,3,2025-06-01,2.0,2.0,8.0,25.0,2.0,45.0,2.0833333333333335,2025-06-01,1.0,0.0,0.0,1.0,1.2,MEDIUM
Kachipura Square,2025-07,1,0,0,1,0,1,2025-07-01,1.0,1.0,7.0,23.0,2.0,41.0,1.9166666666666667,2025-07-01,2.0,0.0,0.0,1.0,2.2,HIGH
Kachipura Square,2025-08,2,0,0,1,0,5,2025-08-01,1.0,1.0,4.0,22.0,2.0,39.0,1.8333333333333333,2025-08-01,3.0,0.0,0.0,5.0,4.0,HIGH
Kachipura Square,2025-09,3,0,0,5,0,6,2025-09-01,2.0,2.0,4.0,23.0,2.0,40.0,1.9166666666666667,2025-09-01,1.0,0.0,0.0,1.0,1.2,MEDIUM
Kachipura Square,2025-10,1,0,0,1,0,2,2025-10-01,3.0,3.0,6.0,24.0,1.0,39.0,2.0,2025-10-01,3.0,1.0,1.0,9.0,12.8,HIGH
Kachipura Square,2025-11,3,1,1,9,1,4,2025-11-01,1.0,1.0,6.0,24.0,1.0,38.0,2.0,2025-11-01,4.0,2.0,0.0,11.0,12.2,HIGH
Kachipura Square,2025-12,4,2,0,11,0,13,2025-12-01,3.0,3.0,7.0,25.0,2.0,46.0,2.0833333333333335,,,,,,0.0,LOW
Kadbi Chowk,2020-03,1,0,0,2,0,3,2020-03-01,,,,,,,,,,,,,0.0,LOW
Kadbi Chowk,2020-06,1,0,0,1,0,4,2020-06-01,1.0,1.0,,,,,,2020-06-01,1.0,0.0,0.0,1.0,1.2,MEDIUM
Kadbi Chowk,2020-07,1,0,0,1,0,3,2020-07-01,1.0,1.0,,,,,,,,,,,0.0,LOW
Kadbi Chowk,2021-06,1,0,0,2,0,1,2021-06-01,1.0,1.0,3.0,,,,,2021-06-01,1.0,0.0,0.0,2.0,1.4,HIGH
Kadbi Chowk,2021-07,1,0,0,2,0,1,2021-07-01,1.0,1.0,3.0,,,,,,,,,,0.0,LOW
Kadbi Chowk,2021-10,1,0,0,0,0,1,2021-10-01,1.0,1.0,3.0,,,,,,,,,,0.0,LOW
Kadbi Chowk,2022-01,1,0,0,0,0,1,2022-01-01,1.0,1.0,3.0,,,,,2022-01-01,2.0,0.0,0.0,3.0,2.6,HIGH
Kadbi Chowk,2022-02,2,0,0,3,0,3,2022-02-01,1.0,1.0,3.0,,,,,,,,,,0.0,LOW
Kadbi Chowk,2022-06,1,0,0,1,0,3,2022-06-01,2.0,2.0,4.0,,,,,,,,,,0.0,LOW
Kadbi Chowk,2022-08,2,0,0,1,0,8,2022-08-01,1.0,1.0,4.0,,,,,,,,,,0.0,LOW
Kadbi Chowk,2023-02,2,1,0,5,0,4,2023-02-01,2.0,2.0,5.0,,,,,,,,,,0.0,LOW
Kadbi Chowk,2023-04,1,0,0,3,0,1,2023-04-01,2.0,2.0,5.0,,,,,,,,,,0.0,LOW
Kadbi Chowk,2023-09,2,0,0,0,0,5,2023-09-01,1.0,1.0,5.0,15.0,0.0,21.0,1.25,,,,,,0.0,LOW
Kadbi Chowk,2023-12,1,0,0,2,0,3,2023-12-01,2.0,2.0,5.0,16.0,0.0,19.0,1.3333333333333333,,,,,,0.0,LOW
Kadbi Chowk,2024-02,1,0,0,2,0,2,2024-02-01,1.0,1.0,4.0,16.0,0.0,20.0,1.3333333333333333,2024-02-01,1.0,0.0,0.0,3.0,1.6,HIGH
Kadbi Chowk,2024-03,1,0,0,3,0,3,2024-03-01,1.0,1.0,4.0,16.0,0.0,21.0,1.3333333333333333,,,,,,0.0,LOW
Kadbi Chowk,2024-05,1,1,0,4,0,2,2024-05-01,1.0,1.0,3.0,16.0,0.0,22.0,1.3333333333333333,,,,,,0.0,LOW
Kadbi Chowk,2024-07,1,0,0,0,0,3,2024-07-01,1.0,1.0,3.0,16.0,0.0,24.0,1.3333333333333333,2024-07-01,1.0,0.0,0.0,1.0,1.2,MEDIUM
Kadbi Chowk,2024-08,1,0,0,1,0,4,2024-08-01,1.0,1.0,3.0,16.0,0.0,24.0,1.3333333333333333,2024-08-01,1.0,0.0,0.0,0.0,1.0,MEDIUM
Kadbi Chowk,2024-09,1,0,0,0,0,1,2024-09-01,1.0,1.0,3.0,16.0,0.0,25.0,1.3333333333333333,,,,,,0.0,LOW
Kadbi Chowk,2025-01,1,1,1,1,2,4,2025-01-01,1.0,1.0,3.0,15.0,0.0,22.0,1.25,2025-01-01,3.0,0.0,0.0,3.0,3.6,HIGH
Kadbi Chowk,2025-02,3,0,0,3,0,6,2025-02-01,1.0,1.0,3.0,15.0,1.0,22.0,1.25,,,,,,0.0,LOW
Kadbi Chowk,2025-06,1,0,0,3,0,1,2025-06-01,3.0,3.0,5.0,16.0,1.0,24.0,1.3333333333333333,2025-06-01,1.0,0.0,0.0,1.0,1.2,MEDIUM
Kadbi Chowk,2025-07,1,0,0,1,0,1,2025-07-01,1.0,1.0,5.0,15.0,1.0,22.0,1.25,2025-07-01,2.0,1.0,0.0,4.0,5.8,HIGH
Kadbi Chowk,2025-08,2,1,0,4,0,7,2025-08-01,1.0,1.0,5.0,15.0,1.0,20.0,1.25,2025-08-01,1.0,0.0,0.0,0.0,1.0,MEDIUM
Kadbi Chowk,2025-09,1,0,0,0,0,4,2025-09-01,2.0,2.0,4.0,15.0,1.0,24.0,1.25,,,,,,0.0,LOW
Kadbi Chowk,2025-12,2,0,0,4,0,7,2025-12-01,1.0,1.0,4.0,15.0,1.0,22.0,1.25,,,,,,0.0,LOW
Kamptee Chowk,2020-02,1,0,0,1,0,1,2020-02-01,,,,,,,,2020-02-01,1.0,1.0,1.0,4.0,9.8,HIGH
Kamptee Chowk,2020-03,1,1,1,4,1,2,2020-03-01,1.0,1.0,,,,,,,,,,,0.0,LOW
Kamptee Chowk,2020-11,1,0,0,0,0,2,2020-11-01,1.0,1.0,,,,,,,,,,,0.0,LOW
Kamptee Chowk,2021-01,1,0,0,3,0,2,2021-01-01,1.0,1.0,3.0,,,,,2021-01-01,1.0,1.0,0.0,4.0,4.8,HIGH
Kamptee Chowk,2021-02,1,1,0,4,0,4,2021-02-01,1.0,1.0,3.0,,,,,2021-02-01,1.0,0.0,0.0,1.0,1.2,MEDIUM
Kamptee Chowk,2021-03,1,0,0,1,0,3,2021-03-01,1.0,1.0,3.0,,,,,,,,,,0.0,LOW
Kamptee Chowk,2021-11,2,1,0,4,0,5,2021-11-01,1.0,1.0,3.0,,,,,,,,,,0.0,LOW
Kamptee Chowk,2022-01,1,0,0,0,0,4,2022-01-01,2.0,2.0,4.0,,,,,,,,,,0.0,LOW
Kamptee Chowk,2022-03,2,1,0,6,0,5,2022-03-01,1.0,1.0,4.0,,,,,,,,,,0.0,LOW
Kamptee Chowk,2022-05,1,0,0,0,0,4,2022-05-01,2.0,2.0,5.0,,,,,2022-05-01,2.0,0.0,0.0,3.0,2.6,HIGH
Kamptee Chowk,2022-06,2,0,0,3,0,4,2022-06-01,1.0,1.0,4.0,,,,,2022-06-01,2.0,0.0,0.0,3.0,2.6,HIGH
Kamptee Chowk,2022-07,2,0,0,3,0,5,2022-07-01,2.0,2.0,5.0,,,,,,,,,,0.0,LOW
Kamptee Chowk,2022-09,2,1,1,2,2,6,2022-09-01,2.0,2.0,5.0,16.0,1.0,29.0,1.3333333333333333,2022-09-01,1.0,0.0,0.0,1.0,1.2,MEDIUM
Kamptee Chowk,2022-10,1,0,0,1,0,4,2022-10-01,2.0,2.0,6.0,17.0,2.0,30.0,1.4166666666666667,2022-10-01,1.0,0.0,0.0,3.0,1.6,HIGH
Kamptee Chowk,2022-11,1,0,0,3,0,3,2022-11-01,1.0,1.0,5.0,17.0,1.0,27.0,1.4166666666666667,2022-11-01,2.0,0.0,0.0,6.0,3.2,HIGH
Kamptee Chowk,2022-12,2,0,0,6,0,5,2022-12-01,1.0,1.0,4.0,17.0,1.0,30.0,1.4166666666666667,2022-12-01,1.0,1.0,0.0,5.0,5.0,HIGH
Kamptee Chowk,2023-01,1,1,0,5,0,4,2023-01-01,2.0,2.0,4.0,18.0,1.0,33.0,1.5,2023-01-01,3.0,0.0,0.0,3.0,3.6,HIGH
Kamptee Chowk,2023-02,3,0,0,3,0,9,2023-02-01,1.0,1.0,4.0,18.0,1.0,34.0,1.5,2023-02-01,1.0,1.0,0.0,2.0,4.4,HIGH
Kamptee Chowk,2023-03,1,1,0,2,0,4,2023-03-01,3.0,3.0,6.0,20.0,1.0,36.0,1.6666666666666667,2023-03-01,1.0,0.0,0.0,1.0,1.2,MEDIUM
Kamptee Chowk,2023-04,1,0,0,1,0,2,2023-04-01,1.0,1.0,5.0,19.0,1.0,34.0,1.5833333333333333,2023-04-01,1.0,1.0,0.0,3.0,4.6,HIGH
Kamptee Chowk,2023-05,1,1,0,3,0,1,2023-05-01,1.0,1.0,5.0,19.0,1.0,35.0,1.5833333333333333,2023-05-01,1.0,0.0,0.0,0.0,1.0,MEDIUM
Kamptee Chowk,2023-06,1,0,0,0,0,3,2023-06-01,1.0,1.0,3.0,18.0,1.0,32.0,1.5,,,,,,0.0,LOW
Kamptee Chowk,2023-08,2,0,0,3,0,8,2023-08-01,1.0,1.0,3.0,18.0,1.0,32.0,1.5,,,,,,0.0,LOW
Kamptee Chowk,2023-12,1,1,0,4,0,1,2023-12-01,2.0,2.0,4.0,18.0,1.0,32.0,1.5,2023-12-01,1.0,0.0,0.0,2.0,1.4,HIGH
Kamptee Chowk,2024-01,1,0,0,2,0,2,2024-01-01,1.0,1.0,4.0,17.0,1.0,33.0,1.4166666666666667,2024-01-01,3.0,0.0,0.0,0.0,3.0,HIGH
Kamptee Chowk,2024-02,3,0,0,0,0,10,2024-02-01,1.0,1.0,4.0,16.0,0.0,33.0,1.3333333333333333,2024-02-01,1.0,1.0,1.0,3.0,9.6,HIGH
Kamptee Chowk,2024-03,1,1,1,3,2,2,2024-03-01,3.0,3.0,5.0,18.0,0.0,32.0,1.5,,,,,,0.0,LOW
Kamptee Chowk,2024-05,1,1,0,4,0,4,2024-05-01,1.0,1.0,5.0,18.0,1.0,32.0,1.5,2024-05-01,4.0,1.0,0.0,7.0,8.4,HIGH
Kamptee Chowk,2024-06,4,1,0,7,0,10,2024-06-01,1.0,1.0,5.0,17.0,1.0,30.0,1.4166666666666667,2024-06-01,2.0,0.0,0.0,2.0,2.4,HIGH
Kamptee Chowk,2024-07,2,0,0,2,0,3,2024-07-01,4.0,4.0,6.0,20.0,1.0,32.0,1.6666666666666667,2024-07-01,2.0,1.0,1.0,1.0,10.2,HIGH
Kamptee Chowk,2024-08,2,1,1,1,1,4,2024-08-01,2.0,2.0,7.0,19.0,1.0,31.0,1.5833333333333333,2024-08-01,3.0,0.0,0.0,1.0,3.2,HIGH
Kamptee Chowk,2024-09,3,0,0,1,0,9,2024-09-01,2.0,2.0,8.0,20.0,2.0,30.0,1.6666666666666667,2024-09-01,3.0,2.0,0.0,8.0,10.6,HIGH
Kamptee Chowk,2024-10,3,2,0,8,0,10,2024-10-01,3.0,3.0,7.0,22.0,2.0,30.0,1.8333333333333333,2024-10-01,1.0,0.0,0.0,1.0,1.2,MEDIUM
Kamptee Chowk,2024-11,1,0,0,1,0,1,2024-11-01,3.0,3.0,8.0,24.0,2.0,35.0,2.0,,,,,,0.0,LOW
Kamptee Chowk,2025-01,2,0,0,0,0,4,2025-01-01,1.0,1.0,7.0,24.0,2.0,36.0,2.0,2025-01-01,1.0,0.0,0.0,0.0,1.0,MEDIUM
Kamptee Chowk,2025-02,1,0,0,0,0,2,2025-02-01,2.0,2.0,6.0,24.0,2.0,33.0,2.0,2025-02-01,1.0,0.0,0.0,3.0,1.6,HIGH
Kamptee Chowk,2025-03,1,0,0,3,0,3,2025-03-01,1.0,1.0,4.0,24.0,2.0,29.0,2.0,2025-03-01,1.0,0.0,0.0,3.0,1.6,HIGH
Kamptee Chowk,2025-04,1,0,0,3,0,1,2025-04-01,1.0,1.0,4.0,24.0,2.0,30.0,2.0,,,,,,0.0,LOW
Kamptee Chowk,2025-06,1,0,0,0,0,2,2025-06-01,1.0,1.0,3.0,22.0,2.0,33.0,1.8333333333333333,2025-06-01,2.0,1.0,0.0,5.0,6.0,HIGH
Kamptee Chowk,2025-07,2,1,0,5,0,6,2025-07-01,1.0,1.0,3.0,22.0,1.0,30.0,1.8333333333333333,2025-07-01,2.0,0.0,0.0,3.0,2.6,HIGH
Kamptee Chowk,2025-08,2,0,0,3,0,4,2025-08-01,2.0,2.0,4.0,23.0,1.0,31.0,1.9166666666666667,2025-08-01,4.0,0.0,0.0,6.0,5.2,HIGH
Kamptee Chowk,2025-09,4,0,0,6,0,6,2025-09-01,2.0,2.0,5.0,21.0,1.0,27.0,1.75,2025-09-01,1.0,0.0,0.0,0.0,1.0,MEDIUM
Kamptee Chowk,2025-10,1,0,0,0,0,2,2025-10-01,4.0,4.0,8.0,23.0,1.0,31.0,1.9166666666666667,,,,,,0.0,LOW
Kasturchand Park Square,2020-02,1,0,0,1,0,2,2020-02-01,,,,,,,,,,,,,0.0,LOW
Kasturchand Park Square,2020-05,1,0,0,1,0,2,2020-05-01,1.0,1.0,,,,,,2020-05-01,1.0,0.0,0.0,1.0,1.2,MEDIUM
Kasturchand Park Square,2020-06,1,0,0,1,0,3,2020-06-01,1.0,1.0,,,,,,,,,,,0.0,LOW
Kasturchand Park Square,2020-08,1,0,0,3,0,3,2020-08-01,1.0,1.0,3.0,,,,,,,,,,0.0,LOW
Kasturchand Park Square,2020-10,1,0,0,0,0,1,2020-10-01,1.0,1.0,3.0,,,,,,,,,,0.0,LOW
Kasturchand Park Square,2020-12,2,0,0,2,0,4,2020-12-01,1.0,1.0,3.0,,,,,,,,,,0.0,LOW
Kasturchand Park Square,2021-07,1,0,0,0,0,3,2021-07-01,2.0,2.0,4.0,,,,,,,,,,0.0,LOW
Kasturchand Park Square,2021-12,1,0,0,0,0,4,2021-12-01,1.0,1.0,4.0,,,,,2021-12-01,1.0,0.0,0.0,1.0,1.2,MEDIUM
Kasturchand Park Square,2022-01,1,0,0,1,0,2,2022-01-01,1.0,1.0,4.0,,,,,,,,,,0.0,LOW
Kasturchand Park Square,2022-05,1,0,0,0,0,3,2022-05-01,1.0,1.0,3.0,,,,,2022-05-01,1.0,0.0,0.0,1.0,1.2,MEDIUM
Kasturchand Park Square,2022-06,1,0,0,1,0,1,2022-06-01,1.0,1.0,3.0,,,,,,,,,,0.0,LOW
Kasturchand Park Square,2022-10,1,0,0,1,0,4,2022-10-01,1.0,1.0,3.0,,,,,,,,,,0.0,LOW
Kasturchand Park Square,2023-04,2,0,0,2,0,4,2023-04-01,1.0,1.0,3.0,13.0,0.0,11.0,1.0833333333333333,2023-04-01,1.0,0.0,0.0,1.0,1.2,MEDIUM
Kasturchand Park Square,2023-05,1,0,0,1,0,3,2023-05-01,2.0,2.0,4.0,14.0,0.0,12.0,1.1666666666666667,,,,,,0.0,LOW
Kasturchand Park Square,2023-07,1,1,0,4,0,2,2023-07-01,1.0,1.0,4.0,14.0,0.0,12.0,1.1666666666666667,,,,,,0.0,LOW
Kasturchand Park Square,2023-09,1,0,0,0,0,4,2023-09-01,1.0,1.0,4.0,14.0,0.0,15.0,1.1666666666666667,2023-09-01,3.0,0.0,0.0,1.0,3.2,HIGH
Kasturchand Park Square,2023-10,3,0,0,1,0,8,2023-10-01,1.0,1.0,3.0,14.0,0.0,12.0,1.1666666666666667,2023-10-01,2.0,1.0,1.0,2.0,10.4,HIGH
Kasturchand Park Square,2023-11,2,1,1,2,1,3,2023-11-01,3.0,3.0,5.0,16.0,0.0,13.0,1.3333333333333333,,,,,,0.0,LOW
Kasturchand Park Square,2024-01,1,0,0,0,0,2,2024-01-01,2.0,2.0,6.0,16.0,1.0,13.0,1.3333333333333333,,,,,,0.0,LOW
Kasturchand Park Square,2024-03,1,1,0,2,0,2,2024-03-01,1.0,1.0,6.0,16.0,1.0,13.0,1.3333333333333333,,,,,,0.0,LOW
Kasturchand Park Square,2024-05,1,0,0,0,0,1,2024-05-01,1.0,1.0,4.0,16.0,1.0,15.0,1.3333333333333333,,,,,,0.0,LOW
Kasturchand Park Square,2024-11,1,0,0,1,0,3,2024-11-01,1.0,1.0,3.0,16.0,1.0,14.0,1.3333333333333333,2024-11-01,1.0,0.0,0.0,1.0,1.2,MEDIUM
Kasturchand Park Square,2024-12,1,0,0,1,0,2,2024-12-01,1.0,1.0,3.0,16.0,1.0,15.0,1.3333333333333333,,,,,,0.0,LOW
Kasturchand Park Square,2025-02,2,1,0,5,0,4,2025-02-01,1.0,1.0,3.0,16.0,1.0,15.0,1.3333333333333333,2025-02-01,2.0,1.0,0.0,3.0,5.6,HIGH
Kasturchand Park Square,2025-03,2,1,0,3,0,7,2025-03-01,2.0,2.0,4.0,17.0,1.0,19.0,1.4166666666666667,2025-03-01,1.0,1.0,0.0,2.0,4.4,HIGH
Kasturchand Park Square,2025-04,1,1,0,2,0,3,2025-04-01,2.0,2.0,5.0,17.0,1.0,20.0,1.4166666666666667,,,,,,0.0,LOW
Kasturchand Park Square,2025-07,2,1,0,3,0,3,2025-07-01,1.0,1.0,5.0,17.0,1.0,21.0,1.4166666666666667,2025-07-01,1.0,1.0,0.0,2.0,4.4,HIGH
Kasturchand Park Square,2025-08,1,1,0,2,0,1,2025-08-01,2.0,2.0,5.0,18.0,1.0,20.0,1.5,,,,,,0.0,LOW
Kasturchand Park Square,2025-10,1,0,0,1,0,2,2025-10-01,1.0,1.0,4.0,18.0,1.0,22.0,1.5,,,,,,0.0,LOW
Kasturchand Park Square,2025-12,2,0,0,3,0,8,2025-12-01,1.0,1.0,4.0,16.0,1.0,22.0,1.3333333333333333,,,,,,0.0,LOW
Katol Road Chowk,2020-02,1,1,0,3,0,4,2020-02-01,,,,,,,,2020-02-01,1.0,1.0,1.0,2.0,9.4,HIGH
Katol Road Chowk,2020-03,1,1,1,2,1,1,2020-03-01,1.0,1.0,,,,,,2020-03-01,1.0,0.0,0.0,3.0,1.6,HIGH
Katol Road Chowk,2020-04,1,0,0,3,0,3,2020-04-01,1.0,1.0,,,,,,,,,,,0.0,LOW
Katol Road Chowk,2020-07,1,0,0,1,0,4,2020-07-01,1.0,1.0,3.0,,,,,,,,,,0.0,LOW
Katol Road Chowk,2020-10,2,0,0,0,0,8,2020-10-01,1.0,1.0,3.0,,,,,,,,,,0.0,LOW
Katol Road Chowk,2021-02,1,0,0,0,0,3,2021-02-01,2.0,2.0,4.0,,,,,,,,,,0.0,LOW
Katol Road Chowk,2022-06,1,1,0,4,0,2,2022-06-01,1.0,1.0,4.0,,,,,,,,,,0.0,LOW
Katol Road Chowk,2022-09,1,0,0,3,0,3,2022-09-01,1.0,1.0,4.0,,,,,,,,,,0.0,LOW
Katol Road Chowk,2022-11,1,0,0,1,0,2,2022-11-01,1.0,1.0,3.0,,,,,,,,,,0.0,LOW
Katol Road Chowk,2023-01,1,0,0,1,0,2,2023-01-01,1.0,1.0,3.0,,,,,2023-01-01,1.0,1.0,0.0,4.0,4.8,HIGH
Katol Road Chowk,2023-02,1,1,0,4,0,1,2023-02-01,1.0,1.0,3.0,,,,,2023-02-01,1.0,0.0,0.0,0.0,1.0,MEDIUM
Katol Road Chowk,2023-03,1,0,0,0,0,3,2023-03-01,1.0,1.0,3.0,,,,,2023-03-01,1.0,0.0,0.0,0.0,1.0,MEDIUM
Katol Road Chowk,2023-04,1,0,0,0,0,3,2023-04-01,1.0,1.0,3.0,13.0,1.0,22.0,1.0833333333333333,,,,,,0.0,LOW
Katol Road Chowk,2023-06,2,0,0,1,0,3,2023-06-01,1.0,1.0,3.0,13.0,1.0,19.0,1.0833333333333333,,,,,,0.0,LOW
Katol Road Chowk,2023-08,1,1,0,5,0,3,2023-08-01,2.0,2.0,4.0,14.0,0.0,18.0,1.1666666666666667,,,,,,0.0,LOW
Katol Road Chowk,2024-02,1,0,0,0,0,3,2024-02-01,1.0,1.0,4.0,14.0,0.0,20.0,1.1666666666666667,,,,,,0.0,LOW
Katol Road Chowk,2024-04,2,0,0,0,0,6,2024-04-01,1.0,1.0,4.0,14.0,0.0,19.0,1.1666666666666667,,,,,,0.0,LOW
Katol Road Chowk,2024-08,1,0,0,1,0,2,2024-08-01,2.0,2.0,4.0,14.0,0.0,19.0,1.1666666666666667,,,,,,0.0,LOW
Katol Road Chowk,2024-10,1,0,0,1,0,4,2024-10-01,1.0,1.0,4.0,14.0,0.0,20.0,1.1666666666666667,2024-10-01,1.0,0.0,0.0,0.0,1.0,MEDIUM
Katol Road Chowk,2024-11,1,0,0,0,0,1,2024-11-01,1.0,1.0,4.0,14.0,0.0,17.0,1.1666666666666667,,,,,,0.0,LOW
Katol Road Chowk,2025-01,1,0,0,0,0,1,2025-01-01,1.0,1.0,3.0,14.0,0.0,14.0,1.1666666666666667,2025-01-01,1.0,0.0,0.0,1.0,1.2,MEDIUM
Katol Road Chowk,2025-02,1,0,0,1,0,4,2025-02-01,1.0,1.0,3.0,14.0,0.0,13.0,1.1666666666666667,2025-02-01,1.0,0.0,0.0,3.0,1.6,HIGH
Katol Road Chowk,2025-03,1,0,0,3,0,2,2025-03-01,1.0,1.0,3.0,14.0,0.0,13.0,1.1666666666666667,2025-03-01,2.0,1.0,0.0,4.0,5.8,HIGH
Katol Road Chowk,2025-04,2,1,0,4,0,6,2025-04-01,1.0,1.0,3.0,14.0,0.0,12.0,1.1666666666666667,2025-04-01,2.0,0.0,0.0,2.0,2.4,HIGH
Katol Road Chowk,2025-05,2,0,0,2,0,4,2025-05-01,2.0,2.0,4.0,15.0,0.0,16.0,1.25,2025-05-01,1.0,0.0,0.0,1.0,1.2,MEDIUM
Katol Road Chowk,2025-06,1,0,0,1,0,3,2025-06-01,2.0,2.0,5.0,16.0,0.0,18.0,1.3333333333333333,,,,,,0.0,LOW
Katol Road Chowk,2025-08,1,1,0,3,0,2,2025-08-01,1.0,1.0,5.0,15.0,0.0,18.0,1.25,,,,,,0.0,LOW
Katol Road Chowk,2025-10,1,0,0,2,0,4,2025-10-01,1.0,1.0,4.0,15.0,0.0,16.0,1.25,2025-10-01,2.0,1.0,0.0,5.0,6.0,HIGH
Katol Road Chowk,2025-11,2,1,0,5,0,8,2025-11-01,1.0,1.0,3.0,15.0,0.0,18.0,1.25,2025-11-01,1.0,0.0,0.0,0.0,1.0,MEDIUM
Katol Road Chowk,2025-12,1,0,0,0,0,4,2025-12-01,2.0,2.0,4.0,15.0,0.0,23.0,1.25,,,,,,0.0,LOW
LAD Square,2020-02,1,1,1,4,1,4,2020-02-01,,,,,,,,2020-02-01,1.0,0.0,0.0,2.0,1.4,HIGH
LAD Square,2020-03,1,0,0,2,0,4,2020-03-01,1.0,1.0,,,,,,,,,,,0.0,LOW
LAD Square,2020-05,1,0,0,3,0,1,2020-05-01,1.0,1.0,,,,,,,,,,,0.0,LOW
LAD Square,2020-07,1,0,0,2,0,1,2020-07-01,1.0,1.0,3.0,,,,,2020-07-01,1.0,0.0,0.0,0.0,1.0,MEDIUM
LAD Square,2020-08,1,0,0,0,0,3,2020-08-01,1.0,1.0,3.0,,,,,,,,,,0.0,LOW
LAD Square,2021-02,1,0,0,1,0,2,2021-02-01,1.0,1.0,3.0,,,,,,,,,,0.0,LOW
LAD Square,2021-05,2,1,0,5,0,7,2021-05-01,1.0,1.0,3.0,,,,,,,,,,0.0,LOW
LAD Square,2021-08,1,0,0,1,0,4,2021-08-01,2.0,2.0,4.0,,,,,,,,,,0.0,LOW
LAD Square,2021-10,1,0,0,1,0,2,2021-10-01,1.0,1.0,4.0,,,,,,,,,,0.0,LOW
LAD Square,2021-12,1,0,0,1,0,3,2021-12-01,1.0,1.0,4.0,,,,,2021-12-01,2.0,0.0,0.0,0.0,2.0,HIGH
LAD Square,2022-01,2,0,0,0,0,5,2022-01-01,1.0,1.0,3.0,,,,,,,,,,0.0,LOW
LAD Square,2022-07,2,0,0,1,0,5,2022-07-01,2.0,2.0,4.0,,,,,,,,,,0.0,LOW
LAD Square,2022-11,1,0,0,1,0,4,2022-11-01,2.0,2.0,5.0,15.0,1.0,21.0,1.25,,,,,,0.0,LOW
LAD Square,2023-03,1,0,0,1,0,1,2023-03-01,1.0,1.0,5.0,15.0,0.0,18.0,1.25,,,,,,0.0,LOW
LAD Square,2023-07,1,0,0,0,0,1,2023-07-01,1.0,1.0,4.0,15.0,0.0,17.0,1.25,,,,,,0.0,LOW
LAD Square,2023-09,3,2,0,10,0,6,2023-09-01,1.0,1.0,3.0,15.0,0.0,14.0,1.25,2023-09-01,1.0,0.0,0.0,1.0,1.2,MEDIUM
LAD Square,2023-10,1,0,0,1,0,3,2023-10-01,3.0,3.0,5.0,17.0,0.0,22.0,1.4166666666666667,2023-10-01,1.0,0.0,0.0,1.0,1.2,MEDIUM
LAD Square,2023-11,1,0,0,1,0,1,2023-11-01,1.0,1.0,5.0,17.0,0.0,23.0,1.4166666666666667,,,,,,0.0,LOW
LAD Square,2024-01,1,0,0,1,0,1,2024-01-01,1.0,1.0,5.0,17.0,0.0,23.0,1.4166666666666667,,,,,,0.0,LOW
LAD Square,2024-04,1,0,0,1,0,3,2024-04-01,1.0,1.0,3.0,16.0,0.0,19.0,1.3333333333333333,2024-04-01,1.0,0.0,0.0,1.0,1.2,MEDIUM
LAD Square,2024-05,1,0,0,1,0,1,2024-05-01,1.0,1.0,3.0,16.0,0.0,19.0,1.3333333333333333,,,,,,0.0,LOW
LAD Square,2024-08,1,0,0,1,0,2,2024-08-01,1.0,1.0,3.0,16.0,0.0,19.0,1.3333333333333333,,,,,,0.0,LOW
LAD Square,2024-11,2,1,0,5,0,5,2024-11-01,1.0,1.0,3.0,16.0,0.0,19.0,1.3333333333333333,,,,,,0.0,LOW
LAD Square,2025-01,2,0,0,1,0,5,2025-01-01,2.0,2.0,4.0,16.0,0.0,24.0,1.3333333333333333,,,,,,0.0,LOW
LAD Square,2025-06,1,0,0,1,0,1,2025-06-01,2.0,2.0,5.0,16.0,0.0,24.0,1.3333333333333333,,,,,,0.0,LOW
LAD Square,2025-10,2,0,0,2,0,2,2025-10-01,1.0,1.0,5.0,16.0,0.0,24.0,1.3333333333333333,,,,,,0.0,LOW
LAD Square,2025-12,1,0,0,1,0,2,2025-12-01,2.0,2.0,5.0,17.0,0.0,25.0,1.4166666666666667,,,,,,0.0,LOW
LIC Chowk,2020-03,2,0,0,0,0,8,2020-03-01,,,,,,,,2020-03-01,1.0,0.0,0.0,0.0,1.0,MEDIUM
LIC Chowk,2020-04,1,0,0,0,0,1,2020-04-01,2.0,2.0,,,,,,2020-04-01,1.0,0.0,0.0,1.0,1.2,MEDIUM
LIC Chowk,2020-05,1,0,0,1,0,2,2020-05-01,1.0,1.0,,,,,,,,,,,0.0,LOW
LIC Chowk,2020-09,1,0,0,1,0,1,2020-09-01,1.0,1.0,4.0,,,,,,,,,,0.0,LOW
LIC Chowk,2020-11,1,0,0,0,0,2,2020-11-01,1.0,1.0,3.0,,,,,2020-11-01,2.0,1.0,0.0,5.0,6.0,HIGH
LIC Chowk,2020-12,2,1,0,5,0,4,2020-12-01,1.0,1.0,3.0,,,,,,,,,,0.0,LOW
LIC Chowk,2021-03,2,0,0,0,0,6,2021-03-01,2.0,2.0,4.0,,,,,2021-03-01,1.0,0.0,0.0,0.0,1.0,MEDIUM
LIC Chowk,2021-04,1,0,0,0,0,3,2021-04-01,2.0,2.0,5.0,,,,,,,,,,0.0,LOW
LIC Chowk,2022-01,2,1,0,7,0,6,2022-01-01,1.0,1.0,5.0,,,,,2022-01-01,1.0,1.0,0.0,3.0,4.6,HIGH
LIC Chowk,2022-02,1,1,0,3,0,4,2022-02-01,2.0,2.0,5.0,,,,,,,,,,0.0,LOW
LIC Chowk,2022-04,2,1,0,3,0,5,2022-04-01,1.0,1.0,4.0,,,,,2022-04-01,2.0,1.0,0.0,5.0,6.0,HIGH
LIC Chowk,2022-05,2,1,0,5,0,4,2022-05-01,2.0,2.0,5.0,,,,,2022-05-01,3.0,1.0,0.0,4.0,6.8,HIGH
LIC Chowk,2022-06,3,1,0,4,0,10,2022-06-01,2.0,2.0,5.0,18.0,0.0,25.0,1.5,2022-06-01,2.0,1.0,0.0,3.0,5.6,HIGH
LIC Chowk,2022-07,2,1,0,3,0,6,2022-07-01,3.0,3.0,7.0,19.0,0.0,29.0,1.5833333333333333,,,,,,0.0,LOW
LIC Chowk,2022-09,2,0,0,3,0,5,2022-09-01,2.0,2.0,7.0,20.0,0.0,32.0,1.6666666666666667,2022-09-01,2.0,0.0,0.0,3.0,2.6,HIGH
LIC Chowk,2022-10,2,0,0,3,0,7,2022-10-01,2.0,2.0,7.0,21.0,0.0,34.0,1.75,2022-10-01,1.0,0.0,0.0,0.0,1.0,MEDIUM
LIC Chowk,2022-11,1,0,0,0,0,3,2022-11-01,2.0,2.0,6.0,22.0,0.0,36.0,1.8333333333333333,2022-11-01,2.0,1.0,1.0,1.0,10.2,HIGH
LIC Chowk,2022-12,2,1,1,1,1,4,2022-12-01,1.0,1.0,5.0,22.0,0.0,36.0,1.8333333333333333,2022-12-01,1.0,0.0,0.0,0.0,1.0,MEDIUM
LIC Chowk,2023-01,1,0,0,0,0,2,2023-01-01,2.0,2.0,5.0,22.0,1.0,32.0,1.8333333333333333,2023-01-01,2.0,0.0,0.0,2.0,2.4,HIGH
LIC Chowk,2023-02,2,0,0,2,0,3,2023-02-01,1.0,1.0,4.0,21.0,1.0,32.0,1.75,,,,,,0.0,LOW
LIC Chowk,2023-04,4,0,0,4,0,15,2023-04-01,2.0,2.0,5.0,22.0,1.0,34.0,1.8333333333333333,,,,,,0.0,LOW
LIC Chowk,2023-08,3,1,1,5,2,7,2023-08-01,4.0,4.0,7.0,24.0,1.0,31.0,2.0,2023-08-01,2.0,1.0,1.0,2.0,10.4,HIGH
LIC Chowk,2023-09,2,1,1,2,2,3,2023-09-01,3.0,3.0,9.0,26.0,2.0,33.0,2.1666666666666665,2023-09-01,1.0,0.0,0.0,1.0,1.2,MEDIUM
LIC Chowk,2023-10,1,0,0,1,0,2,2023-10-01,2.0,2.0,9.0,26.0,3.0,32.0,2.1666666666666665,2023-10-01,1.0,0.0,0.0,2.0,1.4,HIGH
LIC Chowk,2023-11,1,0,0,2,0,3,2023-11-01,1.0,1.0,6.0,25.0,3.0,28.0,2.0833333333333335,2023-11-01,8.0,1.0,0.0,10.0,13.0,HIGH
LIC Chowk,2023-12,8,1,0,10,0,19,2023-12-01,1.0,1.0,4.0,23.0,3.0,26.0,1.9166666666666667,2023-12-01,1.0,0.0,0.0,1.0,1.2,MEDIUM
LIC Chowk,2024-01,1,0,0,1,0,3,2024-01-01,8.0,8.0,10.0,29.0,3.0,33.0,2.4166666666666665,,,,,,0.0,LOW
LIC Chowk,2024-03,1,0,0,0,0,1,2024-03-01,1.0,1.0,10.0,28.0,3.0,31.0,2.3333333333333335,2024-03-01,1.0,0.0,0.0,1.0,1.2,MEDIUM
LIC Chowk,2024-04,1,0,0,1,0,1,2024-04-01,1.0,1.0,10.0,27.0,3.0,28.0,2.25,2024-04-01,1.0,0.0,0.0,2.0,1.4,HIGH
LIC Chowk,2024-05,1,0,0,2,0,2,2024-05-01,1.0,1.0,3.0,27.0,3.0,29.0,2.25,2024-05-01,3.0,0.0,0.0,4.0,3.8,HIGH
LIC Chowk,2024-06,3,0,0,4,0,4,2024-06-01,1.0,1.0,3.0,26.0,2.0,30.0,2.1666666666666665,2024-06-01,1.0,0.0,0.0,1.0,1.2,MEDIUM
LIC Chowk,2024-07,1,0,0,1,0,3,2024-07-01,3.0,3.0,5.0,28.0,2.0,34.0,2.3333333333333335,,,,,,0.0,LOW
LIC Chowk,2024-10,2,0,0,1,0,4,2024-10-01,1.0,1.0,5.0,27.0,2.0,33.0,2.25,,,,,,0.0,LOW
LIC Chowk,2025-01,1,0,0,0,0,4,2025-01-01,2.0,2.0,6.0,25.0,2.0,30.0,2.0833333333333335,,,,,,0.0,LOW
LIC Chowk,2025-03,2,1,0,5,0,5,2025-03-01,1.0,1.0,4.0,23.0,1.0,25.0,1.9166666666666667,2025-03-01,1.0,0.0,0.0,0.0,1.0,MEDIUM
LIC Chowk,2025-04,1,0,0,0,0,3,2025-04-01,2.0,2.0,5.0,23.0,0.0,28.0,1.9166666666666667,2025-04-01,1.0,0.0,0.0,0.0,1.0,MEDIUM
LIC Chowk,2025-05,1,0,0,0,0,1,2025-05-01,1.0,1.0,4.0,23.0,0.0,27.0,1.9166666666666667,2025-05-01,3.0,1.0,0.0,5.0,7.0,HIGH
LIC Chowk,2025-06,3,1,0,5,0,7,2025-06-01,1.0,1.0,4.0,23.0,0.0,25.0,1.9166666666666667,2025-06-01,1.0,1.0,0.0,5.0,5.0,HIGH
LIC Chowk,2025-07,1,1,0,5,0,3,2025-07-01,3.0,3.0,5.0,18.0,0.0,20.0,1.5,2025-07-01,2.0,0.0,0.0,1.0,2.2,HIGH
LIC Chowk,2025-08,2,0,0,1,0,6,2025-08-01,1.0,1.0,5.0,18.0,0.0,24.0,1.5,2025-08-01,1.0,0.0,0.0,0.0,1.0,MEDIUM
LIC Chowk,2025-09,1,0,0,0,0,4,2025-09-01,2.0,2.0,6.0,19.0,0.0,25.0,1.5833333333333333,2025-09-01,3.0,0.0,0.0,1.0,3.2,HIGH
LIC Chowk,2025-10,3,0,0,1,0,8,2025-10-01,1.0,1.0,4.0,19.0,0.0,24.0,1.5833333333333333,2025-10-01,1.0,0.0,0.0,1.0,1.2,MEDIUM
LIC Chowk,2025-11,1,0,0,1,0,4,2025-11-01,3.0,3.0,6.0,21.0,0.0,23.0,1.75,2025-11-01,1.0,0.0,0.0,1.0,1.2,MEDIUM
LIC Chowk,2025-12,1,0,0,1,0,1,2025-12-01,1.0,1.0,5.0,19.0,0.0,20.0,1.5833333333333333,,,,,,0.0,LOW
Laxmi Nagar Square,2020-02,2,0,0,1,0,5,2020-02-01,,,,,,,,,,,,,0.0,LOW
Laxmi Nagar Square,2020-04,1,0,0,0,0,4,2020-04-01,2.0,2.0,,,,,,,,,,,0.0,LOW
Laxmi Nagar Square,2020-10,2,2,1,5,2,6,2020-10-01,1.0,1.0,,,,,,2020-10-01,1.0,0.0,0.0,0.0,1.0,MEDIUM
Laxmi Nagar Square,2020-11,1,0,0,0,0,4,2020-11-01,2.0,2.0,5.0,,,,,2020-11-01,1.0,0.0,0.0,1.0,1.2,MEDIUM
Laxmi Nagar Square,2020-12,1,0,0,1,0,1,2020-12-01,1.0,1.0,4.0,,,,,,,,,,0.0,LOW
Laxmi Nagar Square,2021-06,1,0,0,0,0,4,2021-06-01,1.0,1.0,4.0,,,,,2021-06-01,1.0,0.0,0.0,1.0,1.2,MEDIUM
Laxmi Nagar Square,2021-07,1,0,0,1,0,1,2021-07-01,1.0,1.0,3.0,,,,,,,,,,0.0,LOW
Laxmi Nagar Square,2021-09,1,0,0,1,0,1,2021-09-01,1.0,1.0,3.0,,,,,,,,,,0.0,LOW
Laxmi Nagar Square,2022-08,2,0,0,2,0,4,2022-08-01,1.0,1.0,3.0,,,,,,,,,,0.0,LOW
Laxmi Nagar Square,2022-12,1,1,0,5,0,2,2022-12-01,2.0,2.0,4.0,,,,,,,,,,0.0,LOW
Laxmi Nagar Square,2023-04,2,1,0,6,0,2,2023-04-01,1.0,1.0,4.0,,,,,,,,,,0.0,LOW
Laxmi Nagar Square,2023-07,2,0,0,1,0,3,2023-07-01,2.0,2.0,5.0,,,,,2023-07-01,1.0,0.0,0.0,3.0,1.6,HIGH
Laxmi Nagar Square,2023-08,1,0,0,3,0,2,2023-08-01,2.0,2.0,5.0,17.0,1.0,23.0,1.4166666666666667,2023-08-01,1.0,0.0,0.0,0.0,1.0,MEDIUM
Laxmi Nagar Square,2023-09,1,0,0,0,0,2,2023-09-01,1.0,1.0,5.0,16.0,1.0,25.0,1.3333333333333333,,,,,,0.0,LOW
Laxmi Nagar Square,2023-11,1,0,0,1,0,3,2023-11-01,1.0,1.0,4.0,16.0,1.0,25.0,1.3333333333333333,,,,,,0.0,LOW
Laxmi Nagar Square,2024-02,2,0,0,0,0,6,2024-02-01,1.0,1.0,3.0,15.0,0.0,21.0,1.25,,,,,,0.0,LOW
Laxmi Nagar Square,2024-05,1,0,0,0,0,3,2024-05-01,2.0,2.0,4.0,16.0,0.0,21.0,1.3333333333333333,,,,,,0.0,LOW
Laxmi Nagar Square,2024-08,1,1,0,4,0,1,2024-08-01,1.0,1.0,4.0,16.0,0.0,20.0,1.3333333333333333,,,,,,0.0,LOW
Laxmi Nagar Square,2024-11,1,0,0,3,0,1,2024-11-01,1.0,1.0,4.0,16.0,0.0,24.0,1.3333333333333333,2024-11-01,1.0,0.0,0.0,1.0,1.2,MEDIUM
Laxmi Nagar Square,2024-12,1,0,0,1,0,3,2024-12-01,1.0,1.0,3.0,16.0,0.0,26.0,1.3333333333333333,,,,,,0.0,LOW
Laxmi Nagar Square,2025-02,1,0,0,2,0,2,2025-02-01,1.0,1.0,3.0,16.0,0.0,26.0,1.3333333333333333,2025-02-01,2.0,0.0,0.0,1.0,2.2,HIGH
Laxmi Nagar Square,2025-03,2,0,0,1,0,5,2025-03-01,1.0,1.0,3.0,15.0,0.0,26.0,1.25,,,,,,0.0,LOW
Laxmi Nagar Square,2025-08,2,0,0,3,0,8,2025-08-01,2.0,2.0,4.0,16.0,0.0,22.0,1.3333333333333333,,,,,,0.0,LOW
Laxmi Nagar Square,2025-10,1,1,1,4,2,4,2025-10-01,2.0,2.0,5.0,16.0,0.0,19.0,1.3333333333333333,,,,,,0.0,LOW
Lokmat Square,2020-02,2,0,0,2,0,4,2020-02-01,,,,,,,,,,,,,0.0,LOW
Lokmat Square,2020-06,1,1,1,1,1,4,2020-06-01,2.0,2.0,,,,,,2020-06-01,1.0,0.0,0.0,2.0,1.4,HIGH
Lokmat Square,2020-07,1,0,0,2,0,4,2020-07-01,1.0,1.0,,,,,,2020-07-01,2.0,0.0,0.0,2.0,2.4,HIGH
Lokmat Square,2020-08,2,0,0,2,0,7,2020-08-01,1.0,1.0,4.0,,,,,2020-08-01,1.0,0.0,0.0,2.0,1.4,HIGH
Lokmat Square,2020-09,1,0,0,2,0,4,2020-09-01,2.0,2.0,4.0,,,,,2020-09-01,3.0,0.0,0.0,4.0,3.8,HIGH
Lokmat Square,2020-10,3,0,0,4,0,9,2020-10-01,1.0,1.0,4.0,,,,,,,,,,0.0,LOW
Lokmat Square,2020-12,1,0,0,0,0,4,2020-12-01,3.0,3.0,6.0,,,,,,,,,,0.0,LOW
Lokmat Square,2021-02,2,0,0,3,0,6,2021-02-01,1.0,1.0,5.0,,,,,2021-02-01,1.0,0.0,0.0,1.0,1.2,MEDIUM
Lokmat Square,2021-03,1,0,0,1,0,4,2021-03-01,2.0,2.0,6.0,,,,,,,,,,0.0,LOW
Lokmat Square,2021-05,1,0,0,0,0,3,2021-05-01,1.0,1.0,4.0,,,,,2021-05-01,3.0,1.0,0.0,6.0,7.2,HIGH
Lokmat Square,2021-06,3,1,0,6,0,7,2021-06-01,1.0,1.0,4.0,,,,,,,,,,0.0,LOW
Lokmat Square,2021-08,1,0,0,0,0,1,2021-08-01,3.0,3.0,5.0,,,,,2021-08-01,2.0,0.0,0.0,1.0,2.2,HIGH
Lokmat Square,2021-09,2,0,0,1,0,4,2021-09-01,1.0,1.0,5.0,19.0,1.0,23.0,1.5833333333333333,,,,,,0.0,LOW
Lokmat Square,2022-01,2,0,0,1,0,4,2022-01-01,2.0,2.0,6.0,19.0,1.0,22.0,1.5833333333333333,,,,,,0.0,LOW
Lokmat Square,2022-04,1,1,0,2,0,2,2022-04-01,2.0,2.0,5.0,20.0,0.0,22.0,1.6666666666666667,2022-04-01,2.0,0.0,0.0,0.0,2.0,HIGH
Lokmat Square,2022-05,2,0,0,0,0,6,2022-05-01,1.0,1.0,5.0,20.0,0.0,22.0,1.6666666666666667,2022-05-01,1.0,1.0,0.0,2.0,4.4,HIGH
Lokmat Square,2022-06,1,1,0,2,0,4,2022-06-01,2.0,2.0,5.0,20.0,0.0,20.0,1.6666666666666667,2022-06-01,3.0,0.0,0.0,3.0,3.6,HIGH
Lokmat Square,2022-07,3,0,0,3,0,6,2022-07-01,1.0,1.0,4.0,20.0,0.0,20.0,1.6666666666666667,2022-07-01,1.0,0.0,0.0,1.0,1.2,MEDIUM
Lokmat Square,2022-08,1,0,0,1,0,1,2022-08-01,3.0,3.0,6.0,20.0,0.0,19.0,1.6666666666666667,2022-08-01,2.0,0.0,0.0,1.0,2.2,HIGH
Lokmat Square,2022-09,2,0,0,1,0,7,2022-09-01,1.0,1.0,5.0,20.0,0.0,20.0,1.6666666666666667,2022-09-01,1.0,0.0,0.0,2.0,1.4,HIGH
Lokmat Square,2022-10,1,0,0,2,0,4,2022-10-01,2.0,2.0,6.0,20.0,0.0,18.0,1.6666666666666667,2022-10-01,2.0,0.0,0.0,0.0,2.0,HIGH
Lokmat Square,2022-11,2,0,0,0,0,6,2022-11-01,1.0,1.0,4.0,20.0,0.0,19.0,1.6666666666666667,,,,,,0.0,LOW
Lokmat Square,2023-01,1,0,0,0,0,2,2023-01-01,2.0,2.0,5.0,21.0,0.0,19.0,1.75,,,,,,0.0,LOW
Lokmat Square,2023-04,2,0,0,1,0,4,2023-04-01,1.0,1.0,4.0,19.0,0.0,13.0,1.5833333333333333,2023-04-01,1.0,0.0,0.0,1.0,1.2,MEDIUM
Lokmat Square,2023-05,1,0,0,1,0,1,2023-05-01,2.0,2.0,5.0,20.0,0.0,14.0,1.6666666666666667,,,,,,0.0,LOW
Lokmat Square,2023-07,2,0,0,1,0,5,2023-07-01,1.0,1.0,4.0,19.0,0.0,14.0,1.5833333333333333,,,,,,0.0,LOW
Lokmat Square,2023-09,2,0,0,1,0,5,2023-09-01,2.0,2.0,5.0,19.0,0.0,14.0,1.5833333333333333,2023-09-01,2.0,1.0,0.0,5.0,6.0,HIGH
Lokmat Square,2023-10,2,1,0,5,0,8,2023-10-01,2.0,2.0,5.0,20.0,0.0,13.0,1.6666666666666667,2023-10-01,1.0,0.0,0.0,1.0,1.2,MEDIUM
Lokmat Square,2023-11,1,0,0,1,0,3,2023-11-01,2.0,2.0,6.0,20.0,0.0,18.0,1.6666666666666667,2023-11-01,4.0,2.0,1.0,9.0,16.8,HIGH
Lokmat Square,2023-12,4,2,1,9,1,9,2023-12-01,1.0,1.0,5.0,20.0,0.0,17.0,1.6666666666666667,2023-12-01,1.0,0.0,0.0,1.0,1.2,MEDIUM
Lokmat Square,2024-01,1,0,0,1,0,2,2024-01-01,4.0,4.0,7.0,21.0,1.0,23.0,1.75,,,,,,0.0,LOW
Lokmat Square,2024-03,1,0,0,1,0,1,2024-03-01,1.0,1.0,6.0,21.0,1.0,23.0,1.75,2024-03-01,1.0,0.0,0.0,1.0,1.2,MEDIUM
Lokmat Square,2024-04,1,0,0,1,0,3,2024-04-01,1.0,1.0,6.0,20.0,1.0,23.0,1.6666666666666667,,,,,,0.0,LOW
Lokmat Square,2024-06,2,0,0,3,0,4,2024-06-01,1.0,1.0,3.0,20.0,1.0,22.0,1.6666666666666667,,,,,,0.0,LOW
Lokmat Square,2024-08,2,0,0,5,0,3,2024-08-01,2.0,2.0,4.0,20.0,1.0,25.0,1.6666666666666667,2024-08-01,3.0,0.0,0.0,4.0,3.8,HIGH
Lokmat Square,2024-09,3,0,0,4,0,5,2024-09-01,2.0,2.0,5.0,21.0,1.0,30.0,1.75,,,,,,0.0,LOW
Lokmat Square,2025-02,2,0,0,2,0,6,2025-02-01,3.0,3.0,7.0,22.0,1.0,33.0,1.8333333333333333,,,,,,0.0,LOW
Lokmat Square,2025-04,2,0,0,2,0,2,2025-04-01,2.0,2.0,7.0,23.0,1.0,34.0,1.9166666666666667,,,,,,0.0,LOW
Lokmat Square,2025-10,1,1,0,2,0,1,2025-10-01,2.0,2.0,7.0,23.0,1.0,35.0,1.9166666666666667,2025-10-01,1.0,0.0,0.0,3.0,1.6,HIGH
Lokmat Square,2025-11,1,0,0,3,0,1,2025-11-01,1.0,1.0,5.0,22.0,1.0,36.0,1.8333333333333333,2025-11-01,3.0,0.0,0.0,4.0,3.8,HIGH
Lokmat Square,2025-12,3,0,0,4,0,8,2025-12-01,1.0,1.0,4.0,21.0,1.0,34.0,1.75,,,,,,0.0,LOW
Manakpur Chowk,2020-03,1,0,0,1,0,1,2020-03-01,,,,,,,,,,,,,0.0,LOW
Manakpur Chowk,2020-07,1,0,0,2,0,2,2020-07-01,1.0,1.0,,,,,,,,,,,0.0,LOW
Manakpur Chowk,2020-09,1,1,0,3,0,1,2020-09-01,1.0,1.0,,,,,,,,,,,0.0,LOW
Manakpur Chowk,2020-11,2,0,0,3,0,3,2020-11-01,1.0,1.0,3.0,,,,,,,,,,0.0,LOW
Manakpur Chowk,2021-05,1,1,0,3,0,3,2021-05-01,2.0,2.0,4.0,,,,,,,,,,0.0,LOW
Manakpur Chowk,2021-08,1,0,0,1,0,4,2021-08-01,1.0,1.0,4.0,,,,,,,,,,0.0,LOW
Manakpur Chowk,2021-10,1,0,0,1,0,3,2021-10-01,1.0,1.0,4.0,,,,,,,,,,0.0,LOW
Manakpur Chowk,2022-03,2,0,0,2,0,8,2022-03-01,1.0,1.0,3.0,,,,,2022-03-01,1.0,0.0,0.0,1.0,1.2,MEDIUM
Manakpur Chowk,2022-04,1,0,0,1,0,3,2022-04-01,2.0,2.0,4.0,,,,,,,,,,0.0,LOW
Manakpur Chowk,2022-06,2,1,0,6,0,4,2022-06-01,1.0,1.0,4.0,,,,,,,,,,0.0,LOW
Manakpur Chowk,2022-08,1,0,0,1,0,2,2022-08-01,2.0,2.0,5.0,,,,,2022-08-01,1.0,0.0,0.0,3.0,1.6,HIGH
Manakpur Chowk,2022-09,1,0,0,3,0,2,2022-09-01,1.0,1.0,4.0,,,,,,,,,,0.0,LOW
Manakpur Chowk,2022-11,2,1,0,7,0,7,2022-11-01,1.0,1.0,4.0,15.0,0.0,27.0,1.25,,,,,,0.0,LOW
Manakpur Chowk,2023-03,1,0,0,2,0,1,2023-03-01,2.0,2.0,4.0,16.0,0.0,33.0,1.3333333333333333,2023-03-01,3.0,0.0,0.0,2.0,3.4,HIGH
Manakpur Chowk,2023-04,3,0,0,2,0,9,2023-04-01,1.0,1.0,4.0,16.0,0.0,33.0,1.3333333333333333,,,,,,0.0,LOW
Manakpur Chowk,2023-10,2,0,0,1,0,5,2023-10-01,3.0,3.0,6.0,18.0,0.0,32.0,1.5,,,,,,0.0,LOW
Manakpur Chowk,2024-01,1,0,0,3,0,2,2024-01-01,2.0,2.0,6.0,18.0,0.0,30.0,1.5,,,,,,0.0,LOW
Manakpur Chowk,2024-05,2,0,0,1,0,7,2024-05-01,1.0,1.0,6.0,18.0,0.0,30.0,1.5,2024-05-01,1.0,0.0,0.0,1.0,1.2,MEDIUM
Manakpur Chowk,2024-06,1,0,0,1,0,2,2024-06-01,2.0,2.0,5.0,19.0,0.0,30.0,1.5833333333333333,,,,,,0.0,LOW
Manakpur Chowk,2024-10,1,1,0,4,0,4,2024-10-01,1.0,1.0,4.0,19.0,0.0,30.0,1.5833333333333333,2024-10-01,1.0,0.0,0.0,1.0,1.2,MEDIUM
Manakpur Chowk,2024-11,1,0,0,1,0,2,2024-11-01,1.0,1.0,4.0,18.0,0.0,32.0,1.5,2024-11-01,1.0,0.0,0.0,0.0,1.0,MEDIUM
Manakpur Chowk,2024-12,1,0,0,0,0,2,2024-12-01,1.0,1.0,3.0,18.0,0.0,32.0,1.5,,,,,,0.0,LOW
Manakpur Chowk,2025-05,1,0,0,0,0,4,2025-05-01,1.0,1.0,3.0,17.0,0.0,26.0,1.4166666666666667,2025-05-01,1.0,0.0,0.0,1.0,1.2,MEDIUM
Manakpur Chowk,2025-06,1,0,0,1,0,2,2025-06-01,1.0,1.0,3.0,17.0,0.0,25.0,1.4166666666666667,2025-06-01,2.0,1.0,0.0,3.0,5.6,HIGH
Manakpur Chowk,2025-07,2,1,0,3,0,7,2025-07-01,1.0,1.0,3.0,17.0,0.0,23.0,1.4166666666666667,2025-07-01,1.0,0.0,0.0,3.0,1.6,HIGH
Manakpur Chowk,2025-08,1,0,0,3,0,4,2025-08-01,2.0,2.0,4.0,17.0,0.0,19.0,1.4166666666666667,,,,,,0.0,LOW
Manakpur Chowk,2025-11,1,0,0,3,0,3,2025-11-01,1.0,1.0,4.0,17.0,0.0,20.0,1.4166666666666667,,,,,,0.0,LOW
Manewada Chowk,2020-04,1,0,0,1,0,1,2020-04-01,,,,,,,,,,,,,0.0,LOW
Manewada Chowk,2021-02,2,0,0,3,0,3,2021-02-01,1.0,1.0,,,,,,,,,,,0.0,LOW
Manewada Chowk,2021-08,2,0,0,1,0,7,2021-08-01,2.0,2.0,,,,,,,,,,,0.0,LOW
Manewada Chowk,2021-11,2,0,0,2,0,6,2021-11-01,2.0,2.0,5.0,,,,,2021-11-01,1.0,0.0,0.0,3.0,1.6,HIGH
Manewada Chowk,2021-12,1,0,0,3,0,3,2021-12-01,2.0,2.0,6.0,,,,,,,,,,0.0,LOW
Manewada Chowk,2022-07,1,1,1,3,1,3,2022-07-01,1.0,1.0,5.0,,,,,,,,,,0.0,LOW
Manewada Chowk,2022-10,1,1,0,4,0,4,2022-10-01,1.0,1.0,4.0,,,,,,,,,,0.0,LOW
Manewada Chowk,2022-12,1,0,0,1,0,3,2022-12-01,1.0,1.0,3.0,,,,,2022-12-01,3.0,1.0,0.0,7.0,7.4,HIGH
Manewada Chowk,2023-01,3,1,0,7,0,8,2023-01-01,1.0,1.0,3.0,,,,,2023-01-01,3.0,1.0,0.0,7.0,7.4,HIGH
Manewada Chowk,2023-02,3,1,0,7,0,7,2023-02-01,3.0,3.0,5.0,,,,,,,,,,0.0,LOW
Manewada Chowk,2023-05,1,1,0,5,0,4,2023-05-01,3.0,3.0,7.0,,,,,,,,,,0.0,LOW
Manewada Chowk,2023-07,2,0,0,2,0,8,2023-07-01,1.0,1.0,7.0,,,,,2023-07-01,1.0,0.0,0.0,1.0,1.2,MEDIUM
Manewada Chowk,2023-08,1,0,0,1,0,4,2023-08-01,2.0,2.0,6.0,20.0,1.0,39.0,1.6666666666666667,2023-08-01,1.0,0.0,0.0,0.0,1.0,MEDIUM
Manewada Chowk,2023-09,1,0,0,0,0,3,2023-09-01,1.0,1.0,4.0,20.0,1.0,39.0,1.6666666666666667,2023-09-01,1.0,0.0,0.0,1.0,1.2,MEDIUM
Manewada Chowk,2023-10,1,0,0,1,0,3,2023-10-01,1.0,1.0,4.0,19.0,1.0,36.0,1.5833333333333333,2023-10-01,1.0,0.0,0.0,1.0,1.2,MEDIUM
Manewada Chowk,2023-11,1,0,0,1,0,1,2023-11-01,1.0,1.0,3.0,18.0,1.0,36.0,1.5,,,,,,0.0,LOW
Manewada Chowk,2024-02,1,0,0,0,0,2,2024-02-01,1.0,1.0,3.0,17.0,1.0,35.0,1.4166666666666667,,,,,,0.0,LOW
Manewada Chowk,2024-04,1,0,0,3,0,1,2024-04-01,1.0,1.0,3.0,17.0,1.0,32.0,1.4166666666666667,2024-04-01,1.0,0.0,0.0,0.0,1.0,MEDIUM
Manewada Chowk,2024-05,1,0,0,0,0,1,2024-05-01,1.0,1.0,3.0,17.0,0.0,32.0,1.4166666666666667,2024-05-01,1.0,1.0,1.0,4.0,9.8,HIGH
Manewada Chowk,2024-06,1,1,1,4,2,2,2024-06-01,1.0,1.0,3.0,17.0,0.0,28.0,1.4166666666666667,,,,,,0.0,LOW
Manewada Chowk,2024-10,2,0,0,1,0,5,2024-10-01,1.0,1.0,3.0,17.0,1.0,31.0,1.4166666666666667,2024-10-01,1.0,1.0,0.0,3.0,4.6,HIGH
Manewada Chowk,2024-11,1,1,0,3,0,2,2024-11-01,2.0,2.0,4.0,16.0,1.0,25.0,1.3333333333333333,2024-11-01,1.0,0.0,0.0,0.0,1.0,MEDIUM
Manewada Chowk,2024-12,1,0,0,0,0,1,2024-12-01,1.0,1.0,4.0,14.0,1.0,21.0,1.1666666666666667,2024-12-01,1.0,1.0,0.0,2.0,4.4,HIGH
Manewada Chowk,2025-01,1,1,0,2,0,1,2025-01-01,1.0,1.0,4.0,14.0,1.0,16.0,1.1666666666666667,,,,,,0.0,LOW
Manewada Chowk,2025-03,3,0,0,2,0,7,2025-03-01,1.0,1.0,3.0,13.0,1.0,16.0,1.0833333333333333,2025-03-01,1.0,0.0,0.0,1.0,1.2,MEDIUM
Manewada Chowk,2025-04,1,0,0,1,0,4,2025-04-01,3.0,3.0,5.0,15.0,1.0,17.0,1.25,,,,,,0.0,LOW
Manewada Chowk,2025-09,2,1,1,4,2,6,2025-09-01,1.0,1.0,5.0,15.0,1.0,18.0,1.25,,,,,,0.0,LOW
Manewada Chowk,2025-12,1,1,0,5,0,3,2025-12-01,2.0,2.0,6.0,16.0,2.0,21.0,1.3333333333333333,,,,,,0.0,LOW
Manish Nagar-Besa Junction,2020-04,1,0,0,1,0,3,2020-04-01,,,,,,,,,,,,,0.0,LOW
Manish Nagar-Besa Junction,2020-07,1,0,0,3,0,3,2020-07-01,1.0,1.0,,,,,,2020-07-01,1.0,0.0,0.0,1.0,1.2,MEDIUM
Manish Nagar-Besa Junction,2020-08,1,0,0,1,0,2,2020-08-01,1.0,1.0,,,,,,,,,,,0.0,LOW
Manish Nagar-Besa Junction,2021-06,1,0,0,1,0,4,2021-06-01,1.0,1.0,3.0,,,,,,,,,,0.0,LOW
Manish Nagar-Besa Junction,2021-08,1,0,0,1,0,1,2021-08-01,1.0,1.0,3.0,,,,,2021-08-01,1.0,0.0,0.0,1.0,1.2,MEDIUM
Manish Nagar-Besa Junction,2021-09,1,0,0,1,0,4,2021-09-01,1.0,1.0,3.0,,,,,2021-09-01,1.0,0.0,0.0,0.0,1.0,MEDIUM
Manish Nagar-Besa Junction,2021-10,1,0,0,0,0,2,2021-10-01,1.0,1.0,3.0,,,,,2021-10-01,2.0,0.0,0.0,0.0,2.0,HIGH
Manish Nagar-Besa Junction,2021-11,2,0,0,0,0,7,2021-11-01,1.0,1.0,3.0,,,,,2021-11-01,1.0,0.0,0.0,2.0,1.4,HIGH
Manish Nagar-Besa Junction,2021-12,1,0,0,2,0,4,2021-12-01,2.0,2.0,4.0,,,,,2021-12-01,1.0,0.0,0.0,3.0,1.6,HIGH
Manish Nagar-Besa Junction,2022-01,1,0,0,3,0,2,2022-01-01,1.0,1.0,4.0,,,,,,,,,,0.0,LOW
Manish Nagar-Besa Junction,2022-04,1,0,0,2,0,4,2022-04-01,1.0,1.0,4.0,,,,,,,,,,0.0,LOW
Manish Nagar-Besa Junction,2022-06,1,0,0,3,0,3,2022-06-01,1.0,1.0,3.0,,,,,2022-06-01,1.0,0.0,0.0,1.0,1.2,MEDIUM
Manish Nagar-Besa Junction,2022-07,1,0,0,1,0,2,2022-07-01,1.0,1.0,3.0,13.0,0.0,18.0,1.0833333333333333,,,,,,0.0,LOW
Manish Nagar-Besa Junction,2022-12,1,1,0,5,0,3,2022-12-01,1.0,1.0,3.0,13.0,0.0,18.0,1.0833333333333333,,,,,,0.0,LOW
Manish Nagar-Besa Junction,2023-02,4,0,0,4,0,10,2023-02-01,1.0,1.0,3.0,13.0,0.0,20.0,1.0833333333333333,2023-02-01,1.0,0.0,0.0,0.0,1.0,MEDIUM
Manish Nagar-Besa Junction,2023-03,1,0,0,0,0,2,2023-03-01,4.0,4.0,6.0,16.0,0.0,23.0,1.3333333333333333,2023-03-01,1.0,0.0,0.0,1.0,1.2,MEDIUM
Manish Nagar-Besa Junction,2023-04,1,0,0,1,0,1,2023-04-01,1.0,1.0,6.0,16.0,0.0,22.0,1.3333333333333333,2023-04-01,2.0,0.0,0.0,3.0,2.6,HIGH
Manish Nagar-Besa Junction,2023-05,2,0,0,3,0,6,2023-05-01,1.0,1.0,6.0,16.0,0.0,22.0,1.3333333333333333,,,,,,0.0,LOW
Manish Nagar-Besa Junction,2023-07,1,1,0,3,0,4,2023-07-01,2.0,2.0,4.0,17.0,0.0,24.0,1.4166666666666667,2023-07-01,1.0,0.0,0.0,0.0,1.0,MEDIUM
Manish Nagar-Besa Junction,2023-08,1,0,0,0,0,4,2023-08-01,1.0,1.0,4.0,17.0,0.0,27.0,1.4166666666666667,2023-08-01,1.0,0.0,0.0,1.0,1.2,MEDIUM
Manish Nagar-Besa Junction,2023-09,1,0,0,1,0,2,2023-09-01,1.0,1.0,4.0,16.0,0.0,27.0,1.3333333333333333,2023-09-01,1.0,1.0,0.0,5.0,5.0,HIGH
Manish Nagar-Besa Junction,2023-10,1,1,0,5,0,4,2023-10-01,1.0,1.0,3.0,16.0,0.0,26.0,1.3333333333333333,,,,,,0.0,LOW
Manish Nagar-Besa Junction,2023-12,2,0,0,5,0,5,2023-12-01,1.0,1.0,3.0,16.0,0.0,28.0,1.3333333333333333,2023-12-01,1.0,1.0,0.0,2.0,4.4,HIGH
Manish Nagar-Besa Junction,2024-01,1,1,0,2,0,4,2024-01-01,2.0,2.0,4.0,17.0,0.0,31.0,1.4166666666666667,,,,,,0.0,LOW
Manish Nagar-Besa Junction,2024-06,3,1,0,6,0,6,2024-06-01,1.0,1.0,4.0,17.0,0.0,30.0,1.4166666666666667,,,,,,0.0,LOW
Manish Nagar-Besa Junction,2024-10,2,1,0,4,0,7,2024-10-01,3.0,3.0,6.0,19.0,0.0,35.0,1.5833333333333333,2024-10-01,1.0,0.0,0.0,0.0,1.0,MEDIUM
Manish Nagar-Besa Junction,2024-11,1,0,0,0,0,4,2024-11-01,2.0,2.0,6.0,20.0,0.0,34.0,1.6666666666666667,2024-11-01,1.0,0.0,0.0,1.0,1.2,MEDIUM
Manish Nagar-Besa Junction,2024-12,1,0,0,1,0,1,2024-12-01,1.0,1.0,6.0,17.0,0.0,30.0,1.4166666666666667,2024-12-01,1.0,0.0,0.0,2.0,1.4,HIGH
Manish Nagar-Besa Junction,2025-01,1,0,0,2,0,4,2025-01-01,1.0,1.0,4.0,17.0,0.0,31.0,1.4166666666666667,2025-01-01,1.0,0.0,0.0,0.0,1.0,MEDIUM
Manish Nagar-Besa Junction,2025-02,1,0,0,0,0,2,2025-02-01,1.0,1.0,3.0,17.0,0.0,32.0,1.4166666666666667,,,,,,0.0,LOW
Manish Nagar-Besa Junction,2025-08,1,0,0,1,0,1,2025-08-01,1.0,1.0,3.0,16.0,0.0,29.0,1.3333333333333333,,,,,,0.0,LOW
Mate Chowk,2020-01,2,0,0,1,0,3,2020-01-01,,,,,,,,,,,,,0.0,LOW
Mate Chowk,2020-05,1,1,0,5,0,2,2020-05-01,2.0,2.0,,,,,,,,,,,0.0,LOW
Mate Chowk,2020-10,1,0,0,3,0,2,2020-10-01,1.0,1.0,,,,,,,,,,,0.0,LOW
Mate Chowk,2021-05,1,1,0,2,0,1,2021-05-01,1.0,1.0,4.0,,,,,,,,,,0.0,LOW
Mate Chowk,2021-10,1,0,0,1,0,4,2021-10-01,1.0,1.0,3.0,,,,,2021-10-01,1.0,0.0,0.0,1.0,1.2,MEDIUM
Mate Chowk,2021-11,1,0,0,1,0,2,2021-11-01,1.0,1.0,3.0,,,,,,,,,,0.0,LOW
Mate Chowk,2022-01,1,0,0,1,0,4,2022-01-01,1.0,1.0,3.0,,,,,,,,,,0.0,LOW
Mate Chowk,2022-05,3,0,0,1,0,4,2022-05-01,1.0,1.0,3.0,,,,,,,,,,0.0,LOW
Mate Chowk,2022-07,2,0,0,1,0,6,2022-07-01,3.0,3.0,5.0,,,,,,,,,,0.0,LOW
Mate Chowk,2022-09,1,0,0,0,0,4,2022-09-01,2.0,2.0,6.0,,,,,,,,,,0.0,LOW
Mate Chowk,2023-03,2,0,0,2,0,7,2023-03-01,1.0,1.0,6.0,,,,,,,,,,0.0,LOW
Mate Chowk,2023-06,1,0,0,0,0,3,2023-06-01,2.0,2.0,5.0,,,,,,,,,,0.0,LOW
Mate Chowk,2023-08,1,0,0,1,0,2,2023-08-01,1.0,1.0,4.0,17.0,0.0,18.0,1.4166666666666667,,,,,,0.0,LOW
Mate Chowk,2023-10,1,0,0,0,0,3,2023-10-01,1.0,1.0,4.0,16.0,0.0,18.0,1.3333333333333333,2023-10-01,1.0,0.0,0.0,1.0,1.2,MEDIUM
Mate Chowk,2023-11,1,0,0,1,0,4,2023-11-01,1.0,1.0,3.0,16.0,0.0,13.0,1.3333333333333333,2023-11-01,1.0,0.0,0.0,0.0,1.0,MEDIUM
Mate Chowk,2023-12,1,0,0,0,0,1,2023-12-01,1.0,1.0,3.0,16.0,0.0,11.0,1.3333333333333333,2023-12-01,4.0,0.0,0.0,4.0,4.8,HIGH
Mate Chowk,2024-01,4,0,0,4,0,6,2024-01-01,1.0,1.0,3.0,16.0,0.0,9.0,1.3333333333333333,,,,,,0.0,LOW
Mate Chowk,2024-04,1,0,0,0,0,1,2024-04-01,4.0,4.0,6.0,19.0,0.0,12.0,1.5833333333333333,,,,,,0.0,LOW
Mate Chowk,2024-07,2,1,0,7,0,4,2024-07-01,1.0,1.0,6.0,19.0,0.0,11.0,1.5833333333333333,2024-07-01,1.0,0.0,0.0,0.0,1.0,MEDIUM
Mate Chowk,2024-08,1,0,0,0,0,4,2024-08-01,2.0,2.0,7.0,20.0,0.0,17.0,1.6666666666666667,,,,,,0.0,LOW
Mate Chowk,2024-10,1,0,0,0,0,3,2024-10-01,1.0,1.0,4.0,18.0,0.0,16.0,1.5,,,,,,0.0,LOW
Mate Chowk,2024-12,1,0,0,1,0,4,2024-12-01,1.0,1.0,4.0,17.0,0.0,15.0,1.4166666666666667,2024-12-01,2.0,0.0,0.0,2.0,2.4,HIGH
Mate Chowk,2025-01,2,0,0,2,0,4,2025-01-01,1.0,1.0,3.0,17.0,0.0,16.0,1.4166666666666667,2025-01-01,1.0,0.0,0.0,1.0,1.2,MEDIUM
Mate Chowk,2025-02,1,0,0,1,0,2,2025-02-01,2.0,2.0,4.0,17.0,0.0,16.0,1.4166666666666667,,,,,,0.0,LOW
Mate Chowk,2025-05,1,0,0,1,0,2,2025-05-01,1.0,1.0,4.0,17.0,0.0,17.0,1.4166666666666667,2025-05-01,1.0,0.0,0.0,2.0,1.4,HIGH
Mate Chowk,2025-06,1,0,0,2,0,2,2025-06-01,1.0,1.0,4.0,17.0,0.0,17.0,1.4166666666666667,,,,,,0.0,LOW
Mate Chowk,2025-09,2,1,0,5,0,5,2025-09-01,1.0,1.0,3.0,17.0,0.0,19.0,1.4166666666666667,,,,,,0.0,LOW
Mate Chowk,2025-11,1,0,0,0,0,3,2025-11-01,2.0,2.0,4.0,18.0,0.0,23.0,1.5,2025-11-01,1.0,0.0,0.0,2.0,1.4,HIGH
Mate Chowk,2025-12,1,0,0,2,0,3,2025-12-01,1.0,1.0,4.0,18.0,0.0,23.0,1.5,,,,,,0.0,LOW
Medical Chowk,2020-01,1,0,0,0,0,3,2020-01-01,,,,,,,,2020-01-01,1.0,0.0,0.0,0.0,1.0,MEDIUM
Medical Chowk,2020-02,1,0,0,0,0,4,2020-02-01,1.0,1.0,,,,,,2020-02-01,2.0,1.0,0.0,5.0,6.0,HIGH
Medical Chowk,2020-03,2,1,0,5,0,6,2020-03-01,1.0,1.0,,,,,,2020-03-01,1.0,0.0,0.0,1.0,1.2,MEDIUM
Medical Chowk,2020-04,1,0,0,1,0,4,2020-04-01,2.0,2.0,4.0,,,,,2020-04-01,1.0,0.0,0.0,3.0,1.6,HIGH
Medical Chowk,2020-05,1,0,0,3,0,3,2020-05-01,1.0,1.0,4.0,,,,,,,,,,0.0,LOW
Medical Chowk,2020-07,1,0,0,1,0,3,2020-07-01,1.0,1.0,4.0,,,,,,,,,,0.0,LOW
Medical Chowk,2020-09,2,0,0,1,0,5,2020-09-01,1.0,1.0,3.0,,,,,2020-09-01,1.0,1.0,1.0,4.0,9.8,HIGH
Medical Chowk,2020-10,1,1,1,4,2,2,2020-10-01,2.0,2.0,4.0,,,,,,,,,,0.0,LOW
Medical Chowk,2020-12,1,1,0,2,0,2,2020-12-01,1.0,1.0,4.0,,,,,,,,,,0.0,LOW
Medical Chowk,2021-02,1,0,0,1,0,4,2021-02-01,1.0,1.0,4.0,,,,,,,,,,0.0,LOW
Medical Chowk,2021-04,1,0,0,0,0,1,2021-04-01,1.0,1.0,3.0,,,,,,,,,,0.0,LOW
Medical Chowk,2021-06,1,0,0,3,0,1,2021-06-01,1.0,1.0,3.0,,,,,,,,,,0.0,LOW
Medical Chowk,2021-11,2,0,0,0,0,7,2021-11-01,1.0,1.0,3.0,14.0,1.0,21.0,1.1666666666666667,,,,,,0.0,LOW
Medical Chowk,2022-02,2,1,0,5,0,7,2022-02-01,2.0,2.0,4.0,15.0,1.0,21.0,1.25,2022-02-01,3.0,1.0,1.0,4.0,11.8,HIGH
Medical Chowk,2022-03,3,1,1,4,2,8,2022-03-01,2.0,2.0,5.0,16.0,1.0,26.0,1.3333333333333333,,,,,,0.0,LOW
Medical Chowk,2022-05,1,0,0,1,0,3,2022-05-01,3.0,3.0,7.0,17.0,2.0,25.0,1.4166666666666667,,,,,,0.0,LOW
Medical Chowk,2022-08,1,0,0,0,0,1,2022-08-01,1.0,1.0,6.0,17.0,2.0,25.0,1.4166666666666667,2022-08-01,2.0,0.0,0.0,2.0,2.4,HIGH
Medical Chowk,2022-09,2,0,0,2,0,3,2022-09-01,1.0,1.0,5.0,17.0,2.0,22.0,1.4166666666666667,,,,,,0.0,LOW
Medical Chowk,2022-12,2,0,0,1,0,5,2022-12-01,2.0,2.0,4.0,18.0,2.0,23.0,1.5,2022-12-01,1.0,0.0,0.0,1.0,1.2,MEDIUM
Medical Chowk,2023-01,1,0,0,1,0,2,2023-01-01,2.0,2.0,5.0,18.0,2.0,23.0,1.5,2023-01-01,1.0,0.0,0.0,2.0,1.4,HIGH
Medical Chowk,2023-02,1,0,0,2,0,2,2023-02-01,1.0,1.0,5.0,18.0,1.0,20.0,1.5,2023-02-01,6.0,1.0,1.0,3.0,14.6,HIGH
Medical Chowk,2023-03,6,1,1,3,2,16,2023-03-01,1.0,1.0,4.0,18.0,1.0,20.0,1.5,2023-03-01,2.0,0.0,0.0,3.0,2.6,HIGH
Medical Chowk,2023-04,2,0,0,3,0,6,2023-04-01,6.0,6.0,8.0,23.0,2.0,22.0,1.9166666666666667,2023-04-01,1.0,0.0,0.0,2.0,1.4,HIGH
Medical Chowk,2023-05,1,0,0,2,0,2,2023-05-01,2.0,2.0,9.0,24.0,2.0,25.0,2.0,,,,,,0.0,LOW
Medical Chowk,2023-07,1,0,0,1,0,4,2023-07-01,1.0,1.0,9.0,24.0,2.0,24.0,2.0,,,,,,0.0,LOW
Medical Chowk,2023-09,1,0,0,1,0,2,2023-09-01,1.0,1.0,4.0,23.0,2.0,25.0,1.9166666666666667,2023-09-01,1.0,0.0,0.0,1.0,1.2,MEDIUM
Medical Chowk,2023-10,1,0,0,1,0,1,2023-10-01,1.0,1.0,3.0,22.0,2.0,21.0,1.8333333333333333,,,,,,0.0,LOW
Medical Chowk,2023-12,1,0,0,0,0,3,2023-12-01,1.0,1.0,3.0,20.0,1.0,18.0,1.6666666666666667,,,,,,0.0,LOW
Medical Chowk,2024-03,1,0,0,1,0,4,2024-03-01,1.0,1.0,3.0,20.0,1.0,17.0,1.6666666666666667,2024-03-01,4.0,1.0,0.0,7.0,8.4,HIGH
Medical Chowk,2024-04,4,1,0,7,0,13,2024-04-01,1.0,1.0,3.0,20.0,1.0,18.0,1.6666666666666667,2024-04-01,2.0,0.0,0.0,2.0,2.4,HIGH
Medical Chowk,2024-05,2,0,0,2,0,2,2024-05-01,4.0,4.0,6.0,22.0,1.0,23.0,1.8333333333333333,,,,,,0.0,LOW
Medical Chowk,2024-07,3,1,0,4,0,9,2024-07-01,2.0,2.0,7.0,22.0,1.0,24.0,1.8333333333333333,,,,,,0.0,LOW
Medical Chowk,2024-09,1,0,0,0,0,3,2024-09-01,3.0,3.0,9.0,24.0,1.0,27.0,2.0,2024-09-01,1.0,1.0,0.0,4.0,4.8,HIGH
Medical Chowk,2024-10,1,1,0,4,0,4,2024-10-01,1.0,1.0,6.0,24.0,1.0,25.0,2.0,2024-10-01,2.0,0.0,0.0,2.0,2.4,HIGH
Medical Chowk,2024-11,2,0,0,2,0,7,2024-11-01,1.0,1.0,5.0,19.0,0.0,26.0,1.5833333333333333,,,,,,0.0,LOW
Medical Chowk,2025-01,1,0,0,1,0,2,2025-01-01,2.0,2.0,4.0,19.0,0.0,25.0,1.5833333333333333,,,,,,0.0,LOW
Medical Chowk,2025-03,2,0,0,1,0,6,2025-03-01,1.0,1.0,4.0,19.0,0.0,24.0,1.5833333333333333,2025-03-01,1.0,0.0,0.0,1.0,1.2,MEDIUM
Medical Chowk,2025-04,1,0,0,1,0,1,2025-04-01,2.0,2.0,5.0,20.0,0.0,24.0,1.6666666666666667,2025-04-01,1.0,0.0,0.0,0.0,1.0,MEDIUM
Medical Chowk,2025-05,1,0,0,0,0,3,2025-05-01,1.0,1.0,4.0,20.0,0.0,24.0,1.6666666666666667,2025-05-01,1.0,1.0,0.0,2.0,4.4,HIGH
Medical Chowk,2025-06,1,1,0,2,0,1,2025-06-01,1.0,1.0,4.0,20.0,0.0,23.0,1.6666666666666667,,,,,,0.0,LOW
Medical Chowk,2025-08,4,1,0,7,0,9,2025-08-01,1.0,1.0,3.0,20.0,0.0,25.0,1.6666666666666667,,,,,,0.0,LOW
Medical Chowk,2025-10,2,1,0,4,0,7,2025-10-01,4.0,4.0,6.0,23.0,0.0,31.0,1.9166666666666667,2025-10-01,1.0,0.0,0.0,3.0,1.6,HIGH
Medical Chowk,2025-11,1,0,0,3,0,3,2025-11-01,2.0,2.0,7.0,21.0,0.0,28.0,1.75,2025-11-01,2.0,2.0,0.0,8.0,9.6,HIGH
Medical Chowk,2025-12,2,2,0,8,0,5,2025-12-01,1.0,1.0,7.0,20.0,0.0,29.0,1.6666666666666667,,,,,,0.0,LOW
Mental Hospital Chowk,2020-10,1,0,0,1,0,4,2020-10-01,,,,,,,,,,,,,0.0,LOW
Mental Hospital Chowk,2020-12,1,0,0,1,0,3,2020-12-01,1.0,1.0,,,,,,,,,,,0.0,LOW
Mental Hospital Chowk,2021-06,1,0,0,1,0,1,2021-06-01,1.0,1.0,,,,,,,,,,,0.0,LOW
Mental Hospital Chowk,2022-05,1,0,0,3,0,2,2022-05-01,1.0,1.0,3.0,,,,,2022-05-01,2.0,0.0,0.0,3.0,2.6,HIGH
Mental Hospital Chowk,2022-06,2,0,0,3,0,6,2022-06-01,1.0,1.0,3.0,,,,,2022-06-01,1.0,0.0,0.0,1.0,1.2,MEDIUM
Mental Hospital Chowk,2022-07,1,0,0,1,0,3,2022-07-01,2.0,2.0,4.0,,,,,2022-07-01,1.0,0.0,0.0,2.0,1.4,HIGH
Mental Hospital Chowk,2022-08,1,0,0,2,0,2,2022-08-01,1.0,1.0,4.0,,,,,2022-08-01,1.0,0.0,0.0,2.0,1.4,HIGH
Mental Hospital Chowk,2022-09,1,0,0,2,0,3,2022-09-01,1.0,1.0,4.0,,,,,,,,,,0.0,LOW
Mental Hospital Chowk,2023-01,1,0,0,0,0,1,2023-01-01,1.0,1.0,3.0,,,,,,,,,,0.0,LOW
Mental Hospital Chowk,2023-07,1,0,0,1,0,3,2023-07-01,1.0,1.0,3.0,,,,,2023-07-01,2.0,0.0,0.0,2.0,2.4,HIGH
Mental Hospital Chowk,2023-08,2,0,0,2,0,3,2023-08-01,1.0,1.0,3.0,,,,,,,,,,0.0,LOW
Mental Hospital Chowk,2023-10,1,1,0,5,0,1,2023-10-01,2.0,2.0,4.0,,,,,,,,,,0.0,LOW
Mental Hospital Chowk,2024-01,2,1,0,5,0,7,2024-01-01,1.0,1.0,4.0,14.0,0.0,22.0,1.1666666666666667,,,,,,0.0,LOW
Mental Hospital Chowk,2024-03,3,1,0,8,0,6,2024-03-01,2.0,2.0,5.0,15.0,0.0,26.0,1.25,,,,,,0.0,LOW
Mental Hospital Chowk,2024-08,3,1,1,5,1,7,2024-08-01,3.0,3.0,6.0,17.0,0.0,33.0,1.4166666666666667,2024-08-01,1.0,0.0,0.0,1.0,1.2,MEDIUM
Mental Hospital Chowk,2024-09,1,0,0,1,0,4,2024-09-01,3.0,3.0,8.0,19.0,1.0,37.0,1.5833333333333333,,,,,,0.0,LOW
Mental Hospital Chowk,2024-11,1,0,0,1,0,4,2024-11-01,1.0,1.0,7.0,19.0,1.0,35.0,1.5833333333333333,2024-11-01,1.0,0.0,0.0,1.0,1.2,MEDIUM
Mental Hospital Chowk,2024-12,1,0,0,1,0,4,2024-12-01,1.0,1.0,5.0,18.0,1.0,33.0,1.5,2024-12-01,1.0,0.0,0.0,2.0,1.4,HIGH
Mental Hospital Chowk,2025-01,1,0,0,2,0,4,2025-01-01,1.0,1.0,3.0,18.0,1.0,33.0,1.5,,,,,,0.0,LOW
Mental Hospital Chowk,2025-08,3,1,0,5,0,9,2025-08-01,1.0,1.0,3.0,18.0,1.0,33.0,1.5,,,,,,0.0,LOW
Mental Hospital Chowk,2025-12,1,0,0,2,0,1,2025-12-01,3.0,3.0,5.0,20.0,1.0,36.0,1.6666666666666667,,,,,,0.0,LOW
Pardi Chowk,2020-02,1,0,0,1,0,4,2020-02-01,,,,,,,,,,,,,0.0,LOW
Pardi Chowk,2020-06,1,0,0,1,0,1,2020-06-01,1.0,1.0,,,,,,2020-06-01,1.0,0.0,0.0,1.0,1.2,MEDIUM
Pardi Chowk,2020-07,1,0,0,1,0,4,2020-07-01,1.0,1.0,,,,,,,,,,,0.0,LOW
Pardi Chowk,2020-10,1,0,0,3,0,4,2020-10-01,1.0,1.0,3.0,,,,,,,,,,0.0,LOW
Pardi Chowk,2020-12,1,0,0,0,0,3,2020-12-01,1.0,1.0,3.0,,,,,,,,,,0.0,LOW
Pardi Chowk,2021-11,1,0,0,1,0,2,2021-11-01,1.0,1.0,3.0,,,,,,,,,,0.0,LOW
Pardi Chowk,2022-03,1,0,0,0,0,3,2022-03-01,1.0,1.0,3.0,,,,,,,,,,0.0,LOW
Pardi Chowk,2022-10,2,0,0,2,0,5,2022-10-01,1.0,1.0,3.0,,,,,,,,,,0.0,LOW
Pardi Chowk,2023-01,2,0,0,2,0,7,2023-01-01,2.0,2.0,4.0,,,,,2023-01-01,1.0,0.0,0.0,1.0,1.2,MEDIUM
Pardi Chowk,2023-02,1,0,0,1,0,4,2023-02-01,2.0,2.0,5.0,,,,,2023-02-01,2.0,0.0,0.0,4.0,2.8,HIGH
Pardi Chowk,2023-03,2,0,0,4,0,5,2023-03-01,1.0,1.0,5.0,,,,,,,,,,0.0,LOW
Pardi Chowk,2023-06,2,1,0,8,0,8,2023-06-01,2.0,2.0,5.0,,,,,,,,,,0.0,LOW
Pardi Chowk,2023-10,1,0,0,0,0,1,2023-10-01,2.0,2.0,5.0,16.0,0.0,24.0,1.3333333333333333,2023-10-01,1.0,0.0,0.0,1.0,1.2,MEDIUM
Pardi Chowk,2023-11,1,0,0,1,0,1,2023-11-01,1.0,1.0,5.0,16.0,0.0,23.0,1.3333333333333333,2023-11-01,1.0,0.0,0.0,0.0,1.0,MEDIUM
Pardi Chowk,2023-12,1,0,0,0,0,2,2023-12-01,1.0,1.0,4.0,16.0,0.0,23.0,1.3333333333333333,,,,,,0.0,LOW
Pardi Chowk,2024-02,2,1,0,5,0,5,2024-02-01,1.0,1.0,3.0,16.0,0.0,22.0,1.3333333333333333,,,,,,0.0,LOW
Pardi Chowk,2024-04,1,0,0,1,0,2,2024-04-01,2.0,2.0,4.0,17.0,0.0,24.0,1.4166666666666667,,,,,,0.0,LOW
Pardi Chowk,2024-09,1,0,0,0,0,3,2024-09-01,1.0,1.0,4.0,17.0,0.0,25.0,1.4166666666666667,2024-09-01,1.0,0.0,0.0,0.0,1.0,MEDIUM
Pardi Chowk,2024-10,1,0,0,0,0,4,2024-10-01,1.0,1.0,4.0,17.0,0.0,24.0,1.4166666666666667,,,,,,0.0,LOW
Pardi Chowk,2025-01,1,0,0,2,0,3,2025-01-01,1.0,1.0,3.0,17.0,0.0,24.0,1.4166666666666667,,,,,,0.0,LOW
Pardi Chowk,2025-03,3,1,0,8,0,5,2025-03-01,1.0,1.0,3.0,16.0,0.0,24.0,1.3333333333333333,2025-03-01,1.0,0.0,0.0,1.0,1.2,MEDIUM
Pardi Chowk,2025-04,1,0,0,1,0,2,2025-04-01,3.0,3.0,5.0,17.0,0.0,30.0,1.4166666666666667,,,,,,0.0,LOW
Pardi Chowk,2025-06,1,0,0,0,0,1,2025-06-01,1.0,1.0,5.0,17.0,0.0,30.0,1.4166666666666667,2025-06-01,1.0,1.0,0.0,4.0,4.8,HIGH
Pardi Chowk,2025-07,1,1,0,4,0,2,2025-07-01,1.0,1.0,5.0,16.0,0.0,26.0,1.3333333333333333,2025-07-01,1.0,0.0,0.0,1.0,1.2,MEDIUM
Pardi Chowk,2025-08,1,0,0,1,0,2,2025-08-01,1.0,1.0,3.0,15.0,0.0,22.0,1.25,,,,,,0.0,LOW
Pratap Nagar Chowk,2020-02,2,1,0,2,0,3,2020-02-01,,,,,,,,,,,,,0.0,LOW
Pratap Nagar Chowk,2020-04,1,0,0,0,0,2,2020-04-01,2.0,2.0,,,,,,2020-04-01,1.0,1.0,0.0,3.0,4.6,HIGH
Pratap Nagar Chowk,2020-05,1,1,0,3,0,3,2020-05-01,1.0,1.0,,,,,,2020-05-01,1.0,0.0,0.0,0.0,1.0,MEDIUM
Pratap Nagar Chowk,2020-06,1,0,0,0,0,4,2020-06-01,1.0,1.0,4.0,,,,,2020-06-01,2.0,0.0,0.0,1.0,2.2,HIGH
Pratap Nagar Chowk,2020-07,2,0,0,1,0,4,2020-07-01,1.0,1.0,3.0,,,,,,,,,,0.0,LOW
Pratap Nagar Chowk,2020-09,1,0,0,0,0,1,2020-09-01,2.0,2.0,4.0,,,,,,,,,,0.0,LOW
Pratap Nagar Chowk,2020-11,1,1,1,1,2,3,2020-11-01,1.0,1.0,4.0,,,,,,,,,,0.0,LOW
Pratap Nagar Chowk,2021-01,1,1,0,2,0,1,2021-01-01,1.0,1.0,4.0,,,,,2021-01-01,1.0,0.0,0.0,0.0,1.0,MEDIUM
Pratap Nagar Chowk,2021-02,1,0,0,0,0,4,2021-02-01,1.0,1.0,3.0,,,,,,,,,,0.0,LOW
Pratap Nagar Chowk,2021-08,2,0,0,2,0,6,2021-08-01,1.0,1.0,3.0,,,,,,,,,,0.0,LOW
Pratap Nagar Chowk,2021-12,1,0,0,2,0,2,2021-12-01,2.0,2.0,4.0,,,,,2021-12-01,1.0,1.0,0.0,2.0,4.4,HIGH
Pratap Nagar Chowk,2022-01,1,1,0,2,0,4,2022-01-01,1.0,1.0,4.0,,,,,2022-01-01,2.0,0.0,0.0,2.0,2.4,HIGH
Pratap Nagar Chowk,2022-02,2,0,0,2,0,5,2022-02-01,1.0,1.0,4.0,15.0,1.0,15.0,1.25,,,,,,0.0,LOW
Pratap Nagar Chowk,2022-05,1,0,0,0,0,2,2022-05-01,2.0,2.0,4.0,15.0,1.0,15.0,1.25,,,,,,0.0,LOW
Pratap Nagar Chowk,2022-07,1,0,0,1,0,2,2022-07-01,1.0,1.0,4.0,15.0,1.0,15.0,1.25,,,,,,0.0,LOW
Pratap Nagar Chowk,2022-09,1,0,0,0,0,3,2022-09-01,1.0,1.0,4.0,15.0,1.0,13.0,1.25,2022-09-01,1.0,0.0,0.0,1.0,1.2,MEDIUM
Pratap Nagar Chowk,2022-10,1,0,0,1,0,2,2022-10-01,1.0,1.0,3.0,15.0,1.0,13.0,1.25,,,,,,0.0,LOW
Pratap Nagar Chowk,2023-01,2,1,1,2,1,7,2023-01-01,1.0,1.0,3.0,14.0,1.0,13.0,1.1666666666666667,,,,,,0.0,LOW
Pratap Nagar Chowk,2023-03,1,0,0,0,0,2,2023-03-01,2.0,2.0,4.0,15.0,2.0,15.0,1.25,2023-03-01,2.0,0.0,0.0,2.0,2.4,HIGH
Pratap Nagar Chowk,2023-04,2,0,0,2,0,6,2023-04-01,1.0,1.0,4.0,15.0,1.0,14.0,1.25,2023-04-01,2.0,0.0,0.0,2.0,2.4,HIGH
Pratap Nagar Chowk,2023-05,2,0,0,2,0,6,2023-05-01,2.0,2.0,5.0,16.0,1.0,14.0,1.3333333333333333,2023-05-01,3.0,1.0,0.0,7.0,7.4,HIGH
Pratap Nagar Chowk,2023-06,3,1,0,7,0,6,2023-06-01,2.0,2.0,5.0,17.0,1.0,16.0,1.4166666666666667,2023-06-01,1.0,0.0,0.0,3.0,1.6,HIGH
Pratap Nagar Chowk,2023-07,1,0,0,3,0,3,2023-07-01,3.0,3.0,7.0,18.0,1.0,21.0,1.5,,,,,,0.0,LOW
Pratap Nagar Chowk,2023-09,3,1,0,7,0,6,2023-09-01,1.0,1.0,6.0,18.0,1.0,22.0,1.5,2023-09-01,1.0,0.0,0.0,1.0,1.2,MEDIUM
Pratap Nagar Chowk,2023-10,1,0,0,1,0,2,2023-10-01,3.0,3.0,7.0,20.0,1.0,27.0,1.6666666666666667,2023-10-01,2.0,0.0,0.0,0.0,2.0,HIGH
Pratap Nagar Chowk,2023-11,2,0,0,0,0,3,2023-11-01,1.0,1.0,5.0,19.0,1.0,26.0,1.5833333333333333,2023-11-01,3.0,0.0,0.0,2.0,3.4,HIGH
Pratap Nagar Chowk,2023-12,3,0,0,2,0,12,2023-12-01,2.0,2.0,6.0,20.0,1.0,26.0,1.6666666666666667,2023-12-01,1.0,0.0,0.0,1.0,1.2,MEDIUM
Pratap Nagar Chowk,2024-01,1,0,0,1,0,3,2024-01-01,3.0,3.0,6.0,22.0,1.0,27.0,1.8333333333333333,2024-01-01,2.0,1.0,0.0,3.0,5.6,HIGH
Pratap Nagar Chowk,2024-02,2,1,0,3,0,7,2024-02-01,1.0,1.0,6.0,22.0,1.0,28.0,1.8333333333333333,,,,,,0.0,LOW
Pratap Nagar Chowk,2024-04,2,0,0,2,0,2,2024-04-01,2.0,2.0,6.0,23.0,1.0,30.0,1.9166666666666667,2024-04-01,1.0,0.0,0.0,0.0,1.0,MEDIUM
Pratap Nagar Chowk,2024-05,1,0,0,0,0,2,2024-05-01,2.0,2.0,5.0,23.0,0.0,30.0,1.9166666666666667,2024-05-01,1.0,0.0,0.0,2.0,1.4,HIGH
Pratap Nagar Chowk,2024-06,1,0,0,2,0,1,2024-06-01,1.0,1.0,5.0,23.0,0.0,30.0,1.9166666666666667,,,,,,0.0,LOW
Pratap Nagar Chowk,2024-09,1,0,0,1,0,3,2024-09-01,1.0,1.0,4.0,22.0,0.0,30.0,1.8333333333333333,,,,,,0.0,LOW
Pratap Nagar Chowk,2024-12,1,0,0,1,0,1,2024-12-01,1.0,1.0,3.0,21.0,0.0,29.0,1.75,2024-12-01,2.0,0.0,0.0,1.0,2.2,HIGH
Pratap Nagar Chowk,2025-01,2,0,0,1,0,7,2025-01-01,1.0,1.0,3.0,19.0,0.0,23.0,1.5833333333333333,2025-01-01,1.0,0.0,0.0,1.0,1.2,MEDIUM
Pratap Nagar Chowk,2025-02,1,0,0,1,0,3,2025-02-01,2.0,2.0,4.0,20.0,0.0,21.0,1.6666666666666667,2025-02-01,1.0,1.0,0.0,4.0,4.8,HIGH
Pratap Nagar Chowk,2025-03,1,1,0,4,0,1,2025-03-01,1.0,1.0,4.0,18.0,0.0,15.0,1.5,,,,,,0.0,LOW
Pratap Nagar Chowk,2025-05,2,1,0,5,0,4,2025-05-01,1.0,1.0,4.0,18.0,0.0,18.0,1.5,2025-05-01,2.0,0.0,0.0,4.0,2.8,HIGH
Pratap Nagar Chowk,2025-06,2,0,0,4,0,2,2025-06-01,2.0,2.0,4.0,18.0,0.0,23.0,1.5,,,,,,0.0,LOW
Pratap Nagar Chowk,2025-09,2,2,0,5,0,7,2025-09-01,2.0,2.0,5.0,17.0,0.0,25.0,1.4166666666666667,2025-09-01,2.0,0.0,0.0,3.0,2.6,HIGH
Pratap Nagar Chowk,2025-10,2,0,0,3,0,5,2025-10-01,2.0,2.0,6.0,18.0,0.0,29.0,1.5,,,,,,0.0,LOW
Pratap Nagar Chowk,2025-12,2,2,0,8,0,5,2025-12-01,2.0,2.0,6.0,18.0,0.0,29.0,1.5,,,,,,0.0,LOW
RBI Chowk,2020-05,1,0,0,0,0,1,2020-05-01,,,,,,,,,,,,,0.0,LOW
RBI Chowk,2020-07,1,0,0,1,0,3,2020-07-01,1.0,1.0,,,,,,,,,,,0.0,LOW
RBI Chowk,2020-10,1,0,0,0,0,2,2020-10-01,1.0,1.0,,,,,,,,,,,0.0,LOW
RBI Chowk,2021-01,1,0,0,3,0,2,2021-01-01,1.0,1.0,3.0,,,,,2021-01-01,1.0,0.0,0.0,1.0,1.2,MEDIUM
RBI Chowk,2021-02,1,0,0,1,0,4,2021-02-01,1.0,1.0,3.0,,,,,,,,,,0.0,LOW
RBI Chowk,2022-03,1,0,0,3,0,3,2022-03-01,1.0,1.0,3.0,,,,,,,,,,0.0,LOW
RBI Chowk,2022-10,1,0,0,3,0,3,2022-10-01,1.0,1.0,3.0,,,,,,,,,,0.0,LOW
RBI Chowk,2023-02,1,0,0,0,0,2,2023-02-01,1.0,1.0,3.0,,,,,2023-02-01,1.0,0.0,0.0,1.0,1.2,MEDIUM
RBI Chowk,2023-03,1,0,0,1,0,4,2023-03-01,1.0,1.0,3.0,,,,,2023-03-01,1.0,0.0,0.0,1.0,1.2,MEDIUM
RBI Chowk,2023-04,1,0,0,1,0,1,2023-04-01,1.0,1.0,3.0,,,,,2023-04-01,1.0,0.0,0.0,1.0,1.2,MEDIUM
RBI Chowk,2023-05,1,0,0,1,0,3,2023-05-01,1.0,1.0,3.0,,,,,2023-05-01,1.0,0.0,0.0,2.0,1.4,HIGH
RBI Chowk,2023-06,1,0,0,2,0,3,2023-06-01,1.0,1.0,3.0,,,,,2023-06-01,1.0,0.0,0.0,1.0,1.2,MEDIUM
RBI Chowk,2023-07,1,0,0,1,0,3,2023-07-01,1.0,1.0,3.0,12.0,0.0,16.0,1.0,,,,,,0.0,LOW
RBI Chowk,2024-03,1,0,0,2,0,2,2024-03-01,1.0,1.0,3.0,12.0,0.0,17.0,1.0,,,,,,0.0,LOW
RBI Chowk,2024-06,2,0,0,2,0,2,2024-06-01,1.0,1.0,3.0,12.0,0.0,18.0,1.0,,,,,,0.0,LOW
RBI Chowk,2024-08,2,1,0,6,0,4,2024-08-01,2.0,2.0,4.0,13.0,0.0,20.0,1.0833333333333333,,,,,,0.0,LOW
RBI Chowk,2024-12,1,0,0,2,0,1,2024-12-01,2.0,2.0,5.0,14.0,0.0,23.0,1.1666666666666667,,,,,,0.0,LOW
RBI Chowk,2025-02,2,0,0,0,0,4,2025-02-01,1.0,1.0,5.0,14.0,0.0,24.0,1.1666666666666667,,,,,,0.0,LOW
RBI Chowk,2025-05,2,0,0,1,0,5,2025-05-01,2.0,2.0,5.0,15.0,0.0,21.0,1.25,,,,,,0.0,LOW
RBI Chowk,2025-08,2,0,0,2,0,5,2025-08-01,2.0,2.0,5.0,16.0,0.0,19.0,1.3333333333333333,2025-08-01,2.0,1.0,0.0,3.0,5.6,HIGH
RBI Chowk,2025-09,2,1,0,3,0,5,2025-09-01,2.0,2.0,6.0,17.0,0.0,21.0,1.4166666666666667,,,,,,0.0,LOW
RBI Chowk,2025-12,1,1,0,4,0,4,2025-12-01,2.0,2.0,6.0,18.0,0.0,23.0,1.5,,,,,,0.0,LOW
Sakkardara Square,2020-06,1,0,0,1,0,4,2020-06-01,,,,,,,,,,,,,0.0,LOW
Sakkardara Square,2020-08,1,0,0,1,0,3,2020-08-01,1.0,1.0,,,,,,,,,,,0.0,LOW
Sakkardara Square,2020-12,2,0,0,2,0,3,2020-12-01,1.0,1.0,,,,,,,,,,,0.0,LOW
Sakkardara Square,2021-02,1,0,0,0,0,4,2021-02-01,2.0,2.0,4.0,,,,,,,,,,0.0,LOW
Sakkardara Square,2021-04,1,1,1,2,2,1,2021-04-01,1.0,1.0,4.0,,,,,,,,,,0.0,LOW
Sakkardara Square,2021-06,2,0,0,1,0,6,2021-06-01,1.0,1.0,4.0,,,,,,,,,,0.0,LOW
Sakkardara Square,2021-10,1,0,0,0,0,1,2021-10-01,2.0,2.0,4.0,,,,,2021-10-01,1.0,0.0,0.0,1.0,1.2,MEDIUM
Sakkardara Square,2021-11,1,0,0,1,0,3,2021-11-01,1.0,1.0,4.0,,,,,2021-11-01,1.0,0.0,0.0,1.0,1.2,MEDIUM
Sakkardara Square,2021-12,1,0,0,1,0,1,2021-12-01,1.0,1.0,4.0,,,,,2021-12-01,1.0,0.0,0.0,0.0,1.0,MEDIUM
Sakkardara Square,2022-01,1,0,0,0,0,2,2022-01-01,1.0,1.0,3.0,,,,,,,,,,0.0,LOW
Sakkardara Square,2022-05,1,0,0,1,0,2,2022-05-01,1.0,1.0,3.0,,,,,,,,,,0.0,LOW
Sakkardara Square,2022-07,1,0,0,1,0,2,2022-07-01,1.0,1.0,3.0,,,,,,,,,,0.0,LOW
Sakkardara Square,2022-10,1,0,0,2,0,3,2022-10-01,1.0,1.0,3.0,14.0,1.0,11.0,1.1666666666666667,2022-10-01,1.0,0.0,0.0,1.0,1.2,MEDIUM
Sakkardara Square,2022-11,1,0,0,1,0,1,2022-11-01,1.0,1.0,3.0,14.0,1.0,12.0,1.1666666666666667,,,,,,0.0,LOW
Sakkardara Square,2023-01,2,0,0,1,0,6,2023-01-01,1.0,1.0,3.0,14.0,1.0,12.0,1.1666666666666667,,,,,,0.0,LOW
Sakkardara Square,2023-05,1,1,0,5,0,2,2023-05-01,2.0,2.0,4.0,14.0,1.0,11.0,1.1666666666666667,,,,,,0.0,LOW
Sakkardara Square,2023-07,2,0,0,2,0,8,2023-07-01,1.0,1.0,4.0,14.0,1.0,16.0,1.1666666666666667,2023-07-01,2.0,0.0,0.0,3.0,2.6,HIGH
Sakkardara Square,2023-08,2,0,0,3,0,2,2023-08-01,2.0,2.0,5.0,15.0,0.0,16.0,1.25,,,,,,0.0,LOW
Sakkardara Square,2023-12,1,0,0,1,0,2,2023-12-01,2.0,2.0,5.0,15.0,0.0,18.0,1.25,,,,,,0.0,LOW
Sakkardara Square,2024-02,1,1,1,1,2,3,2024-02-01,1.0,1.0,5.0,15.0,0.0,19.0,1.25,2024-02-01,2.0,2.0,1.0,6.0,14.2,HIGH
Sakkardara Square,2024-03,2,2,1,6,2,6,2024-03-01,1.0,1.0,4.0,15.0,1.0,19.0,1.25,,,,,,0.0,LOW
Sakkardara Square,2024-08,1,0,0,1,0,3,2024-08-01,2.0,2.0,4.0,16.0,2.0,24.0,1.3333333333333333,2024-08-01,1.0,1.0,1.0,2.0,9.4,HIGH
Sakkardara Square,2024-09,1,1,1,2,1,1,2024-09-01,1.0,1.0,4.0,16.0,2.0,25.0,1.3333333333333333,,,,,,0.0,LOW
Sakkardara Square,2024-11,1,0,0,1,0,3,2024-11-01,1.0,1.0,4.0,16.0,3.0,26.0,1.3333333333333333,,,,,,0.0,LOW
Sakkardara Square,2025-01,1,0,0,1,0,4,2025-01-01,1.0,1.0,3.0,16.0,3.0,26.0,1.3333333333333333,2025-01-01,1.0,0.0,0.0,0.0,1.0,MEDIUM
Sakkardara Square,2025-02,1,0,0,0,0,3,2025-02-01,1.0,1.0,3.0,16.0,3.0,25.0,1.3333333333333333,,,,,,0.0,LOW
Sakkardara Square,2025-05,1,1,0,4,0,4,2025-05-01,1.0,1.0,3.0,16.0,3.0,24.0,1.3333333333333333,,,,,,0.0,LOW
Sakkardara Square,2025-07,1,1,0,3,0,2,2025-07-01,1.0,1.0,3.0,15.0,3.0,27.0,1.25,2025-07-01,1.0,0.0,0.0,0.0,1.0,MEDIUM
Sakkardara Square,2025-08,1,0,0,0,0,2,2025-08-01,1.0,1.0,3.0,15.0,3.0,25.0,1.25,,,,,,0.0,LOW
Sakkardara Square,2025-11,1,0,0,1,0,2,2025-11-01,1.0,1.0,3.0,14.0,3.0,23.0,1.1666666666666667,2025-11-01,2.0,0.0,0.0,3.0,2.6,HIGH
Sakkardara Square,2025-12,2,0,0,3,0,5,2025-12-01,1.0,1.0,3.0,13.0,3.0,21.0,1.0833333333333333,,,,,,0.0,LOW
Shankar Nagar Square,2020-05,1,1,1,1,1,3,2020-05-01,,,,,,,,,,,,,0.0,LOW
Shankar Nagar Square,2021-04,1,0,0,1,0,4,2021-04-01,1.0,1.0,,,,,,2021-04-01,1.0,0.0,0.0,2.0,1.4,HIGH
Shankar Nagar Square,2021-05,1,0,0,2,0,4,2021-05-01,1.0,1.0,,,,,,,,,,,0.0,LOW
Shankar Nagar Square,2021-08,1,0,0,0,0,3,2021-08-01,1.0,1.0,3.0,,,,,,,,,,0.0,LOW
Shankar Nagar Square,2021-11,1,0,0,2,0,1,2021-11-01,1.0,1.0,3.0,,,,,,,,,,0.0,LOW
Shankar Nagar Square,2022-01,1,0,0,1,0,2,2022-01-01,1.0,1.0,3.0,,,,,,,,,,0.0,LOW
Shankar Nagar Square,2022-05,1,0,0,0,0,2,2022-05-01,1.0,1.0,3.0,,,,,2022-05-01,1.0,0.0,0.0,1.0,1.2,MEDIUM
Shankar Nagar Square,2022-06,1,0,0,1,0,3,2022-06-01,1.0,1.0,3.0,,,,,,,,,,0.0,LOW
Shankar Nagar Square,2022-09,1,1,0,2,0,4,2022-09-01,1.0,1.0,3.0,,,,,,,,,,0.0,LOW
Shankar Nagar Square,2022-12,1,0,0,1,0,3,2022-12-01,1.0,1.0,3.0,,,,,,,,,,0.0,LOW
Shankar Nagar Square,2023-02,1,0,0,0,0,3,2023-02-01,1.0,1.0,3.0,,,,,2023-02-01,2.0,0.0,0.0,2.0,2.4,HIGH
Shankar Nagar Square,2023-03,2,0,0,2,0,5,2023-03-01,1.0,1.0,3.0,,,,,2023-03-01,1.0,0.0,0.0,1.0,1.2,MEDIUM
Shankar Nagar Square,2023-04,1,0,0,1,0,4,2023-04-01,2.0,2.0,4.0,13.0,1.0,13.0,1.0833333333333333,2023-04-01,1.0,0.0,0.0,1.0,1.2,MEDIUM
Shankar Nagar Square,2023-05,1,0,0,1,0,4,2023-05-01,1.0,1.0,4.0,13.0,0.0,13.0,1.0833333333333333,,,,,,0.0,LOW
Shankar Nagar Square,2023-07,1,1,1,2,2,1,2023-07-01,1.0,1.0,4.0,13.0,0.0,13.0,1.0833333333333333,,,,,,0.0,LOW
Shankar Nagar Square,2023-10,1,0,0,1,0,3,2023-10-01,1.0,1.0,3.0,13.0,1.0,13.0,1.0833333333333333,,,,,,0.0,LOW
Shankar Nagar Square,2023-12,1,0,0,2,0,4,2023-12-01,1.0,1.0,3.0,13.0,1.0,14.0,1.0833333333333333,,,,,,0.0,LOW
Shankar Nagar Square,2024-03,1,0,0,3,0,3,2024-03-01,1.0,1.0,3.0,13.0,1.0,14.0,1.0833333333333333,,,,,,0.0,LOW
Shankar Nagar Square,2024-05,1,0,0,0,0,1,2024-05-01,1.0,1.0,3.0,13.0,1.0,16.0,1.0833333333333333,2024-05-01,1.0,0.0,0.0,1.0,1.2,MEDIUM
Shankar Nagar Square,2024-06,1,0,0,1,0,1,2024-06-01,1.0,1.0,3.0,13.0,1.0,16.0,1.0833333333333333,2024-06-01,2.0,0.0,0.0,4.0,2.8,HIGH
Shankar Nagar Square,2024-07,2,0,0,4,0,8,2024-07-01,1.0,1.0,3.0,13.0,1.0,16.0,1.0833333333333333,,,,,,0.0,LOW
Shankar Nagar Square,2024-09,1,0,0,2,0,1,2024-09-01,2.0,2.0,4.0,14.0,1.0,18.0,1.1666666666666667,2024-09-01,1.0,1.0,0.0,3.0,4.6,HIGH
Shankar Nagar Square,2024-10,1,1,0,3,0,4,2024-10-01,1.0,1.0,4.0,14.0,1.0,19.0,1.1666666666666667,,,,,,0.0,LOW
Shankar Nagar Square,2025-02,1,0,0,1,0,4,2025-02-01,1.0,1.0,4.0,14.0,1.0,22.0,1.1666666666666667,,,,,,0.0,LOW
Shankar Nagar Square,2025-06,1,1,0,2,0,3,2025-06-01,1.0,1.0,3.0,13.0,1.0,21.0,1.0833333333333333,,,,,,0.0,LOW
Shankar Nagar Square,2025-08,1,0,0,1,0,3,2025-08-01,1.0,1.0,3.0,13.0,1.0,22.0,1.0833333333333333,2025-08-01,1.0,0.0,0.0,0.0,1.0,MEDIUM
Shankar Nagar Square,2025-09,1,0,0,0,0,4,2025-09-01,1.0,1.0,3.0,13.0,1.0,22.0,1.0833333333333333,2025-09-01,1.0,0.0,0.0,1.0,1.2,MEDIUM
Shankar Nagar Square,2025-10,1,0,0,1,0,4,2025-10-01,1.0,1.0,3.0,13.0,0.0,20.0,1.0833333333333333,,,,,,0.0,LOW
Shraddhanand Peth Square,2020-03,2,0,0,1,0,5,2020-03-01,,,,,,,,2020-03-01,1.0,0.0,0.0,0.0,1.0,MEDIUM
Shraddhanand Peth Square,2020-04,1,0,0,0,0,1,2020-04-01,2.0,2.0,,,,,,,,,,,0.0,LOW
Shraddhanand Peth Square,2020-08,1,0,0,1,0,3,2020-08-01,1.0,1.0,,,,,,,,,,,0.0,LOW
Shraddhanand Peth Square,2020-10,1,1,0,2,0,1,2020-10-01,1.0,1.0,4.0,,,,,,,,,,0.0,LOW
Shraddhanand Peth Square,2022-04,1,0,0,1,0,3,2022-04-01,1.0,1.0,3.0,,,,,,,,,,0.0,LOW
Shraddhanand Peth Square,2022-09,1,0,0,1,0,2,2022-09-01,1.0,1.0,3.0,,,,,,,,,,0.0,LOW
Shraddhanand Peth Square,2023-02,1,0,0,1,0,4,2023-02-01,1.0,1.0,3.0,,,,,,,,,,0.0,LOW
Shraddhanand Peth Square,2023-05,1,0,0,0,0,1,2023-05-01,1.0,1.0,3.0,,,,,,,,,,0.0,LOW
Shraddhanand Peth Square,2023-07,1,1,0,4,0,1,2023-07-01,1.0,1.0,3.0,,,,,2023-07-01,1.0,0.0,0.0,0.0,1.0,MEDIUM
Shraddhanand Peth Square,2023-08,1,0,0,0,0,2,2023-08-01,1.0,1.0,3.0,,,,,2023-08-01,1.0,0.0,0.0,2.0,1.4,HIGH
Shraddhanand Peth Square,2023-09,1,0,0,2,0,1,2023-09-01,1.0,1.0,3.0,,,,,2023-09-01,1.0,0.0,0.0,3.0,1.6,HIGH
Shraddhanand Peth Square,2023-10,1,0,0,3,0,1,2023-10-01,1.0,1.0,3.0,,,,,2023-10-01,1.0,0.0,0.0,3.0,1.6,HIGH
Shraddhanand Peth Square,2023-11,1,0,0,3,0,4,2023-11-01,1.0,1.0,3.0,13.0,0.0,16.0,1.0833333333333333,2023-11-01,1.0,0.0,0.0,1.0,1.2,MEDIUM
Shraddhanand Peth Square,2023-12,1,0,0,1,0,4,2023-12-01,1.0,1.0,3.0,12.0,0.0,18.0,1.0,2023-12-01,2.0,0.0,0.0,2.0,2.4,HIGH
Shraddhanand Peth Square,2024-01,2,0,0,2,0,7,2024-01-01,1.0,1.0,3.0,12.0,0.0,19.0,1.0,2024-01-01,2.0,0.0,0.0,3.0,2.6,HIGH
Shraddhanand Peth Square,2024-02,2,0,0,3,0,7,2024-02-01,2.0,2.0,4.0,13.0,0.0,20.0,1.0833333333333333,,,,,,0.0,LOW
Shraddhanand Peth Square,2024-04,2,1,0,3,0,7,2024-04-01,2.0,2.0,5.0,14.0,0.0,21.0,1.1666666666666667,,,,,,0.0,LOW
Shraddhanand Peth Square,2024-07,1,0,0,0,0,4,2024-07-01,2.0,2.0,6.0,15.0,0.0,23.0,1.25,2024-07-01,1.0,0.0,0.0,0.0,1.0,MEDIUM
Shraddhanand Peth Square,2024-08,1,0,0,0,0,1,2024-08-01,1.0,1.0,5.0,15.0,0.0,22.0,1.25,,,,,,0.0,LOW
Shraddhanand Peth Square,2025-01,3,0,0,1,0,7,2025-01-01,1.0,1.0,4.0,15.0,0.0,21.0,1.25,2025-01-01,1.0,0.0,0.0,0.0,1.0,MEDIUM
Shraddhanand Peth Square,2025-02,1,0,0,0,0,3,2025-02-01,3.0,3.0,5.0,17.0,0.0,22.0,1.4166666666666667,2025-02-01,2.0,0.0,0.0,2.0,2.4,HIGH
Shraddhanand Peth Square,2025-03,2,0,0,2,0,5,2025-03-01,1.0,1.0,5.0,17.0,0.0,18.0,1.4166666666666667,,,,,,0.0,LOW
Shraddhanand Peth Square,2025-06,1,1,0,4,0,4,2025-06-01,2.0,2.0,6.0,18.0,0.0,20.0,1.5,2025-06-01,1.0,1.0,0.0,4.0,4.8,HIGH
Shraddhanand Peth Square,2025-07,1,1,0,4,0,1,2025-07-01,1.0,1.0,4.0,18.0,0.0,22.0,1.5,,,,,,0.0,LOW
Shraddhanand Peth Square,2025-12,2,0,0,2,0,2,2025-12-01,1.0,1.0,4.0,18.0,0.0,23.0,1.5,,,,,,0.0,LOW
Sitabuldi Chowk,2020-01,1,0,0,1,0,4,2020-01-01,,,,,,,,2020-01-01,2.0,1.0,0.0,5.0,6.0,HIGH
Sitabuldi Chowk,2020-02,2,1,0,5,0,6,2020-02-01,1.0,1.0,,,,,,2020-02-01,1.0,1.0,0.0,5.0,5.0,HIGH
Sitabuldi Chowk,2020-03,1,1,0,5,0,2,2020-03-01,2.0,2.0,,,,,,2020-03-01,1.0,0.0,0.0,1.0,1.2,MEDIUM
Sitabuldi Chowk,2020-04,1,0,0,1,0,4,2020-04-01,1.0,1.0,4.0,,,,,,,,,,0.0,LOW
Sitabuldi Chowk,2020-08,1,0,0,3,0,1,2020-08-01,1.0,1.0,4.0,,,,,,,,,,0.0,LOW
Sitabuldi Chowk,2021-04,1,0,0,1,0,4,2021-04-01,1.0,1.0,3.0,,,,,,,,,,0.0,LOW
Sitabuldi Chowk,2021-06,2,0,0,3,0,8,2021-06-01,1.0,1.0,3.0,,,,,,,,,,0.0,LOW
Sitabuldi Chowk,2021-09,1,0,0,0,0,3,2021-09-01,2.0,2.0,4.0,,,,,,,,,,0.0,LOW
Sitabuldi Chowk,2021-12,1,0,0,1,0,2,2021-12-01,1.0,1.0,4.0,,,,,2021-12-01,1.0,0.0,0.0,0.0,1.0,MEDIUM
Sitabuldi Chowk,2022-01,1,0,0,0,0,4,2022-01-01,1.0,1.0,4.0,,,,,2022-01-01,2.0,0.0,0.0,2.0,2.4,HIGH
Sitabuldi Chowk,2022-02,2,0,0,2,0,5,2022-02-01,1.0,1.0,3.0,,,,,,,,,,0.0,LOW
Sitabuldi Chowk,2022-07,1,0,0,1,0,1,2022-07-01,2.0,2.0,4.0,,,,,,,,,,0.0,LOW
Sitabuldi Chowk,2022-10,1,1,0,2,0,3,2022-10-01,1.0,1.0,4.0,15.0,0.0,23.0,1.25,,,,,,0.0,LOW
Sitabuldi Chowk,2022-12,2,1,0,6,0,5,2022-12-01,1.0,1.0,4.0,15.0,0.0,24.0,1.25,2022-12-01,2.0,0.0,0.0,2.0,2.4,HIGH
Sitabuldi Chowk,2023-01,2,0,0,2,0,4,2023-01-01,2.0,2.0,4.0,15.0,0.0,25.0,1.25,2023-01-01,2.0,0.0,0.0,0.0,2.0,HIGH
Sitabuldi Chowk,2023-02,2,0,0,0,0,8,2023-02-01,2.0,2.0,5.0,16.0,0.0,22.0,1.3333333333333333,2023-02-01,1.0,0.0,0.0,1.0,1.2,MEDIUM
Sitabuldi Chowk,2023-03,1,0,0,1,0,4,2023-03-01,2.0,2.0,6.0,17.0,0.0,21.0,1.4166666666666667,2023-03-01,2.0,0.0,0.0,2.0,2.4,HIGH
Sitabuldi Chowk,2023-04,2,0,0,2,0,7,2023-04-01,1.0,1.0,5.0,17.0,0.0,19.0,1.4166666666666667,2023-04-01,2.0,0.0,0.0,2.0,2.4,HIGH
Sitabuldi Chowk,2023-05,2,0,0,2,0,5,2023-05-01,2.0,2.0,5.0,18.0,0.0,20.0,1.5,2023-05-01,1.0,0.0,0.0,1.0,1.2,MEDIUM
Sitabuldi Chowk,2023-06,1,0,0,1,0,3,2023-06-01,2.0,2.0,5.0,18.0,0.0,19.0,1.5,,,,,,0.0,LOW
Sitabuldi Chowk,2023-09,3,0,0,3,0,9,2023-09-01,1.0,1.0,5.0,18.0,0.0,20.0,1.5,2023-09-01,1.0,0.0,0.0,0.0,1.0,MEDIUM
Sitabuldi Chowk,2023-10,1,0,0,0,0,4,2023-10-01,3.0,3.0,6.0,20.0,0.0,22.0,1.6666666666666667,2023-10-01,1.0,0.0,0.0,1.0,1.2,MEDIUM
Sitabuldi Chowk,2023-11,1,0,0,1,0,4,2023-11-01,1.0,1.0,5.0,20.0,0.0,22.0,1.6666666666666667,2023-11-01,1.0,0.0,0.0,2.0,1.4,HIGH
Sitabuldi Chowk,2023-12,1,0,0,2,0,1,2023-12-01,1.0,1.0,5.0,19.0,0.0,21.0,1.5833333333333333,2023-12-01,1.0,0.0,0.0,0.0,1.0,MEDIUM
Sitabuldi Chowk,2024-01,1,0,0,0,0,3,2024-01-01,1.0,1.0,3.0,19.0,0.0,22.0,1.5833333333333333,2024-01-01,3.0,0.0,0.0,4.0,3.8,HIGH
Sitabuldi Chowk,2024-02,3,0,0,4,0,5,2024-02-01,1.0,1.0,3.0,19.0,0.0,20.0,1.5833333333333333,2024-02-01,2.0,0.0,0.0,1.0,2.2,HIGH
Sitabuldi Chowk,2024-03,2,0,0,1,0,3,2024-03-01,3.0,3.0,5.0,20.0,0.0,18.0,1.6666666666666667,2024-03-01,1.0,1.0,0.0,3.0,4.6,HIGH
Sitabuldi Chowk,2024-04,1,1,0,3,0,1,2024-04-01,2.0,2.0,6.0,20.0,0.0,17.0,1.6666666666666667,2024-04-01,2.0,0.0,0.0,3.0,2.6,HIGH
Sitabuldi Chowk,2024-05,2,0,0,3,0,6,2024-05-01,1.0,1.0,6.0,19.0,0.0,20.0,1.5833333333333333,2024-05-01,1.0,0.0,0.0,1.0,1.2,MEDIUM
Sitabuldi Chowk,2024-06,1,0,0,1,0,3,2024-06-01,2.0,2.0,5.0,20.0,0.0,22.0,1.6666666666666667,2024-06-01,3.0,0.0,0.0,3.0,3.6,HIGH
Sitabuldi Chowk,2024-07,3,0,0,3,0,7,2024-07-01,1.0,1.0,4.0,19.0,0.0,21.0,1.5833333333333333,2024-07-01,3.0,0.0,0.0,4.0,3.8,HIGH
Sitabuldi Chowk,2024-08,3,0,0,4,0,8,2024-08-01,3.0,3.0,6.0,20.0,0.0,22.0,1.6666666666666667,,,,,,0.0,LOW
Sitabuldi Chowk,2024-10,2,1,1,5,2,5,2024-10-01,3.0,3.0,7.0,22.0,0.0,25.0,1.8333333333333333,2024-10-01,2.0,1.0,0.0,7.0,6.4,HIGH
Sitabuldi Chowk,2024-11,2,1,0,7,0,8,2024-11-01,2.0,2.0,8.0,21.0,1.0,27.0,1.75,,,,,,0.0,LOW
Sitabuldi Chowk,2025-01,1,0,0,1,0,4,2025-01-01,2.0,2.0,7.0,22.0,1.0,34.0,1.8333333333333333,,,,,,0.0,LOW
Sitabuldi Chowk,2025-04,1,0,0,1,0,3,2025-04-01,1.0,1.0,5.0,22.0,1.0,34.0,1.8333333333333333,,,,,,0.0,LOW
Sitabuldi Chowk,2025-07,4,3,1,12,1,8,2025-07-01,1.0,1.0,4.0,22.0,1.0,33.0,1.8333333333333333,2025-07-01,2.0,0.0,0.0,3.0,2.6,HIGH
Sitabuldi Chowk,2025-08,2,0,0,3,0,6,2025-08-01,4.0,4.0,6.0,25.0,2.0,45.0,2.0833333333333335,2025-08-01,1.0,1.0,0.0,5.0,5.0,HIGH
Sitabuldi Chowk,2025-09,1,1,0,5,0,1,2025-09-01,2.0,2.0,7.0,24.0,2.0,44.0,2.0,2025-09-01,2.0,1.0,1.0,1.0,10.2,HIGH
Sitabuldi Chowk,2025-10,2,1,1,1,2,4,2025-10-01,1.0,1.0,7.0,23.0,2.0,48.0,1.9166666666666667,2025-10-01,1.0,0.0,0.0,1.0,1.2,MEDIUM
Sitabuldi Chowk,2025-11,1,0,0,1,0,1,2025-11-01,2.0,2.0,5.0,24.0,3.0,46.0,2.0,2025-11-01,1.0,0.0,0.0,0.0,1.0,MEDIUM
Sitabuldi Chowk,2025-12,1,0,0,0,0,3,2025-12-01,1.0,1.0,4.0,23.0,3.0,44.0,1.9166666666666667,,,,,,0.0,LOW
Vaishnodevi Chowk,2020-01,1,0,0,1,0,4,2020-01-01,,,,,,,,,,,,,0.0,LOW
Vaishnodevi Chowk,2020-06,1,0,0,0,0,4,2020-06-01,1.0,1.0,,,,,,2020-06-01,1.0,0.0,0.0,3.0,1.6,HIGH
Vaishnodevi Chowk,2020-07,1,0,0,3,0,2,2020-07-01,1.0,1.0,,,,,,2020-07-01,1.0,0.0,0.0,1.0,1.2,MEDIUM
Vaishnodevi Chowk,2020-08,1,0,0,1,0,3,2020-08-01,1.0,1.0,3.0,,,,,,,,,,0.0,LOW
Vaishnodevi Chowk,2020-11,1,0,0,1,0,3,2020-11-01,1.0,1.0,3.0,,,,,,,,,,0.0,LOW
Vaishnodevi Chowk,2021-01,1,0,0,2,0,2,2021-01-01,1.0,1.0,3.0,,,,,,,,,,0.0,LOW
Vaishnodevi Chowk,2021-06,1,0,0,1,0,2,2021-06-01,1.0,1.0,3.0,,,,,,,,,,0.0,LOW
Vaishnodevi Chowk,2021-12,1,0,0,0,0,3,2021-12-01,1.0,1.0,3.0,,,,,,,,,,0.0,LOW
Vaishnodevi Chowk,2022-02,1,0,0,0,0,1,2022-02-01,1.0,1.0,3.0,,,,,,,,,,0.0,LOW
Vaishnodevi Chowk,2022-05,1,0,0,1,0,4,2022-05-01,1.0,1.0,3.0,,,,,,,,,,0.0,LOW
Vaishnodevi Chowk,2022-07,2,0,0,1,0,6,2022-07-01,1.0,1.0,3.0,,,,,2022-07-01,1.0,0.0,0.0,1.0,1.2,MEDIUM
Vaishnodevi Chowk,2022-08,1,0,0,1,0,4,2022-08-01,2.0,2.0,4.0,,,,,,,,,,0.0,LOW
Vaishnodevi Chowk,2022-10,2,0,0,2,0,5,2022-10-01,1.0,1.0,4.0,13.0,0.0,12.0,1.0833333333333333,,,,,,0.0,LOW
Vaishnodevi Chowk,2022-12,2,0,0,2,0,5,2022-12-01,2.0,2.0,5.0,14.0,0.0,13.0,1.1666666666666667,,,,,,0.0,LOW
Vaishnodevi Chowk,2023-05,1,0,0,0,0,2,2023-05-01,2.0,2.0,5.0,15.0,0.0,15.0,1.25,2023-05-01,1.0,0.0,0.0,0.0,1.0,MEDIUM
Vaishnodevi Chowk,2023-06,1,0,0,0,0,4,2023-06-01,1.0,1.0,5.0,15.0,0.0,12.0,1.25,,,,,,0.0,LOW
Vaishnodevi Chowk,2023-10,1,1,0,5,0,2,2023-10-01,1.0,1.0,4.0,15.0,0.0,11.0,1.25,2023-10-01,2.0,0.0,0.0,1.0,2.2,HIGH
Vaishnodevi Chowk,2023-11,2,0,0,1,0,4,2023-11-01,1.0,1.0,3.0,15.0,0.0,15.0,1.25,2023-11-01,2.0,0.0,0.0,3.0,2.6,HIGH
Vaishnodevi Chowk,2023-12,2,0,0,3,0,4,2023-12-01,2.0,2.0,4.0,16.0,0.0,14.0,1.3333333333333333,2023-12-01,1.0,0.0,0.0,0.0,1.0,MEDIUM
Vaishnodevi Chowk,2024-01,1,0,0,0,0,3,2024-01-01,2.0,2.0,5.0,17.0,0.0,16.0,1.4166666666666667,2024-01-01,1.0,0.0,0.0,3.0,1.6,HIGH
Vaishnodevi Chowk,2024-02,1,0,0,3,0,1,2024-02-01,1.0,1.0,5.0,17.0,0.0,16.0,1.4166666666666667,2024-02-01,1.0,0.0,0.0,3.0,1.6,HIGH
Vaishnodevi Chowk,2024-03,1,0,0,3,0,3,2024-03-01,1.0,1.0,4.0,17.0,0.0,19.0,1.4166666666666667,,,,,,0.0,LOW
Vaishnodevi Chowk,2024-05,1,0,0,1,0,3,2024-05-01,1.0,1.0,3.0,17.0,0.0,21.0,1.4166666666666667,,,,,,0.0,LOW
Vaishnodevi Chowk,2024-07,1,0,0,1,0,4,2024-07-01,1.0,1.0,3.0,16.0,0.0,21.0,1.3333333333333333,2024-07-01,1.0,0.0,0.0,0.0,1.0,MEDIUM
Vaishnodevi Chowk,2024-08,1,0,0,0,0,1,2024-08-01,1.0,1.0,3.0,16.0,0.0,21.0,1.3333333333333333,,,,,,0.0,LOW
Vaishnodevi Chowk,2024-11,1,0,0,1,0,2,2024-11-01,1.0,1.0,3.0,15.0,0.0,19.0,1.25,2024-11-01,1.0,0.0,0.0,1.0,1.2,MEDIUM
Vaishnodevi Chowk,2024-12,1,0,0,1,0,3,2024-12-01,1.0,1.0,3.0,14.0,0.0,18.0,1.1666666666666667,2024-12-01,1.0,0.0,0.0,1.0,1.2,MEDIUM
Vaishnodevi Chowk,2025-01,1,0,0,1,0,4,2025-01-01,1.0,1.0,3.0,14.0,0.0,19.0,1.1666666666666667,,,,,,0.0,LOW
Vaishnodevi Chowk,2025-04,1,0,0,0,0,4,2025-04-01,1.0,1.0,3.0,14.0,0.0,20.0,1.1666666666666667,,,,,,0.0,LOW
Variety Square,2020-03,1,0,0,0,0,2,2020-03-01,,,,,,,,2020-03-01,1.0,1.0,0.0,3.0,4.6,HIGH
Variety Square,2020-04,1,1,0,3,0,2,2020-04-01,1.0,1.0,,,,,,2020-04-01,1.0,0.0,0.0,1.0,1.2,MEDIUM
Variety Square,2020-05,1,0,0,1,0,3,2020-05-01,1.0,1.0,,,,,,2020-05-01,1.0,0.0,0.0,1.0,1.2,MEDIUM
Variety Square,2020-06,1,0,0,1,0,2,2020-06-01,1.0,1.0,3.0,,,,,2020-06-01,1.0,0.0,0.0,2.0,1.4,HIGH
Variety Square,2020-07,1,0,0,2,0,1,2020-07-01,1.0,1.0,3.0,,,,,2020-07-01,1.0,1.0,1.0,2.0,9.4,HIGH
Variety Square,2020-08,1,1,1,2,1,3,2020-08-01,1.0,1.0,3.0,,,,,,,,,,0.0,LOW
Variety Square,2020-12,1,0,0,0,0,1,2020-12-01,1.0,1.0,3.0,,,,,,,,,,0.0,LOW
Variety Square,2021-02,5,1,0,4,0,12,2021-02-01,1.0,1.0,3.0,,,,,,,,,,0.0,LOW
Variety Square,2021-06,1,1,0,4,0,4,2021-06-01,5.0,5.0,7.0,,,,,2021-06-01,1.0,0.0,0.0,1.0,1.2,MEDIUM
Variety Square,2021-07,1,0,0,1,0,4,2021-07-01,1.0,1.0,7.0,,,,,2021-07-01,3.0,1.0,1.0,5.0,12.0,HIGH
Variety Square,2021-08,3,1,1,5,2,11,2021-08-01,1.0,1.0,7.0,,,,,,,,,,0.0,LOW
Variety Square,2022-01,1,1,0,4,0,4,2022-01-01,3.0,3.0,5.0,,,,,,,,,,0.0,LOW
Variety Square,2022-03,1,0,0,3,0,4,2022-03-01,1.0,1.0,5.0,18.0,2.0,27.0,1.5,,,,,,0.0,LOW
Variety Square,2022-07,1,0,0,2,0,2,2022-07-01,1.0,1.0,5.0,18.0,2.0,30.0,1.5,2022-07-01,2.0,0.0,0.0,2.0,2.4,HIGH
Variety Square,2022-08,2,0,0,2,0,4,2022-08-01,1.0,1.0,3.0,18.0,2.0,29.0,1.5,2022-08-01,2.0,0.0,0.0,1.0,2.2,HIGH
Variety Square,2022-09,2,0,0,1,0,5,2022-09-01,2.0,2.0,4.0,19.0,2.0,30.0,1.5833333333333333,2022-09-01,2.0,0.0,0.0,3.0,2.6,HIGH
Variety Square,2022-10,2,0,0,3,0,4,2022-10-01,2.0,2.0,5.0,20.0,2.0,30.0,1.6666666666666667,,,,,,0.0,LOW
Variety Square,2022-12,2,0,0,2,0,5,2022-12-01,2.0,2.0,6.0,21.0,2.0,31.0,1.75,2022-12-01,2.0,0.0,0.0,1.0,2.2,HIGH
Variety Square,2023-01,2,0,0,1,0,5,2023-01-01,2.0,2.0,6.0,22.0,1.0,31.0,1.8333333333333333,,,,,,0.0,LOW
Variety Square,2023-03,2,0,0,2,0,6,2023-03-01,2.0,2.0,6.0,23.0,1.0,32.0,1.9166666666666667,2023-03-01,1.0,1.0,0.0,2.0,4.4,HIGH
Variety Square,2023-04,1,1,0,2,0,2,2023-04-01,2.0,2.0,6.0,20.0,1.0,30.0,1.6666666666666667,,,,,,0.0,LOW
Variety Square,2023-06,1,0,0,1,0,3,2023-06-01,1.0,1.0,5.0,20.0,1.0,28.0,1.6666666666666667,2023-06-01,2.0,0.0,0.0,1.0,2.2,HIGH
Variety Square,2023-07,2,0,0,1,0,6,2023-07-01,1.0,1.0,4.0,20.0,1.0,28.0,1.6666666666666667,2023-07-01,4.0,0.0,0.0,11.0,6.2,HIGH
Variety Square,2023-08,4,0,0,11,0,11,2023-08-01,2.0,2.0,4.0,19.0,0.0,24.0,1.5833333333333333,,,,,,0.0,LOW
Variety Square,2023-10,1,0,0,0,0,1,2023-10-01,4.0,4.0,7.0,22.0,0.0,31.0,1.8333333333333333,,,,,,0.0,LOW
Variety Square,2023-12,1,1,0,2,0,1,2023-12-01,1.0,1.0,7.0,22.0,0.0,28.0,1.8333333333333333,2023-12-01,4.0,2.0,0.0,10.0,12.0,HIGH
Variety Square,2024-01,4,2,0,10,0,11,2024-01-01,1.0,1.0,6.0,22.0,0.0,28.0,1.8333333333333333,2024-01-01,1.0,0.0,0.0,1.0,1.2,MEDIUM
Variety Square,2024-02,1,0,0,1,0,2,2024-02-01,4.0,4.0,6.0,24.0,0.0,36.0,2.0,2024-02-01,1.0,1.0,1.0,1.0,9.2,HIGH
Variety Square,2024-03,1,1,1,1,1,3,2024-03-01,1.0,1.0,6.0,23.0,0.0,36.0,1.9166666666666667,2024-03-01,4.0,0.0,0.0,1.0,4.2,HIGH
Variety Square,2024-04,4,0,0,1,0,12,2024-04-01,1.0,1.0,6.0,22.0,1.0,34.0,1.8333333333333333,2024-04-01,3.0,0.0,0.0,3.0,3.6,HIGH
Variety Square,2024-05,3,0,0,3,0,9,2024-05-01,4.0,4.0,6.0,24.0,1.0,33.0,2.0,2024-05-01,2.0,0.0,0.0,1.0,2.2,HIGH
Variety Square,2024-06,2,0,0,1,0,6,2024-06-01,3.0,3.0,8.0,25.0,1.0,35.0,2.0833333333333335,2024-06-01,1.0,0.0,0.0,3.0,1.6,HIGH
Variety Square,2024-07,1,0,0,3,0,2,2024-07-01,2.0,2.0,9.0,25.0,1.0,34.0,2.0833333333333335,2024-07-01,6.0,3.0,0.0,11.0,17.2,HIGH
Variety Square,2024-08,6,3,0,11,0,12,2024-08-01,1.0,1.0,6.0,25.0,1.0,35.0,2.0833333333333335,,,,,,0.0,LOW
Variety Square,2024-10,1,0,0,1,0,4,2024-10-01,6.0,6.0,9.0,30.0,1.0,45.0,2.5,2024-10-01,1.0,0.0,0.0,0.0,1.0,MEDIUM
Variety Square,2024-11,1,0,0,0,0,2,2024-11-01,1.0,1.0,8.0,29.0,1.0,45.0,2.4166666666666665,,,,,,0.0,LOW
Variety Square,2025-01,2,0,0,1,0,5,2025-01-01,1.0,1.0,8.0,26.0,1.0,34.0,2.1666666666666665,,,,,,0.0,LOW
Variety Square,2025-05,4,0,0,1,0,12,2025-05-01,2.0,2.0,4.0,27.0,1.0,35.0,2.25,2025-05-01,4.0,0.0,0.0,3.0,4.6,HIGH
Variety Square,2025-06,4,0,0,3,0,10,2025-06-01,4.0,4.0,7.0,30.0,1.0,34.0,2.5,,,,,,0.0,LOW
Variety Square,2025-08,1,0,0,1,0,1,2025-08-01,4.0,4.0,10.0,30.0,1.0,27.0,2.5,2025-08-01,1.0,0.0,0.0,0.0,1.0,MEDIUM
Variety Square,2025-09,1,0,0,0,0,4,2025-09-01,1.0,1.0,9.0,30.0,1.0,27.0,2.5,,,,,,0.0,LOW
Variety Square,2025-11,1,0,0,1,0,1,2025-11-01,1.0,1.0,6.0,30.0,0.0,26.0,2.5,2025-11-01,1.0,0.0,0.0,1.0,1.2,MEDIUM
Variety Square,2025-12,1,0,0,1,0,3,2025-12-01,1.0,1.0,3.0,27.0,0.0,26.0,2.25,,,,,,0.0,LOW
