junction,period_date,traffic_risk,risk_score,year,month,total_accidents,fatal_accidents,injury_accidents,accidents_7d,accidents_30d,accidents_90d,accidents_1y,fatal_accidents_1y,injury_accidents_1y,historical_accident_rate,quarter,is_year_start,month_sin,month_cos,day_of_week,dow_sin,dow_cos,weekend_indicator,accidents_lag_1,accidents_lag_2,accidents_lag_3,accidents_rolling_mean_3,accidents_rolling_std_3,accidents_rolling_mean_6,accidents_rolling_std_6,accidents_trend_3_12,junction_target_enc,junction_ordinal_enc
Airport Square,2020-01-01,LOW,0.0,2020,1,0,0,0,0.0,0.0,0.0,0.0,0.0,0.0,0.0,1,1,0.5,0.866025,2,0.974928,-0.222521,0,0.0,0.0,0.0,0.0,0.0,0.0,0.0,0.0,1.599375,0
Airport Square,2020-02-01,LOW,0.0,2020,2,0,0,0,0.0,0.0,0.0,0.0,0.0,0.0,0.0,1,0,0.866025,0.5,5,-0.974928,-0.222521,1,0.0,0.0,0.0,0.0,0.0,0.0,0.0,0.0,1.599375,0
Airport Square,2020-03-01,LOW,0.0,2020,3,0,0,0,0.0,0.0,0.0,0.0,0.0,0.0,0.0,1,0,1.0,0.0,6,-0.781831,0.62349,1,0.0,0.0,0.0,0.0,0.0,0.0,0.0,0.0,1.599375,0
Airport Square,2020-04-01,LOW,1.1,2020,4,1,0,0,0.0,0.0,0.0,0.0,0.0,0.0,0.0,2,0,0.866025,-0.5,2,0.974928,-0.222521,0,0.0,0.0,0.0,0.0,0.0,0.0,0.0,0.0,1.599375,0
Airport Square,2020-05-01,LOW,0.0,2020,5,0,0,0,1.0,1.0,1.0,1.0,0.0,0.0,0.083,2,0,0.5,-0.866025,4,-0.433884,-0.900969,0,0.0,0.0,0.0,0.0,0.0,0.0,0.0,0.0,1.599375,0
Airport Square,2020-06-01,LOW,0.0,2020,6,0,0,0,0.0,0.0,1.0,1.0,0.0,0.0,0.083,2,0,0.0,-1.0,0,0.0,1.0,0,1.0,0.0,0.0,0.333,0.577,0.2,0.447,1.332,1.599375,0
Airport Square,2020-07-01,LOW,0.0,2020,7,0,0,0,0.0,0.0,1.0,1.0,0.0,0.0,0.083,3,0,-0.5,-0.866025,2,0.974928,-0.222521,0,0.0,1.0,0.0,0.333,0.577,0.167,0.408,1.332,1.599375,0
Airport Square,2020-08-01,LOW,0.0,2020,8,0,0,0,0.0,0.0,0.0,1.0,0.0,0.0,0.083,3,0,-0.866025,-0.5,5,-0.974928,-0.222521,1,0.0,0.0,1.0,0.333,0.577,0.167,0.408,1.332,1.599375,0
Airport Square,2020-09-01,LOW,0.0,2020,9,0,0,0,0.0,0.0,0.0,1.0,0.0,0.0,0.083,3,0,-1.0,-0.0,1,0.781831,0.62349,0,0.0,0.0,0.0,0.0,0.0,0.167,0.408,0.0,1.599375,0
Airport Square,2020-10-01,LOW,6.08,2020,10,1,0,1,0.0,0.0,0.0,1.0,0.0,0.0,0.083,4,0,-0.866025,0.5,3,0.433884,-0.900969,0,0.0,0.0,0.0,0.0,0.0,0.167,0.408,0.0,1.599375,0
Airport Square,2020-11-01,LOW,0.0,2020,11,0,0,0,1.0,1.0,1.0,2.0,0.0,1.0,0.167,4,0,-0.5,0.866025,6,-0.781831,0.62349,1,0.0,0.0,0.0,0.0,0.0,0.167,0.408,0.0,1.599375,0
Airport Square,2020-12-01,LOW,0.0,2020,12,0,0,0,0.0,0.0,1.0,2.0,0.0,1.0,0.167,4,0,-0.0,1.0,1,0.781831,0.62349,0,1.0,0.0,0.0,0.333,0.577,0.167,0.408,0.666,1.599375,0
Airport Square,2021-01-01,LOW,0.0,2021,1,0,0,0,0.0,0.0,1.0,2.0,0.0,1.0,0.167,1,1,0.5,0.866025,4,-0.433884,-0.900969,0,0.0,1.0,0.0,0.333,0.577,0.167,0.408,0.666,1.599375,0
Airport Square,2021-02-01,LOW,0.0,2021,2,0,0,0,0.0,0.0,0.0,2.0,0.0,1.0,0.167,1,0,0.866025,0.5,0,0.0,1.0,0,0.0,0.0,1.0,0.333,0.577,0.167,0.408,0.666,1.599375,0
Airport Square,2021-03-01,LOW,0.0,2021,3,0,0,0,0.0,0.0,0.0,2.0,0.0,1.0,0.167,1,0,1.0,0.0,0,0.0,1.0,0,0.0,0.0,0.0,0.0,0.0,0.167,0.408,0.0,1.599375,0
Airport Square,2021-04-01,LOW,0.0,2021,4,0,0,0,0.0,0.0,0.0,2.0,0.0,1.0,0.167,2,0,0.866025,-0.5,3,0.433884,-0.900969,0,0.0,0.0,0.0,0.0,0.0,0.167,0.408,0.0,1.599375,0
Airport Square,2021-05-01,LOW,0.0,2021,5,0,0,0,0.0,0.0,0.0,1.0,0.0,1.0,0.083,2,0,0.5,-0.866025,5,-0.974928,-0.222521,1,0.0,0.0,0.0,0.0,0.0,0.167,0.408,0.0,1.599375,0
Airport Square,2021-06-01,LOW,0.0,2021,6,0,0,0,0.0,0.0,0.0,1.0,0.0,1.0,0.083,2,0,0.0,-1.0,1,0.781831,0.62349,0,0.0,0.0,0.0,0.0,0.0,0.0,0.0,0.0,1.599375,0
Airport Square,2021-07-01,LOW,0.0,2021,7,0,0,0,0.0,0.0,0.0,1.0,0.0,1.0,0.083,3,0,-0.5,-0.866025,3,0.433884,-0.900969,0,0.0,0.0,0.0,0.0,0.0,0.0,0.0,0.0,1.599375,0
Airport Square,2021-08-01,LOW,5.52,2021,8,2,0,2,0.0,0.0,0.0,1.0,0.0,1.0,0.083,3,0,-0.866025,-0.5,6,-0.781831,0.62349,1,0.0,0.0,0.0,0.0,0.0,0.0,0.0,0.0,1.599375,0
Airport Square,2021-09-01,LOW,0.0,2021,9,0,0,0,2.0,2.0,2.0,3.0,0.0,3.0,0.25,3,0,-1.0,-0.0,2,0.974928,-0.222521,0,0.0,0.0,0.0,0.0,0.0,0.0,0.0,0.0,1.599375,0
Airport Square,2021-10-01,LOW,0.0,2021,10,0,0,0,0.0,0.0,2.0,3.0,0.0,3.0,0.25,4,0,-0.866025,0.5,4,-0.433884,-0.900969,0,2.0,0.0,0.0,0.667,1.155,0.333,0.816,0.889,1.599375,0
Airport Square,2021-11-01,LOW,0.0,2021,11,0,0,0,0.0,0.0,2.0,2.0,0.0,2.0,0.167,4,0,-0.5,0.866025,0,0.0,1.0,0,0.0,2.0,0.0,0.667,1.155,0.333,0.816,1.334,1.599375,0
Airport Square,2021-12-01,LOW,0.0,2021,12,0,0,0,0.0,0.0,0.0,2.0,0.0,2.0,0.167,4,0,-0.0,1.0,2,0.974928,-0.222521,0,0.0,0.0,2.0,0.667,1.155,0.333,0.816,1.334,1.599375,0
Airport Square,2022-01-01,LOW,0.0,2022,1,0,0,0,0.0,0.0,0.0,2.0,0.0,2.0,0.167,1,1,0.5,0.866025,5,-0.974928,-0.222521,1,0.0,0.0,0.0,0.0,0.0,0.333,0.816,0.0,1.599375,0
Airport Square,2022-02-01,LOW,0.0,2022,2,0,0,0,0.0,0.0,0.0,2.0,0.0,2.0,0.167,1,0,0.866025,0.5,1,0.781831,0.62349,0,0.0,0.0,0.0,0.0,0.0,0.333,0.816,0.0,1.599375,0
Airport Square,2022-03-01,LOW,0.0,2022,3,0,0,0,0.0,0.0,0.0,2.0,0.0,2.0,0.167,1,0,1.0,0.0,1,0.781831,0.62349,0,0.0,0.0,0.0,0.0,0.0,0.333,0.816,0.0,1.599375,0
Airport Square,2022-04-01,LOW,4.42,2022,4,1,0,1,0.0,0.0,0.0,2.0,0.0,2.0,0.167,2,0,0.866025,-0.5,4,-0.433884,-0.900969,0,0.0,0.0,0.0,0.0,0.0,0.0,0.0,0.0,1.599375,0
Airport Square,2022-05-01,LOW,0.0,2022,5,0,0,0,1.0,1.0,1.0,3.0,0.0,3.0,0.25,2,0,0.5,-0.866025,6,-0.781831,0.62349,1,0.0,0.0,0.0,0.0,0.0,0.0,0.0,0.0,1.599375,0
Airport Square,2022-06-01,LOW,4.42,2022,6,1,0,1,0.0,0.0,1.0,3.0,0.0,3.0,0.25,2,0,0.0,-1.0,2,0.974928,-0.222521,0,1.0,0.0,0.0,0.333,0.577,0.167,0.408,0.444,1.599375,0
Airport Square,2022-07-01,LOW,1.1,2022,7,1,0,0,1.0,1.0,2.0,4.0,0.0,4.0,0.333,3,0,-0.5,-0.866025,4,-0.433884,-0.900969,0,0.0,1.0,0.0,0.333,0.577,0.167,0.408,0.333,1.599375,0
Airport Square,2022-08-01,LOW,10.5,2022,8,2,0,1,1.0,1.0,2.0,5.0,0.0,4.0,0.417,3,0,-0.866025,-0.5,0,0.0,1.0,0,1.0,0.0,1.0,0.667,0.577,0.333,0.516,0.534,1.599375,0
Airport Square,2022-09-01,LOW,6.08,2022,9,1,0,1,2.0,2.0,4.0,5.0,0.0,3.0,0.417,3,0,-1.0,-0.0,3,0.433884,-0.900969,0,1.0,1.0,0.0,0.667,0.577,0.5,0.548,0.534,1.599375,0
Airport Square,2022-10-01,LOW,1.1,2022,10,1,0,0,1.0,1.0,4.0,6.0,0.0,4.0,0.5,4,0,-0.866025,0.5,5,-0.974928,-0.222521,1,2.0,1.0,1.0,1.333,0.577,0.833,0.753,0.889,1.599375,0
Airport Square,2022-11-01,LOW,4.97,2022,11,3,0,1,1.0,1.0,4.0,7.0,0.0,4.0,0.583,4,0,-0.5,0.866025,1,0.781831,0.62349,0,1.0,2.0,1.0,1.333,0.577,1.0,0.632,0.762,1.599375,0
Airport Square,2022-12-01,LOW,0.0,2022,12,0,0,0,3.0,3.0,5.0,10.0,0.0,5.0,0.833,4,0,-0.0,1.0,3,0.433884,-0.900969,0,1.0,1.0,2.0,1.333,0.577,1.0,0.632,0.533,1.599375,0
Airport Square,2023-01-01,LOW,9.39,2023,1,1,1,1,0.0,0.0,4.0,10.0,0.0,5.0,0.833,1,1,0.5,0.866025,6,-0.781831,0.62349,1,3.0,1.0,1.0,1.667,1.155,1.5,0.837,0.667,1.599375,0
Airport Square,2023-02-01,LOW,0.0,2023,2,0,0,0,1.0,1.0,4.0,11.0,1.0,6.0,0.917,1,0,0.866025,0.5,2,0.974928,-0.222521,0,0.0,3.0,1.0,1.333,1.528,1.333,1.033,0.485,1.599375,0
Airport Square,2023-03-01,LOW,0.0,2023,3,0,0,0,0.0,0.0,1.0,11.0,1.0,6.0,0.917,1,0,1.0,0.0,2,0.974928,-0.222521,0,1.0,0.0,3.0,1.333,1.528,1.333,1.033,0.485,1.599375,0
Airport Square,2023-04-01,LOW,0.0,2023,4,0,0,0,0.0,0.0,1.0,11.0,1.0,6.0,0.917,2,0,0.866025,-0.5,5,-0.974928,-0.222521,1,0.0,1.0,0.0,0.333,0.577,1.0,1.095,0.121,1.599375,0
Airport Square,2023-05-01,LOW,11.05,2023,5,1,1,1,0.0,0.0,0.0,10.0,1.0,5.0,0.833,2,0,0.5,-0.866025,0,0.0,1.0,0,0.0,0.0,1.0,0.333,0.577,0.833,1.169,0.133,1.599375,0
Airport Square,2023-06-01,LOW,0.0,2023,6,0,0,0,1.0,1.0,1.0,11.0,2.0,6.0,0.917,2,0,0.0,-1.0,3,0.433884,-0.900969,0,0.0,0.0,0.0,0.0,0.0,0.667,1.211,0.0,1.599375,0
Airport Square,2023-07-01,LOW,1.1,2023,7,1,0,0,0.0,0.0,1.0,10.0,2.0,5.0,0.833,3,0,-0.5,-0.866025,5,-0.974928,-0.222521,1,1.0,0.0,0.0,0.333,0.577,0.333,0.516,0.133,1.599375,0
Airport Square,2023-08-01,LOW,0.0,2023,8,0,0,0,1.0,1.0,2.0,10.0,2.0,5.0,0.833,3,0,-0.866025,-0.5,1,0.781831,0.62349,0,0.0,1.0,0.0,0.333,0.577,0.333,0.516,0.133,1.599375,0
Airport Square,2023-09-01,LOW,9.94,2023,9,3,0,3,0.0,0.0,1.0,8.0,2.0,4.0,0.667,3,0,-1.0,-0.0,4,-0.433884,-0.900969,0,1.0,0.0,1.0,0.667,0.577,0.333,0.516,0.334,1.599375,0
Airport Square,2023-10-01,LOW,0.0,2023,10,0,0,0,3.0,3.0,4.0,10.0,2.0,6.0,0.833,4,0,-0.866025,0.5,6,-0.781831,0.62349,1,0.0,1.0,0.0,0.333,0.577,0.333,0.516,0.133,1.599375,0
Airport Square,2023-11-01,LOW,0.0,2023,11,0,0,0,0.0,0.0,3.0,9.0,2.0,6.0,0.75,4,0,-0.5,0.866025,2,0.974928,-0.222521,0,3.0,0.0,1.0,1.333,1.528,0.833,1.169,0.592,1.599375,0
Airport Square,2023-12-01,LOW,0.0,2023,12,0,0,0,0.0,0.0,3.0,6.0,2.0,5.0,0.5,4,0,-0.0,1.0,4,-0.433884,-0.900969,0,0.0,3.0,0.0,1.0,1.732,0.833,1.169,0.667,1.599375,0
Automotive Square,2020-01-01,LOW,0.0,2020,1,0,0,0,0.0,0.0,0.0,0.0,0.0,0.0,0.0,1,1,0.5,0.866025,2,0.974928,-0.222521,0,0.0,0.0,0.0,0.0,0.0,0.0,0.0,0.0,2.105208333333333,1
Automotive Square,2020-02-01,LOW,1.1,2020,2,1,0,0,0.0,0.0,0.0,0.0,0.0,0.0,0.0,1,0,0.866025,0.5,5,-0.974928,-0.222521,1,0.0,0.0,0.0,0.0,0.0,0.0,0.0,0.0,2.105208333333333,1
Automotive Square,2020-03-01,LOW,0.0,2020,3,0,0,0,1.0,1.0,1.0,1.0,0.0,0.0,0.083,1,0,1.0,0.0,6,-0.781831,0.62349,1,0.0,0.0,0.0,0.0,0.0,0.0,0.0,0.0,2.105208333333333,1
Automotive Square,2020-04-01,LOW,2.76,2020,4,1,0,1,0.0,0.0,1.0,1.0,0.0,0.0,0.083,2,0,0.866025,-0.5,2,0.974928,-0.222521,0,1.0,0.0,0.0,0.333,0.577,0.333,0.577,1.332,2.105208333333333,1
Automotive Square,2020-05-01,LOW,2.76,2020,5,1,0,1,1.0,1.0,2.0,2.0,0.0,1.0,0.167,2,0,0.5,-0.866025,4,-0.433884,-0.900969,0,0.0,1.0,0.0,0.333,0.577,0.25,0.5,0.666,2.105208333333333,1
Automotive Square,2020-06-01,LOW,0.0,2020,6,0,0,0,1.0,1.0,2.0,3.0,0.0,2.0,0.25,2,0,0.0,-1.0,0,0.0,1.0,0,1.0,0.0,1.0,0.667,0.577,0.4,0.548,0.889,2.105208333333333,1
Automotive Square,2020-07-01,LOW,0.0,2020,7,0,0,0,0.0,0.0,2.0,3.0,0.0,2.0,0.25,3,0,-0.5,-0.866025,2,0.974928,-0.222521,0,1.0,1.0,0.0,0.667,0.577,0.5,0.548,0.889,2.105208333333333,1
Automotive Square,2020-08-01,LOW,0.0,2020,8,0,0,0,0.0,0.0,1.0,3.0,0.0,2.0,0.25,3,0,-0.866025,-0.5,5,-0.974928,-0.222521,1,0.0,1.0,1.0,0.667,0.577,0.5,0.548,0.889,2.105208333333333,1
Automotive Square,2020-09-01,LOW,2.76,2020,9,1,0,1,0.0,0.0,0.0,3.0,0.0,2.0,0.25,3,0,-1.0,-0.0,1,0.781831,0.62349,0,0.0,0.0,1.0,0.333,0.577,0.5,0.548,0.444,2.105208333333333,1
Automotive Square,2020-10-01,LOW,0.0,2020,10,0,0,0,1.0,1.0,1.0,4.0,0.0,3.0,0.333,4,0,-0.866025,0.5,3,0.433884,-0.900969,0,0.0,0.0,0.0,0.0,0.0,0.333,0.516,0.0,2.105208333333333,1
Automotive Square,2020-11-01,LOW,0.0,2020,11,0,0,0,0.0,0.0,1.0,4.0,0.0,3.0,0.333,4,0,-0.5,0.866025,6,-0.781831,0.62349,1,1.0,0.0,0.0,0.333,0.577,0.5,0.548,0.333,2.105208333333333,1
Automotive Square,2020-12-01,LOW,0.0,2020,12,0,0,0,0.0,0.0,1.0,4.0,0.0,3.0,0.333,4,0,-0.0,1.0,1,0.781831,0.62349,0,0.0,1.0,0.0,0.333,0.577,0.333,0.516,0.333,2.105208333333333,1
Automotive Square,2021-01-01,LOW,2.76,2021,1,1,0,1,0.0,0.0,0.0,4.0,0.0,3.0,0.333,1,1,0.5,0.866025,4,-0.433884,-0.900969,0,0.0,0.0,1.0,0.333,0.577,0.167,0.408,0.333,2.105208333333333,1
Automotive Square,2021-02-01,LOW,0.0,2021,2,0,0,0,1.0,1.0,1.0,5.0,0.0,4.0,0.417,1,0,0.866025,0.5,0,0.0,1.0,0,0.0,0.0,0.0,0.0,0.0,0.167,0.408,0.0,2.105208333333333,1
Automotive Square,2021-03-01,LOW,5.52,2021,3,2,0,2,0.0,0.0,1.0,4.0,0.0,4.0,0.333,1,0,1.0,0.0,0,0.0,1.0,0,1.0,0.0,0.0,0.333,0.577,0.333,0.516,0.333,2.105208333333333,1
Automotive Square,2021-04-01,LOW,0.0,2021,4,0,0,0,2.0,2.0,3.0,6.0,0.0,6.0,0.5,2,0,0.866025,-0.5,3,0.433884,-0.900969,0,0.0,1.0,0.0,0.333,0.577,0.333,0.516,0.222,2.105208333333333,1
Automotive Square,2021-05-01,LOW,0.0,2021,5,0,0,0,0.0,0.0,2.0,5.0,0.0,5.0,0.417,2,0,0.5,-0.866025,5,-0.974928,-0.222521,1,2.0,0.0,1.0,1.0,1.0,0.5,0.837,0.8,2.105208333333333,1
Automotive Square,2021-06-01,LOW,0.0,2021,6,0,0,0,0.0,0.0,2.0,4.0,0.0,4.0,0.333,2,0,0.0,-1.0,1,0.781831,0.62349,0,0.0,2.0,0.0,0.667,1.155,0.5,0.837,0.667,2.105208333333333,1
Automotive Square,2021-07-01,LOW,0.0,2021,7,0,0,0,0.0,0.0,0.0,4.0,0.0,4.0,0.333,3,0,-0.5,-0.866025,3,0.433884,-0.900969,0,0.0,0.0,2.0,0.667,1.155,0.5,0.837,0.667,2.105208333333333,1
Automotive Square,2021-08-01,LOW,7.18,2021,8,2,0,2,0.0,0.0,0.0,4.0,0.0,4.0,0.333,3,0,-0.866025,-0.5,6,-0.781831,0.62349,1,0.0,0.0,0.0,0.0,0.0,0.5,0.837,0.0,2.105208333333333,1
Automotive Square,2021-09-01,LOW,0.0,2021,9,0,0,0,2.0,2.0,2.0,6.0,0.0,6.0,0.5,3,0,-1.0,-0.0,2,0.974928,-0.222521,0,0.0,0.0,0.0,0.0,0.0,0.333,0.816,0.0,2.105208333333333,1
Automotive Square,2021-10-01,LOW,0.0,2021,10,0,0,0,0.0,0.0,2.0,5.0,0.0,5.0,0.417,4,0,-0.866025,0.5,4,-0.433884,-0.900969,0,2.0,0.0,0.0,0.667,1.155,0.667,1.033,0.534,2.105208333333333,1
Automotive Square,2021-11-01,LOW,0.0,2021,11,0,0,0,0.0,0.0,2.0,5.0,0.0,5.0,0.417,4,0,-0.5,0.866025,0,0.0,1.0,0,0.0,2.0,0.0,0.667,1.155,0.333,0.816,0.534,2.105208333333333,1
Automotive Square,2021-12-01,LOW,6.08,2021,12,1,0,1,0.0,0.0,0.0,5.0,0.0,5.0,0.417,4,0,-0.0,1.0,2,0.974928,-0.222521,0,0.0,0.0,2.0,0.667,1.155,0.333,0.816,0.534,2.105208333333333,1
Automotive Square,2022-01-01,LOW,0.0,2022,1,0,0,0,1.0,1.0,1.0,6.0,0.0,6.0,0.5,1,1,0.5,0.866025,5,-0.974928,-0.222521,1,0.0,0.0,0.0,0.0,0.0,0.333,0.816,0.0,2.105208333333333,1
Automotive Square,2022-02-01,LOW,1.1,2022,2,1,0,0,0.0,0.0,1.0,5.0,0.0,5.0,0.417,1,0,0.866025,0.5,1,0.781831,0.62349,0,1.0,0.0,0.0,0.333,0.577,0.5,0.837,0.266,2.105208333333333,1
Automotive Square,2022-03-01,LOW,0.0,2022,3,0,0,0,1.0,1.0,2.0,6.0,0.0,5.0,0.5,1,0,1.0,0.0,1,0.781831,0.62349,0,0.0,1.0,0.0,0.333,0.577,0.5,0.837,0.222,2.105208333333333,1
Automotive Square,2022-04-01,LOW,5.52,2022,4,2,0,2,0.0,0.0,1.0,4.0,0.0,3.0,0.333,2,0,0.866025,-0.5,4,-0.433884,-0.900969,0,1.0,0.0,1.0,0.667,0.577,0.333,0.516,0.667,2.105208333333333,1
Automotive Square,2022-05-01,LOW,5.52,2022,5,2,0,2,2.0,2.0,3.0,6.0,0.0,5.0,0.5,2,0,0.5,-0.866025,6,-0.781831,0.62349,1,0.0,1.0,0.0,0.333,0.577,0.333,0.516,0.222,2.105208333333333,1
Automotive Square,2022-06-01,LOW,0.0,2022,6,0,0,0,2.0,2.0,4.0,8.0,0.0,7.0,0.667,2,0,0.0,-1.0,2,0.974928,-0.222521,0,2.0,0.0,1.0,1.0,1.0,0.667,0.816,0.5,2.105208333333333,1
Automotive Square,2022-07-01,LOW,3.87,2022,7,2,0,1,0.0,0.0,4.0,8.0,0.0,7.0,0.667,3,0,-0.5,-0.866025,4,-0.433884,-0.900969,0,2.0,2.0,0.0,1.333,1.155,1.0,0.894,0.666,2.105208333333333,1
Automotive Square,2022-08-01,LOW,9.94,2022,8,3,0,2,2.0,2.0,4.0,10.0,0.0,8.0,0.833,3,0,-0.866025,-0.5,0,0.0,1.0,0,0.0,2.0,2.0,1.333,1.155,0.833,0.983,0.533,2.105208333333333,1
Automotive Square,2022-09-01,LOW,0.0,2022,9,0,0,0,3.0,3.0,5.0,11.0,0.0,8.0,0.917,3,0,-1.0,-0.0,3,0.433884,-0.900969,0,2.0,0.0,2.0,1.333,1.155,1.167,0.983,0.485,2.105208333333333,1
Automotive Square,2022-10-01,LOW,8.29,2022,10,3,0,3,0.0,0.0,5.0,11.0,0.0,8.0,0.917,4,0,-0.866025,0.5,5,-0.974928,-0.222521,1,3.0,2.0,0.0,1.667,1.528,1.5,1.225,0.606,2.105208333333333,1
Automotive Square,2022-11-01,LOW,1.1,2022,11,1,0,0,3.0,3.0,6.0,14.0,0.0,11.0,1.167,4,0,-0.5,0.866025,1,0.781831,0.62349,0,0.0,3.0,2.0,1.667,1.528,1.5,1.225,0.476,2.105208333333333,1
Automotive Square,2022-12-01,LOW,1.1,2022,12,1,0,0,1.0,1.0,4.0,15.0,0.0,11.0,1.25,4,0,-0.0,1.0,3,0.433884,-0.900969,0,3.0,0.0,3.0,2.0,1.732,1.667,1.366,0.533,2.105208333333333,1
Automotive Square,2023-01-01,LOW,2.76,2023,1,1,0,1,1.0,1.0,5.0,15.0,0.0,10.0,1.25,1,1,0.5,0.866025,6,-0.781831,0.62349,1,1.0,3.0,0.0,1.333,1.528,1.5,1.378,0.355,2.105208333333333,1
Automotive Square,2023-02-01,LOW,0.0,2023,2,0,0,0,1.0,1.0,3.0,16.0,0.0,11.0,1.333,1,0,0.866025,0.5,2,0.974928,-0.222521,0,1.0,1.0,3.0,1.667,1.155,1.667,1.211,0.417,2.105208333333333,1
Automotive Square,2023-03-01,LOW,3.87,2023,3,2,0,1,0.0,0.0,2.0,15.0,0.0,11.0,1.25,1,0,1.0,0.0,2,0.974928,-0.222521,0,1.0,1.0,1.0,1.0,0.0,1.5,1.225,0.267,2.105208333333333,1
Automotive Square,2023-04-01,LOW,1.1,2023,4,1,0,0,2.0,2.0,3.0,17.0,0.0,12.0,1.417,2,0,0.866025,-0.5,5,-0.974928,-0.222521,1,0.0,1.0,1.0,0.667,0.577,1.0,1.095,0.157,2.105208333333333,1
Automotive Square,2023-05-01,LOW,0.0,2023,5,0,0,0,1.0,1.0,3.0,16.0,0.0,10.0,1.333,2,0,0.5,-0.866025,0,0.0,1.0,0,2.0,0.0,1.0,1.0,1.0,1.333,1.033,0.25,2.105208333333333,1
Automotive Square,2023-06-01,LOW,0.0,2023,6,0,0,0,0.0,0.0,3.0,14.0,0.0,8.0,1.167,2,0,0.0,-1.0,3,0.433884,-0.900969,0,1.0,2.0,0.0,1.0,1.0,1.0,0.632,0.286,2.105208333333333,1
Automotive Square,2023-07-01,LOW,0.0,2023,7,0,0,0,0.0,0.0,1.0,14.0,0.0,8.0,1.167,3,0,-0.5,-0.866025,5,-0.974928,-0.222521,1,0.0,1.0,2.0,1.0,1.0,0.833,0.753,0.286,2.105208333333333,1
Automotive Square,2023-08-01,LOW,13.26,2023,8,3,0,3,0.0,0.0,0.0,12.0,0.0,7.0,1.0,3,0,-0.866025,-0.5,1,0.781831,0.62349,0,0.0,0.0,1.0,0.333,0.577,0.667,0.816,0.111,2.105208333333333,1
Automotive Square,2023-09-01,LOW,5.52,2023,9,2,0,1,3.0,3.0,3.0,12.0,0.0,8.0,1.0,3,0,-1.0,-0.0,4,-0.433884,-0.900969,0,0.0,0.0,0.0,0.0,0.0,0.5,0.837,0.0,2.105208333333333,1
Automotive Square,2023-10-01,LOW,0.0,2023,10,0,0,0,2.0,2.0,5.0,14.0,0.0,9.0,1.167,4,0,-0.866025,0.5,6,-0.781831,0.62349,1,3.0,0.0,0.0,1.0,1.732,1.0,1.265,0.286,2.105208333333333,1
Automotive Square,2023-11-01,LOW,7.18,2023,11,2,0,1,0.0,0.0,5.0,11.0,0.0,6.0,0.917,4,0,-0.5,0.866025,2,0.974928,-0.222521,0,2.0,3.0,0.0,1.667,1.528,1.0,1.265,0.606,2.105208333333333,1
Automotive Square,2023-12-01,LOW,0.0,2023,12,0,0,0,2.0,2.0,4.0,12.0,0.0,7.0,1.0,4,0,-0.0,1.0,4,-0.433884,-0.900969,0,0.0,2.0,3.0,1.667,1.528,0.833,1.329,0.556,2.105208333333333,1
Bhande Plot Square,2020-01-01,LOW,0.0,2020,1,0,0,0,0.0,0.0,0.0,0.0,0.0,0.0,0.0,1,1,0.5,0.866025,2,0.974928,-0.222521,0,0.0,0.0,0.0,0.0,0.0,0.0,0.0,0.0,0.0,2
Bhande Plot Square,2020-02-01,LOW,0.0,2020,2,0,0,0,0.0,0.0,0.0,0.0,0.0,0.0,0.0,1,0,0.866025,0.5,5,-0.974928,-0.222521,1,0.0,0.0,0.0,0.0,0.0,0.0,0.0,0.0,0.0,2
Bhande Plot Square,2020-03-01,LOW,0.0,2020,3,0,0,0,0.0,0.0,0.0,0.0,0.0,0.0,0.0,1,0,1.0,0.0,6,-0.781831,0.62349,1,0.0,0.0,0.0,0.0,0.0,0.0,0.0,0.0,0.0,2
Bhande Plot Square,2020-04-01,LOW,0.0,2020,4,0,0,0,0.0,0.0,0.0,0.0,0.0,0.0,0.0,2,0,0.866025,-0.5,2,0.974928,-0.222521,0,0.0,0.0,0.0,0.0,0.0,0.0,0.0,0.0,0.0,2
Bhande Plot Square,2020-05-01,LOW,0.0,2020,5,0,0,0,0.0,0.0,0.0,0.0,0.0,0.0,0.0,2,0,0.5,-0.866025,4,-0.433884,-0.900969,0,0.0,0.0,0.0,0.0,0.0,0.0,0.0,0.0,0.0,2
Bhande Plot Square,2020-06-01,LOW,0.0,2020,6,0,0,0,0.0,0.0,0.0,0.0,0.0,0.0,0.0,2,0,0.0,-1.0,0,0.0,1.0,0,0.0,0.0,0.0,0.0,0.0,0.0,0.0,0.0,0.0,2
Bhande Plot Square,2020-07-01,LOW,0.0,2020,7,0,0,0,0.0,0.0,0.0,0.0,0.0,0.0,0.0,3,0,-0.5,-0.866025,2,0.974928,-0.222521,0,0.0,0.0,0.0,0.0,0.0,0.0,0.0,0.0,0.0,2
Bhande Plot Square,2020-08-01,LOW,0.0,2020,8,0,0,0,0.0,0.0,0.0,0.0,0.0,0.0,0.0,3,0,-0.866025,-0.5,5,-0.974928,-0.222521,1,0.0,0.0,0.0,0.0,0.0,0.0,0.0,0.0,0.0,2
Bhande Plot Square,2020-09-01,LOW,0.0,2020,9,0,0,0,0.0,0.0,0.0,0.0,0.0,0.0,0.0,3,0,-1.0,-0.0,1,0.781831,0.62349,0,0.0,0.0,0.0,0.0,0.0,0.0,0.0,0.0,0.0,2
Bhande Plot Square,2020-10-01,LOW,0.0,2020,10,0,0,0,0.0,0.0,0.0,0.0,0.0,0.0,0.0,4,0,-0.866025,0.5,3,0.433884,-0.900969,0,0.0,0.0,0.0,0.0,0.0,0.0,0.0,0.0,0.0,2
Bhande Plot Square,2020-11-01,LOW,0.0,2020,11,0,0,0,0.0,0.0,0.0,0.0,0.0,0.0,0.0,4,0,-0.5,0.866025,6,-0.781831,0.62349,1,0.0,0.0,0.0,0.0,0.0,0.0,0.0,0.0,0.0,2
Bhande Plot Square,2020-12-01,LOW,0.0,2020,12,0,0,0,0.0,0.0,0.0,0.0,0.0,0.0,0.0,4,0,-0.0,1.0,1,0.781831,0.62349,0,0.0,0.0,0.0,0.0,0.0,0.0,0.0,0.0,0.0,2
Bhande Plot Square,2021-01-01,LOW,0.0,2021,1,0,0,0,0.0,0.0,0.0,0.0,0.0,0.0,0.0,1,1,0.5,0.866025,4,-0.433884,-0.900969,0,0.0,0.0,0.0,0.0,0.0,0.0,0.0,0.0,0.0,2
Bhande Plot Square,2021-02-01,LOW,0.0,2021,2,0,0,0,0.0,0.0,0.0,0.0,0.0,0.0,0.0,1,0,0.866025,0.5,0,0.0,1.0,0,0.0,0.0,0.0,0.0,0.0,0.0,0.0,0.0,0.0,2
Bhande Plot Square,2021-03-01,LOW,0.0,2021,3,0,0,0,0.0,0.0,0.0,0.0,0.0,0.0,0.0,1,0,1.0,0.0,0,0.0,1.0,0,0.0,0.0,0.0,0.0,0.0,0.0,0.0,0.0,0.0,2
Bhande Plot Square,2021-04-01,LOW,0.0,2021,4,0,0,0,0.0,0.0,0.0,0.0,0.0,0.0,0.0,2,0,0.866025,-0.5,3,0.433884,-0.900969,0,0.0,0.0,0.0,0.0,0.0,0.0,0.0,0.0,0.0,2
Bhande Plot Square,2021-05-01,LOW,0.0,2021,5,0,0,0,0.0,0.0,0.0,0.0,0.0,0.0,0.0,2,0,0.5,-0.866025,5,-0.974928,-0.222521,1,0.0,0.0,0.0,0.0,0.0,0.0,0.0,0.0,0.0,2
Bhande Plot Square,2021-06-01,LOW,0.0,2021,6,0,0,0,0.0,0.0,0.0,0.0,0.0,0.0,0.0,2,0,0.0,-1.0,1,0.781831,0.62349,0,0.0,0.0,0.0,0.0,0.0,0.0,0.0,0.0,0.0,2
Bhande Plot Square,2021-07-01,LOW,0.0,2021,7,0,0,0,0.0,0.0,0.0,0.0,0.0,0.0,0.0,3,0,-0.5,-0.866025,3,0.433884,-0.900969,0,0.0,0.0,0.0,0.0,0.0,0.0,0.0,0.0,0.0,2
Bhande Plot Square,2021-08-01,LOW,0.0,2021,8,0,0,0,0.0,0.0,0.0,0.0,0.0,0.0,0.0,3,0,-0.866025,-0.5,6,-0.781831,0.62349,1,0.0,0.0,0.0,0.0,0.0,0.0,0.0,0.0,0.0,2
Bhande Plot Square,2021-09-01,LOW,0.0,2021,9,0,0,0,0.0,0.0,0.0,0.0,0.0,0.0,0.0,3,0,-1.0,-0.0,2,0.974928,-0.222521,0,0.0,0.0,0.0,0.0,0.0,0.0,0.0,0.0,0.0,2
Bhande Plot Square,2021-10-01,LOW,0.0,2021,10,0,0,0,0.0,0.0,0.0,0.0,0.0,0.0,0.0,4,0,-0.866025,0.5,4,-0.433884,-0.900969,0,0.0,0.0,0.0,0.0,0.0,0.0,0.0,0.0,0.0,2
Bhande Plot Square,2021-11-01,LOW,0.0,2021,11,0,0,0,0.0,0.0,0.0,0.0,0.0,0.0,0.0,4,0,-0.5,0.866025,0,0.0,1.0,0,0.0,0.0,0.0,0.0,0.0,0.0,0.0,0.0,0.0,2
Bhande Plot Square,2021-12-01,LOW,0.0,2021,12,0,0,0,0.0,0.0,0.0,0.0,0.0,0.0,0.0,4,0,-0.0,1.0,2,0.974928,-0.222521,0,0.0,0.0,0.0,0.0,0.0,0.0,0.0,0.0,0.0,2
Bhande Plot Square,2022-01-01,LOW,0.0,2022,1,0,0,0,0.0,0.0,0.0,0.0,0.0,0.0,0.0,1,1,0.5,0.866025,5,-0.974928,-0.222521,1,0.0,0.0,0.0,0.0,0.0,0.0,0.0,0.0,0.0,2
Bhande Plot Square,2022-02-01,LOW,0.0,2022,2,0,0,0,0.0,0.0,0.0,0.0,0.0,0.0,0.0,1,0,0.866025,0.5,1,0.781831,0.62349,0,0.0,0.0,0.0,0.0,0.0,0.0,0.0,0.0,0.0,2
Bhande Plot Square,2022-03-01,LOW,0.0,2022,3,0,0,0,0.0,0.0,0.0,0.0,0.0,0.0,0.0,1,0,1.0,0.0,1,0.781831,0.62349,0,0.0,0.0,0.0,0.0,0.0,0.0,0.0,0.0,0.0,2
Bhande Plot Square,2022-04-01,LOW,0.0,2022,4,0,0,0,0.0,0.0,0.0,0.0,0.0,0.0,0.0,2,0,0.866025,-0.5,4,-0.433884,-0.900969,0,0.0,0.0,0.0,0.0,0.0,0.0,0.0,0.0,0.0,2
Bhande Plot Square,2022-05-01,LOW,0.0,2022,5,0,0,0,0.0,0.0,0.0,0.0,0.0,0.0,0.0,2,0,0.5,-0.866025,6,-0.781831,0.62349,1,0.0,0.0,0.0,0.0,0.0,0.0,0.0,0.0,0.0,2
Bhande Plot Square,2022-06-01,LOW,0.0,2022,6,0,0,0,0.0,0.0,0.0,0.0,0.0,0.0,0.0,2,0,0.0,-1.0,2,0.974928,-0.222521,0,0.0,0.0,0.0,0.0,0.0,0.0,0.0,0.0,0.0,2
Bhande Plot Square,2022-07-01,LOW,0.0,2022,7,0,0,0,0.0,0.0,0.0,0.0,0.0,0.0,0.0,3,0,-0.5,-0.866025,4,-0.433884,-0.900969,0,0.0,0.0,0.0,0.0,0.0,0.0,0.0,0.0,0.0,2
Bhande Plot Square,2022-08-01,LOW,0.0,2022,8,0,0,0,0.0,0.0,0.0,0.0,0.0,0.0,0.0,3,0,-0.866025,-0.5,0,0.0,1.0,0,0.0,0.0,0.0,0.0,0.0,0.0,0.0,0.0,0.0,2
Bhande Plot Square,2022-09-01,LOW,0.0,2022,9,0,0,0,0.0,0.0,0.0,0.0,0.0,0.0,0.0,3,0,-1.0,-0.0,3,0.433884,-0.900969,0,0.0,0.0,0.0,0.0,0.0,0.0,0.0,0.0,0.0,2
Bhande Plot Square,2022-10-01,LOW,0.0,2022,10,0,0,0,0.0,0.0,0.0,0.0,0.0,0.0,0.0,4,0,-0.866025,0.5,5,-0.974928,-0.222521,1,0.0,0.0,0.0,0.0,0.0,0.0,0.0,0.0,0.0,2
Bhande Plot Square,2022-11-01,LOW,0.0,2022,11,0,0,0,0.0,0.0,0.0,0.0,0.0,0.0,0.0,4,0,-0.5,0.866025,1,0.781831,0.62349,0,0.0,0.0,0.0,0.0,0.0,0.0,0.0,0.0,0.0,2
Bhande Plot Square,2022-12-01,LOW,0.0,2022,12,0,0,0,0.0,0.0,0.0,0.0,0.0,0.0,0.0,4,0,-0.0,1.0,3,0.433884,-0.900969,0,0.0,0.0,0.0,0.0,0.0,0.0,0.0,0.0,0.0,2
Bhande Plot Square,2023-01-01,LOW,0.0,2023,1,0,0,0,0.0,0.0,0.0,0.0,0.0,0.0,0.0,1,1,0.5,0.866025,6,-0.781831,0.62349,1,0.0,0.0,0.0,0.0,0.0,0.0,0.0,0.0,0.0,2
Bhande Plot Square,2023-02-01,LOW,0.0,2023,2,0,0,0,0.0,0.0,0.0,0.0,0.0,0.0,0.0,1,0,0.866025,0.5,2,0.974928,-0.222521,0,0.0,0.0,0.0,0.0,0.0,0.0,0.0,0.0,0.0,2
Bhande Plot Square,2023-03-01,LOW,0.0,2023,3,0,0,0,0.0,0.0,0.0,0.0,0.0,0.0,0.0,1,0,1.0,0.0,2,0.974928,-0.222521,0,0.0,0.0,0.0,0.0,0.0,0.0,0.0,0.0,0.0,2
Bhande Plot Square,2023-04-01,LOW,0.0,2023,4,0,0,0,0.0,0.0,0.0,0.0,0.0,0.0,0.0,2,0,0.866025,-0.5,5,-0.974928,-0.222521,1,0.0,0.0,0.0,0.0,0.0,0.0,0.0,0.0,0.0,2
Bhande Plot Square,2023-05-01,LOW,0.0,2023,5,0,0,0,0.0,0.0,0.0,0.0,0.0,0.0,0.0,2,0,0.5,-0.866025,0,0.0,1.0,0,0.0,0.0,0.0,0.0,0.0,0.0,0.0,0.0,0.0,2
Bhande Plot Square,2023-06-01,LOW,0.0,2023,6,0,0,0,0.0,0.0,0.0,0.0,0.0,0.0,0.0,2,0,0.0,-1.0,3,0.433884,-0.900969,0,0.0,0.0,0.0,0.0,0.0,0.0,0.0,0.0,0.0,2
Bhande Plot Square,2023-07-01,LOW,0.0,2023,7,0,0,0,0.0,0.0,0.0,0.0,0.0,0.0,0.0,3,0,-0.5,-0.866025,5,-0.974928,-0.222521,1,0.0,0.0,0.0,0.0,0.0,0.0,0.0,0.0,0.0,2
Bhande Plot Square,2023-08-01,LOW,0.0,2023,8,0,0,0,0.0,0.0,0.0,0.0,0.0,0.0,0.0,3,0,-0.866025,-0.5,1,0.781831,0.62349,0,0.0,0.0,0.0,0.0,0.0,0.0,0.0,0.0,0.0,2
Bhande Plot Square,2023-09-01,LOW,0.0,2023,9,0,0,0,0.0,0.0,0.0,0.0,0.0,0.0,0.0,3,0,-1.0,-0.0,4,-0.433884,-0.900969,0,0.0,0.0,0.0,0.0,0.0,0.0,0.0,0.0,0.0,2
Bhande Plot Square,2023-10-01,LOW,0.0,2023,10,0,0,0,0.0,0.0,0.0,0.0,0.0,0.0,0.0,4,0,-0.866025,0.5,6,-0.781831,0.62349,1,0.0,0.0,0.0,0.0,0.0,0.0,0.0,0.0,0.0,2
Bhande Plot Square,2023-11-01,LOW,0.0,2023,11,0,0,0,0.0,0.0,0.0,0.0,0.0,0.0,0.0,4,0,-0.5,0.866025,2,0.974928,-0.222521,0,0.0,0.0,0.0,0.0,0.0,0.0,0.0,0.0,0.0,2
Bhande Plot Square,2023-12-01,LOW,0.0,2023,12,0,0,0,0.0,0.0,0.0,0.0,0.0,0.0,0.0,4,0,-0.0,1.0,4,-0.433884,-0.900969,0,0.0,0.0,0.0,0.0,0.0,0.0,0.0,0.0,0.0,2
Chhatrapati Square,2020-01-01,LOW,2.76,2020,1,1,0,1,0.0,0.0,0.0,0.0,0.0,0.0,0.0,1,1,0.5,0.866025,2,0.974928,-0.222521,0,0.0,0.0,0.0,0.0,0.0,0.0,0.0,0.0,2.865,3
Chhatrapati Square,2020-02-01,LOW,0.0,2020,2,0,0,0,1.0,1.0,1.0,1.0,0.0,1.0,0.083,1,0,0.866025,0.5,5,-0.974928,-0.222521,1,0.0,0.0,0.0,0.0,0.0,0.0,0.0,0.0,2.865,3
Chhatrapati Square,2020-03-01,LOW,0.0,2020,3,0,0,0,0.0,0.0,1.0,1.0,0.0,1.0,0.083,1,0,1.0,0.0,6,-0.781831,0.62349,1,1.0,0.0,0.0,0.5,0.707,0.5,0.707,2.0,2.865,3
Chhatrapati Square,2020-04-01,LOW,0.0,2020,4,0,0,0,0.0,0.0,1.0,1.0,0.0,1.0,0.083,2,0,0.866025,-0.5,2,0.974928,-0.222521,0,0.0,1.0,0.0,0.333,0.577,0.333,0.577,1.332,2.865,3
Chhatrapati Square,2020-05-01,LOW,2.21,2020,5,2,0,0,0.0,0.0,0.0,1.0,0.0,1.0,0.083,2,0,0.5,-0.866025,4,-0.433884,-0.900969,0,0.0,0.0,1.0,0.333,0.577,0.25,0.5,1.332,2.865,3
Chhatrapati Square,2020-06-01,LOW,1.1,2020,6,1,0,0,2.0,2.0,2.0,3.0,0.0,1.0,0.25,2,0,0.0,-1.0,0,0.0,1.0,0,0.0,0.0,0.0,0.0,0.0,0.2,0.447,0.0,2.865,3
Chhatrapati Square,2020-07-01,LOW,0.0,2020,7,0,0,0,1.0,1.0,3.0,4.0,0.0,1.0,0.333,3,0,-0.5,-0.866025,2,0.974928,-0.222521,0,2.0,0.0,0.0,0.667,1.155,0.5,0.837,0.667,2.865,3
Chhatrapati Square,2020-08-01,LOW,6.08,2020,8,1,0,1,0.0,0.0,3.0,4.0,0.0,1.0,0.333,3,0,-0.866025,-0.5,5,-0.974928,-0.222521,1,1.0,2.0,0.0,1.0,1.0,0.667,0.816,1.0,2.865,3
Chhatrapati Square,2020-09-01,LOW,0.0,2020,9,0,0,0,1.0,1.0,2.0,5.0,0.0,2.0,0.417,3,0,-1.0,-0.0,1,0.781831,0.62349,0,0.0,1.0,2.0,1.0,1.0,0.5,0.837,0.8,2.865,3
Chhatrapati Square,2020-10-01,LOW,13.81,2020,10,2,1,2,0.0,0.0,1.0,5.0,0.0,2.0,0.417,4,0,-0.866025,0.5,3,0.433884,-0.900969,0,1.0,0.0,1.0,0.667,0.577,0.667,0.816,0.534,2.865,3
Chhatrapati Square,2020-11-01,LOW,2.76,2020,11,1,0,1,2.0,2.0,3.0,7.0,1.0,4.0,0.583,4,0,-0.5,0.866025,6,-0.781831,0.62349,1,0.0,1.0,0.0,0.333,0.577,0.667,0.816,0.19,2.865,3
Chhatrapati Square,2020-12-01,LOW,0.0,2020,12,0,0,0,1.0,1.0,3.0,8.0,1.0,5.0,0.667,4,0,-0.0,1.0,1,0.781831,0.62349,0,2.0,0.0,1.0,1.0,1.0,1.0,0.894,0.5,2.865,3
Chhatrapati Square,2021-01-01,LOW,0.0,2021,1,0,0,0,0.0,0.0,3.0,8.0,1.0,5.0,0.667,1,1,0.5,0.866025,4,-0.433884,-0.900969,0,1.0,2.0,0.0,1.0,1.0,0.833,0.753,0.5,2.865,3
Chhatrapati Square,2021-02-01,LOW,13.26,2021,2,3,1,2,0.0,0.0,1.0,7.0,1.0,4.0,0.583,1,0,0.866025,0.5,0,0.0,1.0,0,0.0,1.0,2.0,1.0,1.0,0.667,0.816,0.571,2.865,3
Chhatrapati Square,2021-03-01,LOW,6.08,2021,3,1,0,1,3.0,3.0,3.0,10.0,2.0,6.0,0.833,1,0,1.0,0.0,0,0.0,1.0,0,0.0,0.0,1.0,0.333,0.577,0.667,0.816,0.133,2.865,3
Chhatrapati Square,2021-04-01,LOW,0.0,2021,4,0,0,0,1.0,1.0,4.0,11.0,2.0,7.0,0.917,2,0,0.866025,-0.5,3,0.433884,-0.900969,0,3.0,0.0,0.0,1.0,1.732,1.0,1.265,0.364,2.865,3
Chhatrapati Square,2021-05-01,LOW,3.87,2021,5,2,0,1,0.0,0.0,4.0,11.0,2.0,7.0,0.917,2,0,0.5,-0.866025,5,-0.974928,-0.222521,1,1.0,3.0,0.0,1.333,1.528,1.167,1.169,0.485,2.865,3
Chhatrapati Square,2021-06-01,LOW,1.1,2021,6,1,0,0,2.0,2.0,3.0,11.0,2.0,8.0,0.917,2,0,0.0,-1.0,1,0.781831,0.62349,0,0.0,1.0,3.0,1.333,1.528,0.833,1.169,0.485,2.865,3
Chhatrapati Square,2021-07-01,LOW,0.0,2021,7,0,0,0,1.0,1.0,3.0,11.0,2.0,8.0,0.917,3,0,-0.5,-0.866025,3,0.433884,-0.900969,0,2.0,0.0,1.0,1.0,1.0,1.0,1.265,0.364,2.865,3
Chhatrapati Square,2021-08-01,LOW,0.0,2021,8,0,0,0,0.0,0.0,3.0,11.0,2.0,8.0,0.917,3,0,-0.866025,-0.5,6,-0.781831,0.62349,1,1.0,2.0,0.0,1.0,1.0,1.167,1.169,0.364,2.865,3
Chhatrapati Square,2021-09-01,LOW,0.0,2021,9,0,0,0,0.0,0.0,1.0,10.0,2.0,7.0,0.833,3,0,-1.0,-0.0,2,0.974928,-0.222521,0,0.0,1.0,2.0,1.0,1.0,1.167,1.169,0.4,2.865,3
Chhatrapati Square,2021-10-01,LOW,6.08,2021,10,1,0,1,0.0,0.0,0.0,10.0,2.0,7.0,0.833,4,0,-0.866025,0.5,4,-0.433884,-0.900969,0,0.0,0.0,1.0,0.333,0.577,0.667,0.816,0.133,2.865,3
Chhatrapati Square,2021-11-01,LOW,2.76,2021,11,1,0,1,1.0,1.0,1.0,9.0,1.0,6.0,0.75,4,0,-0.5,0.866025,0,0.0,1.0,0,0.0,0.0,0.0,0.0,0.0,0.5,0.837,0.0,2.865,3
Chhatrapati Square,2021-12-01,LOW,0.0,2021,12,0,0,0,1.0,1.0,2.0,9.0,1.0,6.0,0.75,4,0,-0.0,1.0,2,0.974928,-0.222521,0,1.0,0.0,0.0,0.333,0.577,0.667,0.816,0.148,2.865,3
Chhatrapati Square,2022-01-01,LOW,2.76,2022,1,1,0,1,0.0,0.0,2.0,9.0,1.0,6.0,0.75,1,1,0.5,0.866025,5,-0.974928,-0.222521,1,1.0,1.0,0.0,0.667,0.577,0.5,0.548,0.296,2.865,3
Chhatrapati Square,2022-02-01,LOW,0.0,2022,2,0,0,0,1.0,1.0,2.0,10.0,1.0,7.0,0.833,1,0,0.866025,0.5,1,0.781831,0.62349,0,0.0,1.0,1.0,0.667,0.577,0.333,0.516,0.267,2.865,3
Chhatrapati Square,2022-03-01,LOW,0.0,2022,3,0,0,0,0.0,0.0,1.0,7.0,0.0,5.0,0.583,1,0,1.0,0.0,1,0.781831,0.62349,0,1.0,0.0,1.0,0.667,0.577,0.5,0.548,0.381,2.865,3
Chhatrapati Square,2022-04-01,LOW,1.1,2022,4,1,0,0,0.0,0.0,1.0,6.0,0.0,4.0,0.5,2,0,0.866025,-0.5,4,-0.433884,-0.900969,0,0.0,1.0,0.0,0.333,0.577,0.5,0.548,0.222,2.865,3
Chhatrapati Square,2022-05-01,LOW,7.18,2022,5,2,0,2,1.0,1.0,1.0,7.0,0.0,4.0,0.583,2,0,0.5,-0.866025,6,-0.781831,0.62349,1,0.0,0.0,1.0,0.333,0.577,0.5,0.548,0.19,2.865,3
Chhatrapati Square,2022-06-01,LOW,1.1,2022,6,1,0,0,2.0,2.0,3.0,7.0,0.0,5.0,0.583,2,0,0.0,-1.0,2,0.974928,-0.222521,0,1.0,0.0,0.0,0.333,0.577,0.5,0.548,0.19,2.865,3
Chhatrapati Square,2022-07-01,LOW,0.0,2022,7,0,0,0,1.0,1.0,4.0,7.0,0.0,5.0,0.583,3,0,-0.5,-0.866025,4,-0.433884,-0.900969,0,2.0,1.0,0.0,1.0,1.0,0.667,0.816,0.571,2.865,3
Chhatrapati Square,2022-08-01,LOW,23.2,2022,8,3,0,3,0.0,0.0,3.0,7.0,0.0,5.0,0.583,3,0,-0.866025,-0.5,0,0.0,1.0,0,1.0,2.0,1.0,1.333,0.577,0.833,0.753,0.762,2.865,3
Chhatrapati Square,2022-09-01,LOW,0.0,2022,9,0,0,0,3.0,3.0,4.0,10.0,0.0,8.0,0.833,3,0,-1.0,-0.0,3,0.433884,-0.900969,0,0.0,1.0,2.0,1.0,1.0,0.667,0.816,0.4,2.865,3
Chhatrapati Square,2022-10-01,LOW,0.0,2022,10,0,0,0,0.0,0.0,3.0,10.0,0.0,8.0,0.833,4,0,-0.866025,0.5,5,-0.974928,-0.222521,1,3.0,0.0,1.0,1.333,1.528,1.167,1.169,0.533,2.865,3
Chhatrapati Square,2022-11-01,LOW,0.0,2022,11,0,0,0,0.0,0.0,3.0,9.0,0.0,7.0,0.75,4,0,-0.5,0.866025,1,0.781831,0.62349,0,0.0,3.0,0.0,1.0,1.732,1.167,1.169,0.444,2.865,3
Chhatrapati Square,2022-12-01,LOW,2.76,2022,12,1,0,1,0.0,0.0,0.0,8.0,0.0,6.0,0.667,4,0,-0.0,1.0,3,0.433884,-0.900969,0,0.0,0.0,3.0,1.0,1.732,1.0,1.265,0.5,2.865,3
Chhatrapati Square,2023-01-01,LOW,1.1,2023,1,1,0,0,1.0,1.0,1.0,9.0,0.0,7.0,0.75,1,1,0.5,0.866025,6,-0.781831,0.62349,1,0.0,0.0,0.0,0.0,0.0,0.667,1.211,0.0,2.865,3
Chhatrapati Square,2023-02-01,LOW,0.0,2023,2,0,0,0,1.0,1.0,2.0,9.0,0.0,6.0,0.75,1,0,0.866025,0.5,2,0.974928,-0.222521,0,1.0,0.0,0.0,0.333,0.577,0.667,1.211,0.148,2.865,3
Chhatrapati Square,2023-03-01,LOW,9.39,2023,3,4,0,2,0.0,0.0,2.0,9.0,0.0,6.0,0.75,1,0,1.0,0.0,2,0.974928,-0.222521,0,1.0,1.0,0.0,0.667,0.577,0.833,1.169,0.296,2.865,3
Chhatrapati Square,2023-04-01,LOW,7.73,2023,4,1,0,1,4.0,4.0,5.0,13.0,0.0,8.0,1.083,2,0,0.866025,-0.5,5,-0.974928,-0.222521,1,0.0,1.0,1.0,0.667,0.577,0.333,0.516,0.205,2.865,3
Chhatrapati Square,2023-05-01,LOW,0.0,2023,5,0,0,0,1.0,1.0,5.0,13.0,0.0,9.0,1.083,2,0,0.5,-0.866025,0,0.0,1.0,0,4.0,0.0,1.0,1.667,2.082,1.0,1.549,0.513,2.865,3
Chhatrapati Square,2023-06-01,LOW,2.76,2023,6,1,0,1,0.0,0.0,5.0,11.0,0.0,7.0,0.917,2,0,0.0,-1.0,3,0.433884,-0.900969,0,1.0,4.0,0.0,1.667,2.082,1.167,1.472,0.606,2.865,3
Chhatrapati Square,2023-07-01,LOW,2.76,2023,7,1,0,1,1.0,1.0,2.0,11.0,0.0,8.0,0.917,3,0,-0.5,-0.866025,5,-0.974928,-0.222521,1,0.0,1.0,4.0,1.667,2.082,1.167,1.472,0.606,2.865,3
Chhatrapati Square,2023-08-01,LOW,1.1,2023,8,1,0,0,1.0,1.0,2.0,12.0,0.0,9.0,1.0,3,0,-0.866025,-0.5,1,0.781831,0.62349,0,1.0,0.0,1.0,0.667,0.577,1.167,1.472,0.222,2.865,3
Chhatrapati Square,2023-09-01,LOW,4.42,2023,9,1,0,1,1.0,1.0,3.0,10.0,0.0,6.0,0.833,3,0,-1.0,-0.0,4,-0.433884,-0.900969,0,1.0,1.0,0.0,0.667,0.577,1.167,1.472,0.267,2.865,3
Chhatrapati Square,2023-10-01,LOW,0.0,2023,10,0,0,0,1.0,1.0,3.0,11.0,0.0,7.0,0.917,4,0,-0.866025,0.5,6,-0.781831,0.62349,1,1.0,1.0,1.0,1.0,0.0,1.333,1.366,0.364,2.865,3
Chhatrapati Square,2023-11-01,LOW,0.0,2023,11,0,0,0,0.0,0.0,2.0,11.0,0.0,7.0,0.917,4,0,-0.5,0.866025,2,0.974928,-0.222521,0,1.0,1.0,1.0,1.0,0.0,0.833,0.408,0.364,2.865,3
Chhatrapati Square,2023-12-01,LOW,8.29,2023,12,3,0,2,0.0,0.0,1.0,11.0,0.0,7.0,0.917,4,0,-0.0,1.0,4,-0.433884,-0.900969,0,0.0,1.0,1.0,0.667,0.577,0.667,0.516,0.243,2.865,3
Deo Nagar Chowk,2020-01-01,LOW,0.0,2020,1,0,0,0,0.0,0.0,0.0,0.0,0.0,0.0,0.0,1,1,0.5,0.866025,2,0.974928,-0.222521,0,0.0,0.0,0.0,0.0,0.0,0.0,0.0,0.0,0.0,4
Deo Nagar Chowk,2020-02-01,LOW,0.0,2020,2,0,0,0,0.0,0.0,0.0,0.0,0.0,0.0,0.0,1,0,0.866025,0.5,5,-0.974928,-0.222521,1,0.0,0.0,0.0,0.0,0.0,0.0,0.0,0.0,0.0,4
Deo Nagar Chowk,2020-03-01,LOW,0.0,2020,3,0,0,0,0.0,0.0,0.0,0.0,0.0,0.0,0.0,1,0,1.0,0.0,6,-0.781831,0.62349,1,0.0,0.0,0.0,0.0,0.0,0.0,0.0,0.0,0.0,4
Deo Nagar Chowk,2020-04-01,LOW,0.0,2020,4,0,0,0,0.0,0.0,0.0,0.0,0.0,0.0,0.0,2,0,0.866025,-0.5,2,0.974928,-0.222521,0,0.0,0.0,0.0,0.0,0.0,0.0,0.0,0.0,0.0,4
Deo Nagar Chowk,2020-05-01,LOW,0.0,2020,5,0,0,0,0.0,0.0,0.0,0.0,0.0,0.0,0.0,2,0,0.5,-0.866025,4,-0.433884,-0.900969,0,0.0,0.0,0.0,0.0,0.0,0.0,0.0,0.0,0.0,4
Deo Nagar Chowk,2020-06-01,LOW,0.0,2020,6,0,0,0,0.0,0.0,0.0,0.0,0.0,0.0,0.0,2,0,0.0,-1.0,0,0.0,1.0,0,0.0,0.0,0.0,0.0,0.0,0.0,0.0,0.0,0.0,4
Deo Nagar Chowk,2020-07-01,LOW,0.0,2020,7,0,0,0,0.0,0.0,0.0,0.0,0.0,0.0,0.0,3,0,-0.5,-0.866025,2,0.974928,-0.222521,0,0.0,0.0,0.0,0.0,0.0,0.0,0.0,0.0,0.0,4
Deo Nagar Chowk,2020-08-01,LOW,0.0,2020,8,0,0,0,0.0,0.0,0.0,0.0,0.0,0.0,0.0,3,0,-0.866025,-0.5,5,-0.974928,-0.222521,1,0.0,0.0,0.0,0.0,0.0,0.0,0.0,0.0,0.0,4
Deo Nagar Chowk,2020-09-01,LOW,0.0,2020,9,0,0,0,0.0,0.0,0.0,0.0,0.0,0.0,0.0,3,0,-1.0,-0.0,1,0.781831,0.62349,0,0.0,0.0,0.0,0.0,0.0,0.0,0.0,0.0,0.0,4
Deo Nagar Chowk,2020-10-01,LOW,0.0,2020,10,0,0,0,0.0,0.0,0.0,0.0,0.0,0.0,0.0,4,0,-0.866025,0.5,3,0.433884,-0.900969,0,0.0,0.0,0.0,0.0,0.0,0.0,0.0,0.0,0.0,4
Deo Nagar Chowk,2020-11-01,LOW,0.0,2020,11,0,0,0,0.0,0.0,0.0,0.0,0.0,0.0,0.0,4,0,-0.5,0.866025,6,-0.781831,0.62349,1,0.0,0.0,0.0,0.0,0.0,0.0,0.0,0.0,0.0,4
Deo Nagar Chowk,2020-12-01,LOW,0.0,2020,12,0,0,0,0.0,0.0,0.0,0.0,0.0,0.0,0.0,4,0,-0.0,1.0,1,0.781831,0.62349,0,0.0,0.0,0.0,0.0,0.0,0.0,0.0,0.0,0.0,4
Deo Nagar Chowk,2021-01-01,LOW,0.0,2021,1,0,0,0,0.0,0.0,0.0,0.0,0.0,0.0,0.0,1,1,0.5,0.866025,4,-0.433884,-0.900969,0,0.0,0.0,0.0,0.0,0.0,0.0,0.0,0.0,0.0,4
Deo Nagar Chowk,2021-02-01,LOW,0.0,2021,2,0,0,0,0.0,0.0,0.0,0.0,0.0,0.0,0.0,1,0,0.866025,0.5,0,0.0,1.0,0,0.0,0.0,0.0,0.0,0.0,0.0,0.0,0.0,0.0,4
Deo Nagar Chowk,2021-03-01,LOW,0.0,2021,3,0,0,0,0.0,0.0,0.0,0.0,0.0,0.0,0.0,1,0,1.0,0.0,0,0.0,1.0,0,0.0,0.0,0.0,0.0,0.0,0.0,0.0,0.0,0.0,4
Deo Nagar Chowk,2021-04-01,LOW,0.0,2021,4,0,0,0,0.0,0.0,0.0,0.0,0.0,0.0,0.0,2,0,0.866025,-0.5,3,0.433884,-0.900969,0,0.0,0.0,0.0,0.0,0.0,0.0,0.0,0.0,0.0,4
Deo Nagar Chowk,2021-05-01,LOW,0.0,2021,5,0,0,0,0.0,0.0,0.0,0.0,0.0,0.0,0.0,2,0,0.5,-0.866025,5,-0.974928,-0.222521,1,0.0,0.0,0.0,0.0,0.0,0.0,0.0,0.0,0.0,4
Deo Nagar Chowk,2021-06-01,LOW,0.0,2021,6,0,0,0,0.0,0.0,0.0,0.0,0.0,0.0,0.0,2,0,0.0,-1.0,1,0.781831,0.62349,0,0.0,0.0,0.0,0.0,0.0,0.0,0.0,0.0,0.0,4
Deo Nagar Chowk,2021-07-01,LOW,0.0,2021,7,0,0,0,0.0,0.0,0.0,0.0,0.0,0.0,0.0,3,0,-0.5,-0.866025,3,0.433884,-0.900969,0,0.0,0.0,0.0,0.0,0.0,0.0,0.0,0.0,0.0,4
Deo Nagar Chowk,2021-08-01,LOW,0.0,2021,8,0,0,0,0.0,0.0,0.0,0.0,0.0,0.0,0.0,3,0,-0.866025,-0.5,6,-0.781831,0.62349,1,0.0,0.0,0.0,0.0,0.0,0.0,0.0,0.0,0.0,4
Deo Nagar Chowk,2021-09-01,LOW,0.0,2021,9,0,0,0,0.0,0.0,0.0,0.0,0.0,0.0,0.0,3,0,-1.0,-0.0,2,0.974928,-0.222521,0,0.0,0.0,0.0,0.0,0.0,0.0,0.0,0.0,0.0,4
Deo Nagar Chowk,2021-10-01,LOW,0.0,2021,10,0,0,0,0.0,0.0,0.0,0.0,0.0,0.0,0.0,4,0,-0.866025,0.5,4,-0.433884,-0.900969,0,0.0,0.0,0.0,0.0,0.0,0.0,0.0,0.0,0.0,4
Deo Nagar Chowk,2021-11-01,LOW,0.0,2021,11,0,0,0,0.0,0.0,0.0,0.0,0.0,0.0,0.0,4,0,-0.5,0.866025,0,0.0,1.0,0,0.0,0.0,0.0,0.0,0.0,0.0,0.0,0.0,0.0,4
Deo Nagar Chowk,2021-12-01,LOW,0.0,2021,12,0,0,0,0.0,0.0,0.0,0.0,0.0,0.0,0.0,4,0,-0.0,1.0,2,0.974928,-0.222521,0,0.0,0.0,0.0,0.0,0.0,0.0,0.0,0.0,0.0,4
Deo Nagar Chowk,2022-01-01,LOW,0.0,2022,1,0,0,0,0.0,0.0,0.0,0.0,0.0,0.0,0.0,1,1,0.5,0.866025,5,-0.974928,-0.222521,1,0.0,0.0,0.0,0.0,0.0,0.0,0.0,0.0,0.0,4
Deo Nagar Chowk,2022-02-01,LOW,0.0,2022,2,0,0,0,0.0,0.0,0.0,0.0,0.0,0.0,0.0,1,0,0.866025,0.5,1,0.781831,0.62349,0,0.0,0.0,0.0,0.0,0.0,0.0,0.0,0.0,0.0,4
Deo Nagar Chowk,2022-03-01,LOW,0.0,2022,3,0,0,0,0.0,0.0,0.0,0.0,0.0,0.0,0.0,1,0,1.0,0.0,1,0.781831,0.62349,0,0.0,0.0,0.0,0.0,0.0,0.0,0.0,0.0,0.0,4
Deo Nagar Chowk,2022-04-01,LOW,0.0,2022,4,0,0,0,0.0,0.0,0.0,0.0,0.0,0.0,0.0,2,0,0.866025,-0.5,4,-0.433884,-0.900969,0,0.0,0.0,0.0,0.0,0.0,0.0,0.0,0.0,0.0,4
Deo Nagar Chowk,2022-05-01,LOW,0.0,2022,5,0,0,0,0.0,0.0,0.0,0.0,0.0,0.0,0.0,2,0,0.5,-0.866025,6,-0.781831,0.62349,1,0.0,0.0,0.0,0.0,0.0,0.0,0.0,0.0,0.0,4
Deo Nagar Chowk,2022-06-01,LOW,0.0,2022,6,0,0,0,0.0,0.0,0.0,0.0,0.0,0.0,0.0,2,0,0.0,-1.0,2,0.974928,-0.222521,0,0.0,0.0,0.0,0.0,0.0,0.0,0.0,0.0,0.0,4
Deo Nagar Chowk,2022-07-01,LOW,0.0,2022,7,0,0,0,0.0,0.0,0.0,0.0,0.0,0.0,0.0,3,0,-0.5,-0.866025,4,-0.433884,-0.900969,0,0.0,0.0,0.0,0.0,0.0,0.0,0.0,0.0,0.0,4
Deo Nagar Chowk,2022-08-01,LOW,0.0,2022,8,0,0,0,0.0,0.0,0.0,0.0,0.0,0.0,0.0,3,0,-0.866025,-0.5,0,0.0,1.0,0,0.0,0.0,0.0,0.0,0.0,0.0,0.0,0.0,0.0,4
Deo Nagar Chowk,2022-09-01,LOW,0.0,2022,9,0,0,0,0.0,0.0,0.0,0.0,0.0,0.0,0.0,3,0,-1.0,-0.0,3,0.433884,-0.900969,0,0.0,0.0,0.0,0.0,0.0,0.0,0.0,0.0,0.0,4
Deo Nagar Chowk,2022-10-01,LOW,0.0,2022,10,0,0,0,0.0,0.0,0.0,0.0,0.0,0.0,0.0,4,0,-0.866025,0.5,5,-0.974928,-0.222521,1,0.0,0.0,0.0,0.0,0.0,0.0,0.0,0.0,0.0,4
Deo Nagar Chowk,2022-11-01,LOW,0.0,2022,11,0,0,0,0.0,0.0,0.0,0.0,0.0,0.0,0.0,4,0,-0.5,0.866025,1,0.781831,0.62349,0,0.0,0.0,0.0,0.0,0.0,0.0,0.0,0.0,0.0,4
Deo Nagar Chowk,2022-12-01,LOW,0.0,2022,12,0,0,0,0.0,0.0,0.0,0.0,0.0,0.0,0.0,4,0,-0.0,1.0,3,0.433884,-0.900969,0,0.0,0.0,0.0,0.0,0.0,0.0,0.0,0.0,0.0,4
Deo Nagar Chowk,2023-01-01,LOW,0.0,2023,1,0,0,0,0.0,0.0,0.0,0.0,0.0,0.0,0.0,1,1,0.5,0.866025,6,-0.781831,0.62349,1,0.0,0.0,0.0,0.0,0.0,0.0,0.0,0.0,0.0,4
Deo Nagar Chowk,2023-02-01,LOW,0.0,2023,2,0,0,0,0.0,0.0,0.0,0.0,0.0,0.0,0.0,1,0,0.866025,0.5,2,0.974928,-0.222521,0,0.0,0.0,0.0,0.0,0.0,0.0,0.0,0.0,0.0,4
Deo Nagar Chowk,2023-03-01,LOW,0.0,2023,3,0,0,0,0.0,0.0,0.0,0.0,0.0,0.0,0.0,1,0,1.0,0.0,2,0.974928,-0.222521,0,0.0,0.0,0.0,0.0,0.0,0.0,0.0,0.0,0.0,4
Deo Nagar Chowk,2023-04-01,LOW,0.0,2023,4,0,0,0,0.0,0.0,0.0,0.0,0.0,0.0,0.0,2,0,0.866025,-0.5,5,-0.974928,-0.222521,1,0.0,0.0,0.0,0.0,0.0,0.0,0.0,0.0,0.0,4
Deo Nagar Chowk,2023-05-01,LOW,0.0,2023,5,0,0,0,0.0,0.0,0.0,0.0,0.0,0.0,0.0,2,0,0.5,-0.866025,0,0.0,1.0,0,0.0,0.0,0.0,0.0,0.0,0.0,0.0,0.0,0.0,4
Deo Nagar Chowk,2023-06-01,LOW,0.0,2023,6,0,0,0,0.0,0.0,0.0,0.0,0.0,0.0,0.0,2,0,0.0,-1.0,3,0.433884,-0.900969,0,0.0,0.0,0.0,0.0,0.0,0.0,0.0,0.0,0.0,4
Deo Nagar Chowk,2023-07-01,LOW,0.0,2023,7,0,0,0,0.0,0.0,0.0,0.0,0.0,0.0,0.0,3,0,-0.5,-0.866025,5,-0.974928,-0.222521,1,0.0,0.0,0.0,0.0,0.0,0.0,0.0,0.0,0.0,4
Deo Nagar Chowk,2023-08-01,LOW,0.0,2023,8,0,0,0,0.0,0.0,0.0,0.0,0.0,0.0,0.0,3,0,-0.866025,-0.5,1,0.781831,0.62349,0,0.0,0.0,0.0,0.0,0.0,0.0,0.0,0.0,0.0,4
Deo Nagar Chowk,2023-09-01,LOW,0.0,2023,9,0,0,0,0.0,0.0,0.0,0.0,0.0,0.0,0.0,3,0,-1.0,-0.0,4,-0.433884,-0.900969,0,0.0,0.0,0.0,0.0,0.0,0.0,0.0,0.0,0.0,4
Deo Nagar Chowk,2023-10-01,LOW,0.0,2023,10,0,0,0,0.0,0.0,0.0,0.0,0.0,0.0,0.0,4,0,-0.866025,0.5,6,-0.781831,0.62349,1,0.0,0.0,0.0,0.0,0.0,0.0,0.0,0.0,0.0,4
Deo Nagar Chowk,2023-11-01,LOW,0.0,2023,11,0,0,0,0.0,0.0,0.0,0.0,0.0,0.0,0.0,4,0,-0.5,0.866025,2,0.974928,-0.222521,0,0.0,0.0,0.0,0.0,0.0,0.0,0.0,0.0,0.0,4
Deo Nagar Chowk,2023-12-01,LOW,0.0,2023,12,0,0,0,0.0,0.0,0.0,0.0,0.0,0.0,0.0,4,0,-0.0,1.0,4,-0.433884,-0.900969,0,0.0,0.0,0.0,0.0,0.0,0.0,0.0,0.0,0.0,4
Dharampeth Tower,2020-01-01,LOW,0.0,2020,1,0,0,0,0.0,0.0,0.0,0.0,0.0,0.0,0.0,1,1,0.5,0.866025,2,0.974928,-0.222521,0,0.0,0.0,0.0,0.0,0.0,0.0,0.0,0.0,0.0,5
Dharampeth Tower,2020-02-01,LOW,0.0,2020,2,0,0,0,0.0,0.0,0.0,0.0,0.0,0.0,0.0,1,0,0.866025,0.5,5,-0.974928,-0.222521,1,0.0,0.0,0.0,0.0,0.0,0.0,0.0,0.0,0.0,5
Dharampeth Tower,2020-03-01,LOW,0.0,2020,3,0,0,0,0.0,0.0,0.0,0.0,0.0,0.0,0.0,1,0,1.0,0.0,6,-0.781831,0.62349,1,0.0,0.0,0.0,0.0,0.0,0.0,0.0,0.0,0.0,5
Dharampeth Tower,2020-04-01,LOW,0.0,2020,4,0,0,0,0.0,0.0,0.0,0.0,0.0,0.0,0.0,2,0,0.866025,-0.5,2,0.974928,-0.222521,0,0.0,0.0,0.0,0.0,0.0,0.0,0.0,0.0,0.0,5
Dharampeth Tower,2020-05-01,LOW,0.0,2020,5,0,0,0,0.0,0.0,0.0,0.0,0.0,0.0,0.0,2,0,0.5,-0.866025,4,-0.433884,-0.900969,0,0.0,0.0,0.0,0.0,0.0,0.0,0.0,0.0,0.0,5
Dharampeth Tower,2020-06-01,LOW,0.0,2020,6,0,0,0,0.0,0.0,0.0,0.0,0.0,0.0,0.0,2,0,0.0,-1.0,0,0.0,1.0,0,0.0,0.0,0.0,0.0,0.0,0.0,0.0,0.0,0.0,5
Dharampeth Tower,2020-07-01,LOW,0.0,2020,7,0,0,0,0.0,0.0,0.0,0.0,0.0,0.0,0.0,3,0,-0.5,-0.866025,2,0.974928,-0.222521,0,0.0,0.0,0.0,0.0,0.0,0.0,0.0,0.0,0.0,5
Dharampeth Tower,2020-08-01,LOW,0.0,2020,8,0,0,0,0.0,0.0,0.0,0.0,0.0,0.0,0.0,3,0,-0.866025,-0.5,5,-0.974928,-0.222521,1,0.0,0.0,0.0,0.0,0.0,0.0,0.0,0.0,0.0,5
Dharampeth Tower,2020-09-01,LOW,0.0,2020,9,0,0,0,0.0,0.0,0.0,0.0,0.0,0.0,0.0,3,0,-1.0,-0.0,1,0.781831,0.62349,0,0.0,0.0,0.0,0.0,0.0,0.0,0.0,0.0,0.0,5
Dharampeth Tower,2020-10-01,LOW,0.0,2020,10,0,0,0,0.0,0.0,0.0,0.0,0.0,0.0,0.0,4,0,-0.866025,0.5,3,0.433884,-0.900969,0,0.0,0.0,0.0,0.0,0.0,0.0,0.0,0.0,0.0,5
Dharampeth Tower,2020-11-01,LOW,0.0,2020,11,0,0,0,0.0,0.0,0.0,0.0,0.0,0.0,0.0,4,0,-0.5,0.866025,6,-0.781831,0.62349,1,0.0,0.0,0.0,0.0,0.0,0.0,0.0,0.0,0.0,5
Dharampeth Tower,2020-12-01,LOW,0.0,2020,12,0,0,0,0.0,0.0,0.0,0.0,0.0,0.0,0.0,4,0,-0.0,1.0,1,0.781831,0.62349,0,0.0,0.0,0.0,0.0,0.0,0.0,0.0,0.0,0.0,5
Dharampeth Tower,2021-01-01,LOW,0.0,2021,1,0,0,0,0.0,0.0,0.0,0.0,0.0,0.0,0.0,1,1,0.5,0.866025,4,-0.433884,-0.900969,0,0.0,0.0,0.0,0.0,0.0,0.0,0.0,0.0,0.0,5
Dharampeth Tower,2021-02-01,LOW,0.0,2021,2,0,0,0,0.0,0.0,0.0,0.0,0.0,0.0,0.0,1,0,0.866025,0.5,0,0.0,1.0,0,0.0,0.0,0.0,0.0,0.0,0.0,0.0,0.0,0.0,5
Dharampeth Tower,2021-03-01,LOW,0.0,2021,3,0,0,0,0.0,0.0,0.0,0.0,0.0,0.0,0.0,1,0,1.0,0.0,0,0.0,1.0,0,0.0,0.0,0.0,0.0,0.0,0.0,0.0,0.0,0.0,5
Dharampeth Tower,2021-04-01,LOW,0.0,2021,4,0,0,0,0.0,0.0,0.0,0.0,0.0,0.0,0.0,2,0,0.866025,-0.5,3,0.433884,-0.900969,0,0.0,0.0,0.0,0.0,0.0,0.0,0.0,0.0,0.0,5
Dharampeth Tower,2021-05-01,LOW,0.0,2021,5,0,0,0,0.0,0.0,0.0,0.0,0.0,0.0,0.0,2,0,0.5,-0.866025,5,-0.974928,-0.222521,1,0.0,0.0,0.0,0.0,0.0,0.0,0.0,0.0,0.0,5
Dharampeth Tower,2021-06-01,LOW,0.0,2021,6,0,0,0,0.0,0.0,0.0,0.0,0.0,0.0,0.0,2,0,0.0,-1.0,1,0.781831,0.62349,0,0.0,0.0,0.0,0.0,0.0,0.0,0.0,0.0,0.0,5
Dharampeth Tower,2021-07-01,LOW,0.0,2021,7,0,0,0,0.0,0.0,0.0,0.0,0.0,0.0,0.0,3,0,-0.5,-0.866025,3,0.433884,-0.900969,0,0.0,0.0,0.0,0.0,0.0,0.0,0.0,0.0,0.0,5
Dharampeth Tower,2021-08-01,LOW,0.0,2021,8,0,0,0,0.0,0.0,0.0,0.0,0.0,0.0,0.0,3,0,-0.866025,-0.5,6,-0.781831,0.62349,1,0.0,0.0,0.0,0.0,0.0,0.0,0.0,0.0,0.0,5
Dharampeth Tower,2021-09-01,LOW,0.0,2021,9,0,0,0,0.0,0.0,0.0,0.0,0.0,0.0,0.0,3,0,-1.0,-0.0,2,0.974928,-0.222521,0,0.0,0.0,0.0,0.0,0.0,0.0,0.0,0.0,0.0,5
Dharampeth Tower,2021-10-01,LOW,0.0,2021,10,0,0,0,0.0,0.0,0.0,0.0,0.0,0.0,0.0,4,0,-0.866025,0.5,4,-0.433884,-0.900969,0,0.0,0.0,0.0,0.0,0.0,0.0,0.0,0.0,0.0,5
Dharampeth Tower,2021-11-01,LOW,0.0,2021,11,0,0,0,0.0,0.0,0.0,0.0,0.0,0.0,0.0,4,0,-0.5,0.866025,0,0.0,1.0,0,0.0,0.0,0.0,0.0,0.0,0.0,0.0,0.0,0.0,5
Dharampeth Tower,2021-12-01,LOW,0.0,2021,12,0,0,0,0.0,0.0,0.0,0.0,0.0,0.0,0.0,4,0,-0.0,1.0,2,0.974928,-0.222521,0,0.0,0.0,0.0,0.0,0.0,0.0,0.0,0.0,0.0,5
Dharampeth Tower,2022-01-01,LOW,0.0,2022,1,0,0,0,0.0,0.0,0.0,0.0,0.0,0.0,0.0,1,1,0.5,0.866025,5,-0.974928,-0.222521,1,0.0,0.0,0.0,0.0,0.0,0.0,0.0,0.0,0.0,5
Dharampeth Tower,2022-02-01,LOW,0.0,2022,2,0,0,0,0.0,0.0,0.0,0.0,0.0,0.0,0.0,1,0,0.866025,0.5,1,0.781831,0.62349,0,0.0,0.0,0.0,0.0,0.0,0.0,0.0,0.0,0.0,5
Dharampeth Tower,2022-03-01,LOW,0.0,2022,3,0,0,0,0.0,0.0,0.0,0.0,0.0,0.0,0.0,1,0,1.0,0.0,1,0.781831,0.62349,0,0.0,0.0,0.0,0.0,0.0,0.0,0.0,0.0,0.0,5
Dharampeth Tower,2022-04-01,LOW,0.0,2022,4,0,0,0,0.0,0.0,0.0,0.0,0.0,0.0,0.0,2,0,0.866025,-0.5,4,-0.433884,-0.900969,0,0.0,0.0,0.0,0.0,0.0,0.0,0.0,0.0,0.0,5
Dharampeth Tower,2022-05-01,LOW,0.0,2022,5,0,0,0,0.0,0.0,0.0,0.0,0.0,0.0,0.0,2,0,0.5,-0.866025,6,-0.781831,0.62349,1,0.0,0.0,0.0,0.0,0.0,0.0,0.0,0.0,0.0,5
Dharampeth Tower,2022-06-01,LOW,0.0,2022,6,0,0,0,0.0,0.0,0.0,0.0,0.0,0.0,0.0,2,0,0.0,-1.0,2,0.974928,-0.222521,0,0.0,0.0,0.0,0.0,0.0,0.0,0.0,0.0,0.0,5
Dharampeth Tower,2022-07-01,LOW,0.0,2022,7,0,0,0,0.0,0.0,0.0,0.0,0.0,0.0,0.0,3,0,-0.5,-0.866025,4,-0.433884,-0.900969,0,0.0,0.0,0.0,0.0,0.0,0.0,0.0,0.0,0.0,5
Dharampeth Tower,2022-08-01,LOW,0.0,2022,8,0,0,0,0.0,0.0,0.0,0.0,0.0,0.0,0.0,3,0,-0.866025,-0.5,0,0.0,1.0,0,0.0,0.0,0.0,0.0,0.0,0.0,0.0,0.0,0.0,5
Dharampeth Tower,2022-09-01,LOW,0.0,2022,9,0,0,0,0.0,0.0,0.0,0.0,0.0,0.0,0.0,3,0,-1.0,-0.0,3,0.433884,-0.900969,0,0.0,0.0,0.0,0.0,0.0,0.0,0.0,0.0,0.0,5
Dharampeth Tower,2022-10-01,LOW,0.0,2022,10,0,0,0,0.0,0.0,0.0,0.0,0.0,0.0,0.0,4,0,-0.866025,0.5,5,-0.974928,-0.222521,1,0.0,0.0,0.0,0.0,0.0,0.0,0.0,0.0,0.0,5
Dharampeth Tower,2022-11-01,LOW,0.0,2022,11,0,0,0,0.0,0.0,0.0,0.0,0.0,0.0,0.0,4,0,-0.5,0.866025,1,0.781831,0.62349,0,0.0,0.0,0.0,0.0,0.0,0.0,0.0,0.0,0.0,5
Dharampeth Tower,2022-12-01,LOW,0.0,2022,12,0,0,0,0.0,0.0,0.0,0.0,0.0,0.0,0.0,4,0,-0.0,1.0,3,0.433884,-0.900969,0,0.0,0.0,0.0,0.0,0.0,0.0,0.0,0.0,0.0,5
Dharampeth Tower,2023-01-01,LOW,0.0,2023,1,0,0,0,0.0,0.0,0.0,0.0,0.0,0.0,0.0,1,1,0.5,0.866025,6,-0.781831,0.62349,1,0.0,0.0,0.0,0.0,0.0,0.0,0.0,0.0,0.0,5
Dharampeth Tower,2023-02-01,LOW,0.0,2023,2,0,0,0,0.0,0.0,0.0,0.0,0.0,0.0,0.0,1,0,0.866025,0.5,2,0.974928,-0.222521,0,0.0,0.0,0.0,0.0,0.0,0.0,0.0,0.0,0.0,5
Dharampeth Tower,2023-03-01,LOW,0.0,2023,3,0,0,0,0.0,0.0,0.0,0.0,0.0,0.0,0.0,1,0,1.0,0.0,2,0.974928,-0.222521,0,0.0,0.0,0.0,0.0,0.0,0.0,0.0,0.0,0.0,5
Dharampeth Tower,2023-04-01,LOW,0.0,2023,4,0,0,0,0.0,0.0,0.0,0.0,0.0,0.0,0.0,2,0,0.866025,-0.5,5,-0.974928,-0.222521,1,0.0,0.0,0.0,0.0,0.0,0.0,0.0,0.0,0.0,5
Dharampeth Tower,2023-05-01,LOW,0.0,2023,5,0,0,0,0.0,0.0,0.0,0.0,0.0,0.0,0.0,2,0,0.5,-0.866025,0,0.0,1.0,0,0.0,0.0,0.0,0.0,0.0,0.0,0.0,0.0,0.0,5
Dharampeth Tower,2023-06-01,LOW,0.0,2023,6,0,0,0,0.0,0.0,0.0,0.0,0.0,0.0,0.0,2,0,0.0,-1.0,3,0.433884,-0.900969,0,0.0,0.0,0.0,0.0,0.0,0.0,0.0,0.0,0.0,5
Dharampeth Tower,2023-07-01,LOW,0.0,2023,7,0,0,0,0.0,0.0,0.0,0.0,0.0,0.0,0.0,3,0,-0.5,-0.866025,5,-0.974928,-0.222521,1,0.0,0.0,0.0,0.0,0.0,0.0,0.0,0.0,0.0,5
Dharampeth Tower,2023-08-01,LOW,0.0,2023,8,0,0,0,0.0,0.0,0.0,0.0,0.0,0.0,0.0,3,0,-0.866025,-0.5,1,0.781831,0.62349,0,0.0,0.0,0.0,0.0,0.0,0.0,0.0,0.0,0.0,5
Dharampeth Tower,2023-09-01,LOW,0.0,2023,9,0,0,0,0.0,0.0,0.0,0.0,0.0,0.0,0.0,3,0,-1.0,-0.0,4,-0.433884,-0.900969,0,0.0,0.0,0.0,0.0,0.0,0.0,0.0,0.0,0.0,5
Dharampeth Tower,2023-10-01,LOW,0.0,2023,10,0,0,0,0.0,0.0,0.0,0.0,0.0,0.0,0.0,4,0,-0.866025,0.5,6,-0.781831,0.62349,1,0.0,0.0,0.0,0.0,0.0,0.0,0.0,0.0,0.0,5
Dharampeth Tower,2023-11-01,LOW,0.0,2023,11,0,0,0,0.0,0.0,0.0,0.0,0.0,0.0,0.0,4,0,-0.5,0.866025,2,0.974928,-0.222521,0,0.0,0.0,0.0,0.0,0.0,0.0,0.0,0.0,0.0,5
Dharampeth Tower,2023-12-01,LOW,0.0,2023,12,0,0,0,0.0,0.0,0.0,0.0,0.0,0.0,0.0,4,0,-0.0,1.0,4,-0.433884,-0.900969,0,0.0,0.0,0.0,0.0,0.0,0.0,0.0,0.0,0.0,5
Gokulpeth Market,2020-01-01,LOW,0.0,2020,1,0,0,0,0.0,0.0,0.0,0.0,0.0,0.0,0.0,1,1,0.5,0.866025,2,0.974928,-0.222521,0,0.0,0.0,0.0,0.0,0.0,0.0,0.0,0.0,0.0,6
Gokulpeth Market,2020-02-01,LOW,0.0,2020,2,0,0,0,0.0,0.0,0.0,0.0,0.0,0.0,0.0,1,0,0.866025,0.5,5,-0.974928,-0.222521,1,0.0,0.0,0.0,0.0,0.0,0.0,0.0,0.0,0.0,6
Gokulpeth Market,2020-03-01,LOW,0.0,2020,3,0,0,0,0.0,0.0,0.0,0.0,0.0,0.0,0.0,1,0,1.0,0.0,6,-0.781831,0.62349,1,0.0,0.0,0.0,0.0,0.0,0.0,0.0,0.0,0.0,6
Gokulpeth Market,2020-04-01,LOW,0.0,2020,4,0,0,0,0.0,0.0,0.0,0.0,0.0,0.0,0.0,2,0,0.866025,-0.5,2,0.974928,-0.222521,0,0.0,0.0,0.0,0.0,0.0,0.0,0.0,0.0,0.0,6
Gokulpeth Market,2020-05-01,LOW,0.0,2020,5,0,0,0,0.0,0.0,0.0,0.0,0.0,0.0,0.0,2,0,0.5,-0.866025,4,-0.433884,-0.900969,0,0.0,0.0,0.0,0.0,0.0,0.0,0.0,0.0,0.0,6
Gokulpeth Market,2020-06-01,LOW,0.0,2020,6,0,0,0,0.0,0.0,0.0,0.0,0.0,0.0,0.0,2,0,0.0,-1.0,0,0.0,1.0,0,0.0,0.0,0.0,0.0,0.0,0.0,0.0,0.0,0.0,6
Gokulpeth Market,2020-07-01,LOW,0.0,2020,7,0,0,0,0.0,0.0,0.0,0.0,0.0,0.0,0.0,3,0,-0.5,-0.866025,2,0.974928,-0.222521,0,0.0,0.0,0.0,0.0,0.0,0.0,0.0,0.0,0.0,6
Gokulpeth Market,2020-08-01,LOW,0.0,2020,8,0,0,0,0.0,0.0,0.0,0.0,0.0,0.0,0.0,3,0,-0.866025,-0.5,5,-0.974928,-0.222521,1,0.0,0.0,0.0,0.0,0.0,0.0,0.0,0.0,0.0,6
Gokulpeth Market,2020-09-01,LOW,0.0,2020,9,0,0,0,0.0,0.0,0.0,0.0,0.0,0.0,0.0,3,0,-1.0,-0.0,1,0.781831,0.62349,0,0.0,0.0,0.0,0.0,0.0,0.0,0.0,0.0,0.0,6
Gokulpeth Market,2020-10-01,LOW,0.0,2020,10,0,0,0,0.0,0.0,0.0,0.0,0.0,0.0,0.0,4,0,-0.866025,0.5,3,0.433884,-0.900969,0,0.0,0.0,0.0,0.0,0.0,0.0,0.0,0.0,0.0,6
Gokulpeth Market,2020-11-01,LOW,0.0,2020,11,0,0,0,0.0,0.0,0.0,0.0,0.0,0.0,0.0,4,0,-0.5,0.866025,6,-0.781831,0.62349,1,0.0,0.0,0.0,0.0,0.0,0.0,0.0,0.0,0.0,6
Gokulpeth Market,2020-12-01,LOW,0.0,2020,12,0,0,0,0.0,0.0,0.0,0.0,0.0,0.0,0.0,4,0,-0.0,1.0,1,0.781831,0.62349,0,0.0,0.0,0.0,0.0,0.0,0.0,0.0,0.0,0.0,6
Gokulpeth Market,2021-01-01,LOW,0.0,2021,1,0,0,0,0.0,0.0,0.0,0.0,0.0,0.0,0.0,1,1,0.5,0.866025,4,-0.433884,-0.900969,0,0.0,0.0,0.0,0.0,0.0,0.0,0.0,0.0,0.0,6
Gokulpeth Market,2021-02-01,LOW,0.0,2021,2,0,0,0,0.0,0.0,0.0,0.0,0.0,0.0,0.0,1,0,0.866025,0.5,0,0.0,1.0,0,0.0,0.0,0.0,0.0,0.0,0.0,0.0,0.0,0.0,6
Gokulpeth Market,2021-03-01,LOW,0.0,2021,3,0,0,0,0.0,0.0,0.0,0.0,0.0,0.0,0.0,1,0,1.0,0.0,0,0.0,1.0,0,0.0,0.0,0.0,0.0,0.0,0.0,0.0,0.0,0.0,6
Gokulpeth Market,2021-04-01,LOW,0.0,2021,4,0,0,0,0.0,0.0,0.0,0.0,0.0,0.0,0.0,2,0,0.866025,-0.5,3,0.433884,-0.900969,0,0.0,0.0,0.0,0.0,0.0,0.0,0.0,0.0,0.0,6
Gokulpeth Market,2021-05-01,LOW,0.0,2021,5,0,0,0,0.0,0.0,0.0,0.0,0.0,0.0,0.0,2,0,0.5,-0.866025,5,-0.974928,-0.222521,1,0.0,0.0,0.0,0.0,0.0,0.0,0.0,0.0,0.0,6
Gokulpeth Market,2021-06-01,LOW,0.0,2021,6,0,0,0,0.0,0.0,0.0,0.0,0.0,0.0,0.0,2,0,0.0,-1.0,1,0.781831,0.62349,0,0.0,0.0,0.0,0.0,0.0,0.0,0.0,0.0,0.0,6
Gokulpeth Market,2021-07-01,LOW,0.0,2021,7,0,0,0,0.0,0.0,0.0,0.0,0.0,0.0,0.0,3,0,-0.5,-0.866025,3,0.433884,-0.900969,0,0.0,0.0,0.0,0.0,0.0,0.0,0.0,0.0,0.0,6
Gokulpeth Market,2021-08-01,LOW,0.0,2021,8,0,0,0,0.0,0.0,0.0,0.0,0.0,0.0,0.0,3,0,-0.866025,-0.5,6,-0.781831,0.62349,1,0.0,0.0,0.0,0.0,0.0,0.0,0.0,0.0,0.0,6
Gokulpeth Market,2021-09-01,LOW,0.0,2021,9,0,0,0,0.0,0.0,0.0,0.0,0.0,0.0,0.0,3,0,-1.0,-0.0,2,0.974928,-0.222521,0,0.0,0.0,0.0,0.0,0.0,0.0,0.0,0.0,0.0,6
Gokulpeth Market,2021-10-01,LOW,0.0,2021,10,0,0,0,0.0,0.0,0.0,0.0,0.0,0.0,0.0,4,0,-0.866025,0.5,4,-0.433884,-0.900969,0,0.0,0.0,0.0,0.0,0.0,0.0,0.0,0.0,0.0,6
Gokulpeth Market,2021-11-01,LOW,0.0,2021,11,0,0,0,0.0,0.0,0.0,0.0,0.0,0.0,0.0,4,0,-0.5,0.866025,0,0.0,1.0,0,0.0,0.0,0.0,0.0,0.0,0.0,0.0,0.0,0.0,6
Gokulpeth Market,2021-12-01,LOW,0.0,2021,12,0,0,0,0.0,0.0,0.0,0.0,0.0,0.0,0.0,4,0,-0.0,1.0,2,0.974928,-0.222521,0,0.0,0.0,0.0,0.0,0.0,0.0,0.0,0.0,0.0,6
Gokulpeth Market,2022-01-01,LOW,0.0,2022,1,0,0,0,0.0,0.0,0.0,0.0,0.0,0.0,0.0,1,1,0.5,0.866025,5,-0.974928,-0.222521,1,0.0,0.0,0.0,0.0,0.0,0.0,0.0,0.0,0.0,6
Gokulpeth Market,2022-02-01,LOW,0.0,2022,2,0,0,0,0.0,0.0,0.0,0.0,0.0,0.0,0.0,1,0,0.866025,0.5,1,0.781831,0.62349,0,0.0,0.0,0.0,0.0,0.0,0.0,0.0,0.0,0.0,6
Gokulpeth Market,2022-03-01,LOW,0.0,2022,3,0,0,0,0.0,0.0,0.0,0.0,0.0,0.0,0.0,1,0,1.0,0.0,1,0.781831,0.62349,0,0.0,0.0,0.0,0.0,0.0,0.0,0.0,0.0,0.0,6
Gokulpeth Market,2022-04-01,LOW,0.0,2022,4,0,0,0,0.0,0.0,0.0,0.0,0.0,0.0,0.0,2,0,0.866025,-0.5,4,-0.433884,-0.900969,0,0.0,0.0,0.0,0.0,0.0,0.0,0.0,0.0,0.0,6
Gokulpeth Market,2022-05-01,LOW,0.0,2022,5,0,0,0,0.0,0.0,0.0,0.0,0.0,0.0,0.0,2,0,0.5,-0.866025,6,-0.781831,0.62349,1,0.0,0.0,0.0,0.0,0.0,0.0,0.0,0.0,0.0,6
Gokulpeth Market,2022-06-01,LOW,0.0,2022,6,0,0,0,0.0,0.0,0.0,0.0,0.0,0.0,0.0,2,0,0.0,-1.0,2,0.974928,-0.222521,0,0.0,0.0,0.0,0.0,0.0,0.0,0.0,0.0,0.0,6
Gokulpeth Market,2022-07-01,LOW,0.0,2022,7,0,0,0,0.0,0.0,0.0,0.0,0.0,0.0,0.0,3,0,-0.5,-0.866025,4,-0.433884,-0.900969,0,0.0,0.0,0.0,0.0,0.0,0.0,0.0,0.0,0.0,6
Gokulpeth Market,2022-08-01,LOW,0.0,2022,8,0,0,0,0.0,0.0,0.0,0.0,0.0,0.0,0.0,3,0,-0.866025,-0.5,0,0.0,1.0,0,0.0,0.0,0.0,0.0,0.0,0.0,0.0,0.0,0.0,6
Gokulpeth Market,2022-09-01,LOW,0.0,2022,9,0,0,0,0.0,0.0,0.0,0.0,0.0,0.0,0.0,3,0,-1.0,-0.0,3,0.433884,-0.900969,0,0.0,0.0,0.0,0.0,0.0,0.0,0.0,0.0,0.0,6
Gokulpeth Market,2022-10-01,LOW,0.0,2022,10,0,0,0,0.0,0.0,0.0,0.0,0.0,0.0,0.0,4,0,-0.866025,0.5,5,-0.974928,-0.222521,1,0.0,0.0,0.0,0.0,0.0,0.0,0.0,0.0,0.0,6
Gokulpeth Market,2022-11-01,LOW,0.0,2022,11,0,0,0,0.0,0.0,0.0,0.0,0.0,0.0,0.0,4,0,-0.5,0.866025,1,0.781831,0.62349,0,0.0,0.0,0.0,0.0,0.0,0.0,0.0,0.0,0.0,6
Gokulpeth Market,2022-12-01,LOW,0.0,2022,12,0,0,0,0.0,0.0,0.0,0.0,0.0,0.0,0.0,4,0,-0.0,1.0,3,0.433884,-0.900969,0,0.0,0.0,0.0,0.0,0.0,0.0,0.0,0.0,0.0,6
Gokulpeth Market,2023-01-01,LOW,0.0,2023,1,0,0,0,0.0,0.0,0.0,0.0,0.0,0.0,0.0,1,1,0.5,0.866025,6,-0.781831,0.62349,1,0.0,0.0,0.0,0.0,0.0,0.0,0.0,0.0,0.0,6
Gokulpeth Market,2023-02-01,LOW,0.0,2023,2,0,0,0,0.0,0.0,0.0,0.0,0.0,0.0,0.0,1,0,0.866025,0.5,2,0.974928,-0.222521,0,0.0,0.0,0.0,0.0,0.0,0.0,0.0,0.0,0.0,6
Gokulpeth Market,2023-03-01,LOW,0.0,2023,3,0,0,0,0.0,0.0,0.0,0.0,0.0,0.0,0.0,1,0,1.0,0.0,2,0.974928,-0.222521,0,0.0,0.0,0.0,0.0,0.0,0.0,0.0,0.0,0.0,6
Gokulpeth Market,2023-04-01,LOW,0.0,2023,4,0,0,0,0.0,0.0,0.0,0.0,0.0,0.0,0.0,2,0,0.866025,-0.5,5,-0.974928,-0.222521,1,0.0,0.0,0.0,0.0,0.0,0.0,0.0,0.0,0.0,6
Gokulpeth Market,2023-05-01,LOW,0.0,2023,5,0,0,0,0.0,0.0,0.0,0.0,0.0,0.0,0.0,2,0,0.5,-0.866025,0,0.0,1.0,0,0.0,0.0,0.0,0.0,0.0,0.0,0.0,0.0,0.0,6
Gokulpeth Market,2023-06-01,LOW,0.0,2023,6,0,0,0,0.0,0.0,0.0,0.0,0.0,0.0,0.0,2,0,0.0,-1.0,3,0.433884,-0.900969,0,0.0,0.0,0.0,0.0,0.0,0.0,0.0,0.0,0.0,6
Gokulpeth Market,2023-07-01,LOW,0.0,2023,7,0,0,0,0.0,0.0,0.0,0.0,0.0,0.0,0.0,3,0,-0.5,-0.866025,5,-0.974928,-0.222521,1,0.0,0.0,0.0,0.0,0.0,0.0,0.0,0.0,0.0,6
Gokulpeth Market,2023-08-01,LOW,0.0,2023,8,0,0,0,0.0,0.0,0.0,0.0,0.0,0.0,0.0,3,0,-0.866025,-0.5,1,0.781831,0.62349,0,0.0,0.0,0.0,0.0,0.0,0.0,0.0,0.0,0.0,6
Gokulpeth Market,2023-09-01,LOW,0.0,2023,9,0,0,0,0.0,0.0,0.0,0.0,0.0,0.0,0.0,3,0,-1.0,-0.0,4,-0.433884,-0.900969,0,0.0,0.0,0.0,0.0,0.0,0.0,0.0,0.0,0.0,6
Gokulpeth Market,2023-10-01,LOW,0.0,2023,10,0,0,0,0.0,0.0,0.0,0.0,0.0,0.0,0.0,4,0,-0.866025,0.5,6,-0.781831,0.62349,1,0.0,0.0,0.0,0.0,0.0,0.0,0.0,0.0,0.0,6
Gokulpeth Market,2023-11-01,LOW,0.0,2023,11,0,0,0,0.0,0.0,0.0,0.0,0.0,0.0,0.0,4,0,-0.5,0.866025,2,0.974928,-0.222521,0,0.0,0.0,0.0,0.0,0.0,0.0,0.0,0.0,0.0,6
Gokulpeth Market,2023-12-01,LOW,0.0,2023,12,0,0,0,0.0,0.0,0.0,0.0,0.0,0.0,0.0,4,0,-0.0,1.0,4,-0.433884,-0.900969,0,0.0,0.0,0.0,0.0,0.0,0.0,0.0,0.0,0.0,6
HB Town Square,2020-01-01,LOW,0.0,2020,1,0,0,0,0.0,0.0,0.0,0.0,0.0,0.0,0.0,1,1,0.5,0.866025,2,0.974928,-0.222521,0,0.0,0.0,0.0,0.0,0.0,0.0,0.0,0.0,0.0,7
HB Town Square,2020-02-01,LOW,0.0,2020,2,0,0,0,0.0,0.0,0.0,0.0,0.0,0.0,0.0,1,0,0.866025,0.5,5,-0.974928,-0.222521,1,0.0,0.0,0.0,0.0,0.0,0.0,0.0,0.0,0.0,7
HB Town Square,2020-03-01,LOW,0.0,2020,3,0,0,0,0.0,0.0,0.0,0.0,0.0,0.0,0.0,1,0,1.0,0.0,6,-0.781831,0.62349,1,0.0,0.0,0.0,0.0,0.0,0.0,0.0,0.0,0.0,7
HB Town Square,2020-04-01,LOW,0.0,2020,4,0,0,0,0.0,0.0,0.0,0.0,0.0,0.0,0.0,2,0,0.866025,-0.5,2,0.974928,-0.222521,0,0.0,0.0,0.0,0.0,0.0,0.0,0.0,0.0,0.0,7
HB Town Square,2020-05-01,LOW,0.0,2020,5,0,0,0,0.0,0.0,0.0,0.0,0.0,0.0,0.0,2,0,0.5,-0.866025,4,-0.433884,-0.900969,0,0.0,0.0,0.0,0.0,0.0,0.0,0.0,0.0,0.0,7
HB Town Square,2020-06-01,LOW,0.0,2020,6,0,0,0,0.0,0.0,0.0,0.0,0.0,0.0,0.0,2,0,0.0,-1.0,0,0.0,1.0,0,0.0,0.0,0.0,0.0,0.0,0.0,0.0,0.0,0.0,7
HB Town Square,2020-07-01,LOW,0.0,2020,7,0,0,0,0.0,0.0,0.0,0.0,0.0,0.0,0.0,3,0,-0.5,-0.866025,2,0.974928,-0.222521,0,0.0,0.0,0.0,0.0,0.0,0.0,0.0,0.0,0.0,7
HB Town Square,2020-08-01,LOW,0.0,2020,8,0,0,0,0.0,0.0,0.0,0.0,0.0,0.0,0.0,3,0,-0.866025,-0.5,5,-0.974928,-0.222521,1,0.0,0.0,0.0,0.0,0.0,0.0,0.0,0.0,0.0,7
HB Town Square,2020-09-01,LOW,0.0,2020,9,0,0,0,0.0,0.0,0.0,0.0,0.0,0.0,0.0,3,0,-1.0,-0.0,1,0.781831,0.62349,0,0.0,0.0,0.0,0.0,0.0,0.0,0.0,0.0,0.0,7
HB Town Square,2020-10-01,LOW,0.0,2020,10,0,0,0,0.0,0.0,0.0,0.0,0.0,0.0,0.0,4,0,-0.866025,0.5,3,0.433884,-0.900969,0,0.0,0.0,0.0,0.0,0.0,0.0,0.0,0.0,0.0,7
HB Town Square,2020-11-01,LOW,0.0,2020,11,0,0,0,0.0,0.0,0.0,0.0,0.0,0.0,0.0,4,0,-0.5,0.866025,6,-0.781831,0.62349,1,0.0,0.0,0.0,0.0,0.0,0.0,0.0,0.0,0.0,7
HB Town Square,2020-12-01,LOW,0.0,2020,12,0,0,0,0.0,0.0,0.0,0.0,0.0,0.0,0.0,4,0,-0.0,1.0,1,0.781831,0.62349,0,0.0,0.0,0.0,0.0,0.0,0.0,0.0,0.0,0.0,7
HB Town Square,2021-01-01,LOW,0.0,2021,1,0,0,0,0.0,0.0,0.0,0.0,0.0,0.0,0.0,1,1,0.5,0.866025,4,-0.433884,-0.900969,0,0.0,0.0,0.0,0.0,0.0,0.0,0.0,0.0,0.0,7
HB Town Square,2021-02-01,LOW,0.0,2021,2,0,0,0,0.0,0.0,0.0,0.0,0.0,0.0,0.0,1,0,0.866025,0.5,0,0.0,1.0,0,0.0,0.0,0.0,0.0,0.0,0.0,0.0,0.0,0.0,7
HB Town Square,2021-03-01,LOW,0.0,2021,3,0,0,0,0.0,0.0,0.0,0.0,0.0,0.0,0.0,1,0,1.0,0.0,0,0.0,1.0,0,0.0,0.0,0.0,0.0,0.0,0.0,0.0,0.0,0.0,7
HB Town Square,2021-04-01,LOW,0.0,2021,4,0,0,0,0.0,0.0,0.0,0.0,0.0,0.0,0.0,2,0,0.866025,-0.5,3,0.433884,-0.900969,0,0.0,0.0,0.0,0.0,0.0,0.0,0.0,0.0,0.0,7
HB Town Square,2021-05-01,LOW,0.0,2021,5,0,0,0,0.0,0.0,0.0,0.0,0.0,0.0,0.0,2,0,0.5,-0.866025,5,-0.974928,-0.222521,1,0.0,0.0,0.0,0.0,0.0,0.0,0.0,0.0,0.0,7
HB Town Square,2021-06-01,LOW,0.0,2021,6,0,0,0,0.0,0.0,0.0,0.0,0.0,0.0,0.0,2,0,0.0,-1.0,1,0.781831,0.62349,0,0.0,0.0,0.0,0.0,0.0,0.0,0.0,0.0,0.0,7
HB Town Square,2021-07-01,LOW,0.0,2021,7,0,0,0,0.0,0.0,0.0,0.0,0.0,0.0,0.0,3,0,-0.5,-0.866025,3,0.433884,-0.900969,0,0.0,0.0,0.0,0.0,0.0,0.0,0.0,0.0,0.0,7
HB Town Square,2021-08-01,LOW,0.0,2021,8,0,0,0,0.0,0.0,0.0,0.0,0.0,0.0,0.0,3,0,-0.866025,-0.5,6,-0.781831,0.62349,1,0.0,0.0,0.0,0.0,0.0,0.0,0.0,0.0,0.0,7
HB Town Square,2021-09-01,LOW,0.0,2021,9,0,0,0,0.0,0.0,0.0,0.0,0.0,0.0,0.0,3,0,-1.0,-0.0,2,0.974928,-0.222521,0,0.0,0.0,0.0,0.0,0.0,0.0,0.0,0.0,0.0,7
HB Town Square,2021-10-01,LOW,0.0,2021,10,0,0,0,0.0,0.0,0.0,0.0,0.0,0.0,0.0,4,0,-0.866025,0.5,4,-0.433884,-0.900969,0,0.0,0.0,0.0,0.0,0.0,0.0,0.0,0.0,0.0,7
HB Town Square,2021-11-01,LOW,0.0,2021,11,0,0,0,0.0,0.0,0.0,0.0,0.0,0.0,0.0,4,0,-0.5,0.866025,0,0.0,1.0,0,0.0,0.0,0.0,0.0,0.0,0.0,0.0,0.0,0.0,7
HB Town Square,2021-12-01,LOW,0.0,2021,12,0,0,0,0.0,0.0,0.0,0.0,0.0,0.0,0.0,4,0,-0.0,1.0,2,0.974928,-0.222521,0,0.0,0.0,0.0,0.0,0.0,0.0,0.0,0.0,0.0,7
HB Town Square,2022-01-01,LOW,0.0,2022,1,0,0,0,0.0,0.0,0.0,0.0,0.0,0.0,0.0,1,1,0.5,0.866025,5,-0.974928,-0.222521,1,0.0,0.0,0.0,0.0,0.0,0.0,0.0,0.0,0.0,7
HB Town Square,2022-02-01,LOW,0.0,2022,2,0,0,0,0.0,0.0,0.0,0.0,0.0,0.0,0.0,1,0,0.866025,0.5,1,0.781831,0.62349,0,0.0,0.0,0.0,0.0,0.0,0.0,0.0,0.0,0.0,7
HB Town Square,2022-03-01,LOW,0.0,2022,3,0,0,0,0.0,0.0,0.0,0.0,0.0,0.0,0.0,1,0,1.0,0.0,1,0.781831,0.62349,0,0.0,0.0,0.0,0.0,0.0,0.0,0.0,0.0,0.0,7
HB Town Square,2022-04-01,LOW,0.0,2022,4,0,0,0,0.0,0.0,0.0,0.0,0.0,0.0,0.0,2,0,0.866025,-0.5,4,-0.433884,-0.900969,0,0.0,0.0,0.0,0.0,0.0,0.0,0.0,0.0,0.0,7
HB Town Square,2022-05-01,LOW,0.0,2022,5,0,0,0,0.0,0.0,0.0,0.0,0.0,0.0,0.0,2,0,0.5,-0.866025,6,-0.781831,0.62349,1,0.0,0.0,0.0,0.0,0.0,0.0,0.0,0.0,0.0,7
HB Town Square,2022-06-01,LOW,0.0,2022,6,0,0,0,0.0,0.0,0.0,0.0,0.0,0.0,0.0,2,0,0.0,-1.0,2,0.974928,-0.222521,0,0.0,0.0,0.0,0.0,0.0,0.0,0.0,0.0,0.0,7
HB Town Square,2022-07-01,LOW,0.0,2022,7,0,0,0,0.0,0.0,0.0,0.0,0.0,0.0,0.0,3,0,-0.5,-0.866025,4,-0.433884,-0.900969,0,0.0,0.0,0.0,0.0,0.0,0.0,0.0,0.0,0.0,7
HB Town Square,2022-08-01,LOW,0.0,2022,8,0,0,0,0.0,0.0,0.0,0.0,0.0,0.0,0.0,3,0,-0.866025,-0.5,0,0.0,1.0,0,0.0,0.0,0.0,0.0,0.0,0.0,0.0,0.0,0.0,7
HB Town Square,2022-09-01,LOW,0.0,2022,9,0,0,0,0.0,0.0,0.0,0.0,0.0,0.0,0.0,3,0,-1.0,-0.0,3,0.433884,-0.900969,0,0.0,0.0,0.0,0.0,0.0,0.0,0.0,0.0,0.0,7
HB Town Square,2022-10-01,LOW,0.0,2022,10,0,0,0,0.0,0.0,0.0,0.0,0.0,0.0,0.0,4,0,-0.866025,0.5,5,-0.974928,-0.222521,1,0.0,0.0,0.0,0.0,0.0,0.0,0.0,0.0,0.0,7
HB Town Square,2022-11-01,LOW,0.0,2022,11,0,0,0,0.0,0.0,0.0,0.0,0.0,0.0,0.0,4,0,-0.5,0.866025,1,0.781831,0.62349,0,0.0,0.0,0.0,0.0,0.0,0.0,0.0,0.0,0.0,7
HB Town Square,2022-12-01,LOW,0.0,2022,12,0,0,0,0.0,0.0,0.0,0.0,0.0,0.0,0.0,4,0,-0.0,1.0,3,0.433884,-0.900969,0,0.0,0.0,0.0,0.0,0.0,0.0,0.0,0.0,0.0,7
HB Town Square,2023-01-01,LOW,0.0,2023,1,0,0,0,0.0,0.0,0.0,0.0,0.0,0.0,0.0,1,1,0.5,0.866025,6,-0.781831,0.62349,1,0.0,0.0,0.0,0.0,0.0,0.0,0.0,0.0,0.0,7
HB Town Square,2023-02-01,LOW,0.0,2023,2,0,0,0,0.0,0.0,0.0,0.0,0.0,0.0,0.0,1,0,0.866025,0.5,2,0.974928,-0.222521,0,0.0,0.0,0.0,0.0,0.0,0.0,0.0,0.0,0.0,7
HB Town Square,2023-03-01,LOW,0.0,2023,3,0,0,0,0.0,0.0,0.0,0.0,0.0,0.0,0.0,1,0,1.0,0.0,2,0.974928,-0.222521,0,0.0,0.0,0.0,0.0,0.0,0.0,0.0,0.0,0.0,7
HB Town Square,2023-04-01,LOW,0.0,2023,4,0,0,0,0.0,0.0,0.0,0.0,0.0,0.0,0.0,2,0,0.866025,-0.5,5,-0.974928,-0.222521,1,0.0,0.0,0.0,0.0,0.0,0.0,0.0,0.0,0.0,7
HB Town Square,2023-05-01,LOW,0.0,2023,5,0,0,0,0.0,0.0,0.0,0.0,0.0,0.0,0.0,2,0,0.5,-0.866025,0,0.0,1.0,0,0.0,0.0,0.0,0.0,0.0,0.0,0.0,0.0,0.0,7
HB Town Square,2023-06-01,LOW,0.0,2023,6,0,0,0,0.0,0.0,0.0,0.0,0.0,0.0,0.0,2,0,0.0,-1.0,3,0.433884,-0.900969,0,0.0,0.0,0.0,0.0,0.0,0.0,0.0,0.0,0.0,7
HB Town Square,2023-07-01,LOW,0.0,2023,7,0,0,0,0.0,0.0,0.0,0.0,0.0,0.0,0.0,3,0,-0.5,-0.866025,5,-0.974928,-0.222521,1,0.0,0.0,0.0,0.0,0.0,0.0,0.0,0.0,0.0,7
HB Town Square,2023-08-01,LOW,0.0,2023,8,0,0,0,0.0,0.0,0.0,0.0,0.0,0.0,0.0,3,0,-0.866025,-0.5,1,0.781831,0.62349,0,0.0,0.0,0.0,0.0,0.0,0.0,0.0,0.0,0.0,7
HB Town Square,2023-09-01,LOW,0.0,2023,9,0,0,0,0.0,0.0,0.0,0.0,0.0,0.0,0.0,3,0,-1.0,-0.0,4,-0.433884,-0.900969,0,0.0,0.0,0.0,0.0,0.0,0.0,0.0,0.0,0.0,7
HB Town Square,2023-10-01,LOW,0.0,2023,10,0,0,0,0.0,0.0,0.0,0.0,0.0,0.0,0.0,4,0,-0.866025,0.5,6,-0.781831,0.62349,1,0.0,0.0,0.0,0.0,0.0,0.0,0.0,0.0,0.0,7
HB Town Square,2023-11-01,LOW,0.0,2023,11,0,0,0,0.0,0.0,0.0,0.0,0.0,0.0,0.0,4,0,-0.5,0.866025,2,0.974928,-0.222521,0,0.0,0.0,0.0,0.0,0.0,0.0,0.0,0.0,0.0,7
HB Town Square,2023-12-01,LOW,0.0,2023,12,0,0,0,0.0,0.0,0.0,0.0,0.0,0.0,0.0,4,0,-0.0,1.0,4,-0.433884,-0.900969,0,0.0,0.0,0.0,0.0,0.0,0.0,0.0,0.0,0.0,7
IT Park Ring Road,2020-01-01,LOW,0.0,2020,1,0,0,0,0.0,0.0,0.0,0.0,0.0,0.0,0.0,1,1,0.5,0.866025,2,0.974928,-0.222521,0,0.0,0.0,0.0,0.0,0.0,0.0,0.0,0.0,0.0,8
IT Park Ring Road,2020-02-01,LOW,0.0,2020,2,0,0,0,0.0,0.0,0.0,0.0,0.0,0.0,0.0,1,0,0.866025,0.5,5,-0.974928,-0.222521,1,0.0,0.0,0.0,0.0,0.0,0.0,0.0,0.0,0.0,8
IT Park Ring Road,2020-03-01,LOW,0.0,2020,3,0,0,0,0.0,0.0,0.0,0.0,0.0,0.0,0.0,1,0,1.0,0.0,6,-0.781831,0.62349,1,0.0,0.0,0.0,0.0,0.0,0.0,0.0,0.0,0.0,8
IT Park Ring Road,2020-04-01,LOW,0.0,2020,4,0,0,0,0.0,0.0,0.0,0.0,0.0,0.0,0.0,2,0,0.866025,-0.5,2,0.974928,-0.222521,0,0.0,0.0,0.0,0.0,0.0,0.0,0.0,0.0,0.0,8
IT Park Ring Road,2020-05-01,LOW,0.0,2020,5,0,0,0,0.0,0.0,0.0,0.0,0.0,0.0,0.0,2,0,0.5,-0.866025,4,-0.433884,-0.900969,0,0.0,0.0,0.0,0.0,0.0,0.0,0.0,0.0,0.0,8
IT Park Ring Road,2020-06-01,LOW,0.0,2020,6,0,0,0,0.0,0.0,0.0,0.0,0.0,0.0,0.0,2,0,0.0,-1.0,0,0.0,1.0,0,0.0,0.0,0.0,0.0,0.0,0.0,0.0,0.0,0.0,8
IT Park Ring Road,2020-07-01,LOW,0.0,2020,7,0,0,0,0.0,0.0,0.0,0.0,0.0,0.0,0.0,3,0,-0.5,-0.866025,2,0.974928,-0.222521,0,0.0,0.0,0.0,0.0,0.0,0.0,0.0,0.0,0.0,8
IT Park Ring Road,2020-08-01,LOW,0.0,2020,8,0,0,0,0.0,0.0,0.0,0.0,0.0,0.0,0.0,3,0,-0.866025,-0.5,5,-0.974928,-0.222521,1,0.0,0.0,0.0,0.0,0.0,0.0,0.0,0.0,0.0,8
IT Park Ring Road,2020-09-01,LOW,0.0,2020,9,0,0,0,0.0,0.0,0.0,0.0,0.0,0.0,0.0,3,0,-1.0,-0.0,1,0.781831,0.62349,0,0.0,0.0,0.0,0.0,0.0,0.0,0.0,0.0,0.0,8
IT Park Ring Road,2020-10-01,LOW,0.0,2020,10,0,0,0,0.0,0.0,0.0,0.0,0.0,0.0,0.0,4,0,-0.866025,0.5,3,0.433884,-0.900969,0,0.0,0.0,0.0,0.0,0.0,0.0,0.0,0.0,0.0,8
IT Park Ring Road,2020-11-01,LOW,0.0,2020,11,0,0,0,0.0,0.0,0.0,0.0,0.0,0.0,0.0,4,0,-0.5,0.866025,6,-0.781831,0.62349,1,0.0,0.0,0.0,0.0,0.0,0.0,0.0,0.0,0.0,8
IT Park Ring Road,2020-12-01,LOW,0.0,2020,12,0,0,0,0.0,0.0,0.0,0.0,0.0,0.0,0.0,4,0,-0.0,1.0,1,0.781831,0.62349,0,0.0,0.0,0.0,0.0,0.0,0.0,0.0,0.0,0.0,8
IT Park Ring Road,2021-01-01,LOW,0.0,2021,1,0,0,0,0.0,0.0,0.0,0.0,0.0,0.0,0.0,1,1,0.5,0.866025,4,-0.433884,-0.900969,0,0.0,0.0,0.0,0.0,0.0,0.0,0.0,0.0,0.0,8
IT Park Ring Road,2021-02-01,LOW,0.0,2021,2,0,0,0,0.0,0.0,0.0,0.0,0.0,0.0,0.0,1,0,0.866025,0.5,0,0.0,1.0,0,0.0,0.0,0.0,0.0,0.0,0.0,0.0,0.0,0.0,8
IT Park Ring Road,2021-03-01,LOW,0.0,2021,3,0,0,0,0.0,0.0,0.0,0.0,0.0,0.0,0.0,1,0,1.0,0.0,0,0.0,1.0,0,0.0,0.0,0.0,0.0,0.0,0.0,0.0,0.0,0.0,8
IT Park Ring Road,2021-04-01,LOW,0.0,2021,4,0,0,0,0.0,0.0,0.0,0.0,0.0,0.0,0.0,2,0,0.866025,-0.5,3,0.433884,-0.900969,0,0.0,0.0,0.0,0.0,0.0,0.0,0.0,0.0,0.0,8
IT Park Ring Road,2021-05-01,LOW,0.0,2021,5,0,0,0,0.0,0.0,0.0,0.0,0.0,0.0,0.0,2,0,0.5,-0.866025,5,-0.974928,-0.222521,1,0.0,0.0,0.0,0.0,0.0,0.0,0.0,0.0,0.0,8
IT Park Ring Road,2021-06-01,LOW,0.0,2021,6,0,0,0,0.0,0.0,0.0,0.0,0.0,0.0,0.0,2,0,0.0,-1.0,1,0.781831,0.62349,0,0.0,0.0,0.0,0.0,0.0,0.0,0.0,0.0,0.0,8
IT Park Ring Road,2021-07-01,LOW,0.0,2021,7,0,0,0,0.0,0.0,0.0,0.0,0.0,0.0,0.0,3,0,-0.5,-0.866025,3,0.433884,-0.900969,0,0.0,0.0,0.0,0.0,0.0,0.0,0.0,0.0,0.0,8
IT Park Ring Road,2021-08-01,LOW,0.0,2021,8,0,0,0,0.0,0.0,0.0,0.0,0.0,0.0,0.0,3,0,-0.866025,-0.5,6,-0.781831,0.62349,1,0.0,0.0,0.0,0.0,0.0,0.0,0.0,0.0,0.0,8
IT Park Ring Road,2021-09-01,LOW,0.0,2021,9,0,0,0,0.0,0.0,0.0,0.0,0.0,0.0,0.0,3,0,-1.0,-0.0,2,0.974928,-0.222521,0,0.0,0.0,0.0,0.0,0.0,0.0,0.0,0.0,0.0,8
IT Park Ring Road,2021-10-01,LOW,0.0,2021,10,0,0,0,0.0,0.0,0.0,0.0,0.0,0.0,0.0,4,0,-0.866025,0.5,4,-0.433884,-0.900969,0,0.0,0.0,0.0,0.0,0.0,0.0,0.0,0.0,0.0,8
IT Park Ring Road,2021-11-01,LOW,0.0,2021,11,0,0,0,0.0,0.0,0.0,0.0,0.0,0.0,0.0,4,0,-0.5,0.866025,0,0.0,1.0,0,0.0,0.0,0.0,0.0,0.0,0.0,0.0,0.0,0.0,8
IT Park Ring Road,2021-12-01,LOW,0.0,2021,12,0,0,0,0.0,0.0,0.0,0.0,0.0,0.0,0.0,4,0,-0.0,1.0,2,0.974928,-0.222521,0,0.0,0.0,0.0,0.0,0.0,0.0,0.0,0.0,0.0,8
IT Park Ring Road,2022-01-01,LOW,0.0,2022,1,0,0,0,0.0,0.0,0.0,0.0,0.0,0.0,0.0,1,1,0.5,0.866025,5,-0.974928,-0.222521,1,0.0,0.0,0.0,0.0,0.0,0.0,0.0,0.0,0.0,8
IT Park Ring Road,2022-02-01,LOW,0.0,2022,2,0,0,0,0.0,0.0,0.0,0.0,0.0,0.0,0.0,1,0,0.866025,0.5,1,0.781831,0.62349,0,0.0,0.0,0.0,0.0,0.0,0.0,0.0,0.0,0.0,8
IT Park Ring Road,2022-03-01,LOW,0.0,2022,3,0,0,0,0.0,0.0,0.0,0.0,0.0,0.0,0.0,1,0,1.0,0.0,1,0.781831,0.62349,0,0.0,0.0,0.0,0.0,0.0,0.0,0.0,0.0,0.0,8
IT Park Ring Road,2022-04-01,LOW,0.0,2022,4,0,0,0,0.0,0.0,0.0,0.0,0.0,0.0,0.0,2,0,0.866025,-0.5,4,-0.433884,-0.900969,0,0.0,0.0,0.0,0.0,0.0,0.0,0.0,0.0,0.0,8
IT Park Ring Road,2022-05-01,LOW,0.0,2022,5,0,0,0,0.0,0.0,0.0,0.0,0.0,0.0,0.0,2,0,0.5,-0.866025,6,-0.781831,0.62349,1,0.0,0.0,0.0,0.0,0.0,0.0,0.0,0.0,0.0,8
IT Park Ring Road,2022-06-01,LOW,0.0,2022,6,0,0,0,0.0,0.0,0.0,0.0,0.0,0.0,0.0,2,0,0.0,-1.0,2,0.974928,-0.222521,0,0.0,0.0,0.0,0.0,0.0,0.0,0.0,0.0,0.0,8
IT Park Ring Road,2022-07-01,LOW,0.0,2022,7,0,0,0,0.0,0.0,0.0,0.0,0.0,0.0,0.0,3,0,-0.5,-0.866025,4,-0.433884,-0.900969,0,0.0,0.0,0.0,0.0,0.0,0.0,0.0,0.0,0.0,8
IT Park Ring Road,2022-08-01,LOW,0.0,2022,8,0,0,0,0.0,0.0,0.0,0.0,0.0,0.0,0.0,3,0,-0.866025,-0.5,0,0.0,1.0,0,0.0,0.0,0.0,0.0,0.0,0.0,0.0,0.0,0.0,8
IT Park Ring Road,2022-09-01,LOW,0.0,2022,9,0,0,0,0.0,0.0,0.0,0.0,0.0,0.0,0.0,3,0,-1.0,-0.0,3,0.433884,-0.900969,0,0.0,0.0,0.0,0.0,0.0,0.0,0.0,0.0,0.0,8
IT Park Ring Road,2022-10-01,LOW,0.0,2022,10,0,0,0,0.0,0.0,0.0,0.0,0.0,0.0,0.0,4,0,-0.866025,0.5,5,-0.974928,-0.222521,1,0.0,0.0,0.0,0.0,0.0,0.0,0.0,0.0,0.0,8
IT Park Ring Road,2022-11-01,LOW,0.0,2022,11,0,0,0,0.0,0.0,0.0,0.0,0.0,0.0,0.0,4,0,-0.5,0.866025,1,0.781831,0.62349,0,0.0,0.0,0.0,0.0,0.0,0.0,0.0,0.0,0.0,8
IT Park Ring Road,2022-12-01,LOW,0.0,2022,12,0,0,0,0.0,0.0,0.0,0.0,0.0,0.0,0.0,4,0,-0.0,1.0,3,0.433884,-0.900969,0,0.0,0.0,0.0,0.0,0.0,0.0,0.0,0.0,0.0,8
IT Park Ring Road,2023-01-01,LOW,0.0,2023,1,0,0,0,0.0,0.0,0.0,0.0,0.0,0.0,0.0,1,1,0.5,0.866025,6,-0.781831,0.62349,1,0.0,0.0,0.0,0.0,0.0,0.0,0.0,0.0,0.0,8
IT Park Ring Road,2023-02-01,LOW,0.0,2023,2,0,0,0,0.0,0.0,0.0,0.0,0.0,0.0,0.0,1,0,0.866025,0.5,2,0.974928,-0.222521,0,0.0,0.0,0.0,0.0,0.0,0.0,0.0,0.0,0.0,8
IT Park Ring Road,2023-03-01,LOW,0.0,2023,3,0,0,0,0.0,0.0,0.0,0.0,0.0,0.0,0.0,1,0,1.0,0.0,2,0.974928,-0.222521,0,0.0,0.0,0.0,0.0,0.0,0.0,0.0,0.0,0.0,8
IT Park Ring Road,2023-04-01,LOW,0.0,2023,4,0,0,0,0.0,0.0,0.0,0.0,0.0,0.0,0.0,2,0,0.866025,-0.5,5,-0.974928,-0.222521,1,0.0,0.0,0.0,0.0,0.0,0.0,0.0,0.0,0.0,8
IT Park Ring Road,2023-05-01,LOW,0.0,2023,5,0,0,0,0.0,0.0,0.0,0.0,0.0,0.0,0.0,2,0,0.5,-0.866025,0,0.0,1.0,0,0.0,0.0,0.0,0.0,0.0,0.0,0.0,0.0,0.0,8
IT Park Ring Road,2023-06-01,LOW,0.0,2023,6,0,0,0,0.0,0.0,0.0,0.0,0.0,0.0,0.0,2,0,0.0,-1.0,3,0.433884,-0.900969,0,0.0,0.0,0.0,0.0,0.0,0.0,0.0,0.0,0.0,8
IT Park Ring Road,2023-07-01,LOW,0.0,2023,7,0,0,0,0.0,0.0,0.0,0.0,0.0,0.0,0.0,3,0,-0.5,-0.866025,5,-0.974928,-0.222521,1,0.0,0.0,0.0,0.0,0.0,0.0,0.0,0.0,0.0,8
IT Park Ring Road,2023-08-01,LOW,0.0,2023,8,0,0,0,0.0,0.0,0.0,0.0,0.0,0.0,0.0,3,0,-0.866025,-0.5,1,0.781831,0.62349,0,0.0,0.0,0.0,0.0,0.0,0.0,0.0,0.0,0.0,8
IT Park Ring Road,2023-09-01,LOW,0.0,2023,9,0,0,0,0.0,0.0,0.0,0.0,0.0,0.0,0.0,3,0,-1.0,-0.0,4,-0.433884,-0.900969,0,0.0,0.0,0.0,0.0,0.0,0.0,0.0,0.0,0.0,8
IT Park Ring Road,2023-10-01,LOW,0.0,2023,10,0,0,0,0.0,0.0,0.0,0.0,0.0,0.0,0.0,4,0,-0.866025,0.5,6,-0.781831,0.62349,1,0.0,0.0,0.0,0.0,0.0,0.0,0.0,0.0,0.0,8
IT Park Ring Road,2023-11-01,LOW,0.0,2023,11,0,0,0,0.0,0.0,0.0,0.0,0.0,0.0,0.0,4,0,-0.5,0.866025,2,0.974928,-0.222521,0,0.0,0.0,0.0,0.0,0.0,0.0,0.0,0.0,0.0,8
IT Park Ring Road,2023-12-01,LOW,0.0,2023,12,0,0,0,0.0,0.0,0.0,0.0,0.0,0.0,0.0,4,0,-0.0,1.0,4,-0.433884,-0.900969,0,0.0,0.0,0.0,0.0,0.0,0.0,0.0,0.0,0.0,8
Itwari Railway Station Square,2020-01-01,LOW,0.0,2020,1,0,0,0,0.0,0.0,0.0,0.0,0.0,0.0,0.0,1,1,0.5,0.866025,2,0.974928,-0.222521,0,0.0,0.0,0.0,0.0,0.0,0.0,0.0,0.0,2.4625,9
Itwari Railway Station Square,2020-02-01,LOW,0.0,2020,2,0,0,0,0.0,0.0,0.0,0.0,0.0,0.0,0.0,1,0,0.866025,0.5,5,-0.974928,-0.222521,1,0.0,0.0,0.0,0.0,0.0,0.0,0.0,0.0,2.4625,9
Itwari Railway Station Square,2020-03-01,LOW,0.0,2020,3,0,0,0,0.0,0.0,0.0,0.0,0.0,0.0,0.0,1,0,1.0,0.0,6,-0.781831,0.62349,1,0.0,0.0,0.0,0.0,0.0,0.0,0.0,0.0,2.4625,9
Itwari Railway Station Square,2020-04-01,LOW,1.1,2020,4,1,0,0,0.0,0.0,0.0,0.0,0.0,0.0,0.0,2,0,0.866025,-0.5,2,0.974928,-0.222521,0,0.0,0.0,0.0,0.0,0.0,0.0,0.0,0.0,2.4625,9
Itwari Railway Station Square,2020-05-01,LOW,7.73,2020,5,1,1,1,1.0,1.0,1.0,1.0,0.0,0.0,0.083,2,0,0.5,-0.866025,4,-0.433884,-0.900969,0,0.0,0.0,0.0,0.0,0.0,0.0,0.0,0.0,2.4625,9
Itwari Railway Station Square,2020-06-01,LOW,0.0,2020,6,0,0,0,1.0,1.0,2.0,2.0,1.0,1.0,0.167,2,0,0.0,-1.0,0,0.0,1.0,0,1.0,0.0,0.0,0.333,0.577,0.2,0.447,0.666,2.4625,9
Itwari Railway Station Square,2020-07-01,LOW,0.0,2020,7,0,0,0,0.0,0.0,2.0,2.0,1.0,1.0,0.167,3,0,-0.5,-0.866025,2,0.974928,-0.222521,0,1.0,1.0,0.0,0.667,0.577,0.333,0.516,1.334,2.4625,9
Itwari Railway Station Square,2020-08-01,LOW,0.0,2020,8,0,0,0,0.0,0.0,1.0,2.0,1.0,1.0,0.167,3,0,-0.866025,-0.5,5,-0.974928,-0.222521,1,0.0,1.0,1.0,0.667,0.577,0.333,0.516,1.334,2.4625,9
Itwari Railway Station Square,2020-09-01,LOW,0.0,2020,9,0,0,0,0.0,0.0,0.0,2.0,1.0,1.0,0.167,3,0,-1.0,-0.0,1,0.781831,0.62349,0,0.0,0.0,1.0,0.333,0.577,0.333,0.516,0.666,2.4625,9
Itwari Railway Station Square,2020-10-01,LOW,3.87,2020,10,2,0,1,0.0,0.0,0.0,2.0,1.0,1.0,0.167,4,0,-0.866025,0.5,3,0.433884,-0.900969,0,0.0,0.0,0.0,0.0,0.0,0.333,0.516,0.0,2.4625,9
Itwari Railway Station Square,2020-11-01,LOW,1.1,2020,11,1,0,0,2.0,2.0,2.0,4.0,1.0,2.0,0.333,4,0,-0.5,0.866025,6,-0.781831,0.62349,1,0.0,0.0,0.0,0.0,0.0,0.333,0.516,0.0,2.4625,9
Itwari Railway Station Square,2020-12-01,LOW,0.0,2020,12,0,0,0,1.0,1.0,3.0,5.0,1.0,2.0,0.417,4,0,-0.0,1.0,1,0.781831,0.62349,0,2.0,0.0,0.0,0.667,1.155,0.5,0.837,0.534,2.4625,9
Itwari Railway Station Square,2021-01-01,LOW,7.73,2021,1,1,0,1,0.0,0.0,3.0,5.0,1.0,2.0,0.417,1,1,0.5,0.866025,4,-0.433884,-0.900969,0,1.0,2.0,0.0,1.0,1.0,0.5,0.837,0.8,2.4625,9
Itwari Railway Station Square,2021-02-01,LOW,12.71,2021,2,1,1,1,1.0,1.0,2.0,6.0,1.0,3.0,0.5,1,0,0.866025,0.5,0,0.0,1.0,0,0.0,1.0,2.0,1.0,1.0,0.5,0.837,0.667,2.4625,9
Itwari Railway Station Square,2021-03-01,LOW,9.39,2021,3,1,0,1,1.0,1.0,2.0,7.0,2.0,4.0,0.583,1,0,1.0,0.0,0,0.0,1.0,0,1.0,0.0,1.0,0.667,0.577,0.667,0.816,0.381,2.4625,9
Itwari Railway Station Square,2021-04-01,LOW,0.0,2021,4,0,0,0,1.0,1.0,3.0,8.0,2.0,5.0,0.667,2,0,0.866025,-0.5,3,0.433884,-0.900969,0,1.0,1.0,0.0,0.667,0.577,0.833,0.753,0.334,2.4625,9
Itwari Railway Station Square,2021-05-01,LOW,0.0,2021,5,0,0,0,0.0,0.0,2.0,7.0,2.0,5.0,0.583,2,0,0.5,-0.866025,5,-0.974928,-0.222521,1,1.0,1.0,1.0,1.0,0.0,1.0,0.632,0.571,2.4625,9
Itwari Railway Station Square,2021-06-01,LOW,0.0,2021,6,0,0,0,0.0,0.0,1.0,6.0,1.0,4.0,0.5,2,0,0.0,-1.0,1,0.781831,0.62349,0,0.0,1.0,1.0,0.667,0.577,0.667,0.516,0.445,2.4625,9
Itwari Railway Station Square,2021-07-01,LOW,0.0,2021,7,0,0,0,0.0,0.0,0.0,6.0,1.0,4.0,0.5,3,0,-0.5,-0.866025,3,0.433884,-0.900969,0,0.0,0.0,1.0,0.333,0.577,0.5,0.548,0.222,2.4625,9
Itwari Railway Station Square,2021-08-01,LOW,1.1,2021,8,1,0,0,0.0,0.0,0.0,6.0,1.0,4.0,0.5,3,0,-0.866025,-0.5,6,-0.781831,0.62349,1,0.0,0.0,0.0,0.0,0.0,0.5,0.548,0.0,2.4625,9
Itwari Railway Station Square,2021-09-01,LOW,12.71,2021,9,1,1,1,1.0,1.0,1.0,7.0,1.0,4.0,0.583,3,0,-1.0,-0.0,2,0.974928,-0.222521,0,0.0,0.0,0.0,0.0,0.0,0.333,0.516,0.0,2.4625,9
Itwari Railway Station Square,2021-10-01,LOW,0.0,2021,10,0,0,0,1.0,1.0,2.0,8.0,2.0,5.0,0.667,4,0,-0.866025,0.5,4,-0.433884,-0.900969,0,1.0,0.0,0.0,0.333,0.577,0.333,0.516,0.166,2.4625,9
Itwari Railway Station Square,2021-11-01,LOW,0.0,2021,11,0,0,0,0.0,0.0,2.0,6.0,2.0,4.0,0.5,4,0,-0.5,0.866025,0,0.0,1.0,0,1.0,1.0,0.0,0.667,0.577,0.333,0.516,0.445,2.4625,9
Itwari Railway Station Square,2021-12-01,LOW,0.0,2021,12,0,0,0,0.0,0.0,1.0,5.0,2.0,4.0,0.417,4,0,-0.0,1.0,2,0.974928,-0.222521,0,0.0,1.0,1.0,0.667,0.577,0.333,0.516,0.534,2.4625,9
Itwari Railway Station Square,2022-01-01,LOW,1.1,2022,1,1,0,0,0.0,0.0,0.0,5.0,2.0,4.0,0.417,1,1,0.5,0.866025,5,-0.974928,-0.222521,1,0.0,0.0,1.0,0.333,0.577,0.333,0.516,0.266,2.4625,9
Itwari Railway Station Square,2022-02-01,LOW,6.08,2022,2,1,0,1,1.0,1.0,1.0,5.0,2.0,3.0,0.417,1,0,0.866025,0.5,1,0.781831,0.62349,0,0.0,0.0,0.0,0.0,0.0,0.333,0.516,0.0,2.4625,9
Itwari Railway Station Square,2022-03-01,LOW,0.0,2022,3,0,0,0,1.0,1.0,2.0,5.0,1.0,3.0,0.417,1,0,1.0,0.0,1,0.781831,0.62349,0,1.0,0.0,0.0,0.333,0.577,0.5,0.548,0.266,2.4625,9
Itwari Railway Station Square,2022-04-01,LOW,0.0,2022,4,0,0,0,0.0,0.0,2.0,4.0,1.0,2.0,0.333,2,0,0.866025,-0.5,4,-0.433884,-0.900969,0,1.0,1.0,0.0,0.667,0.577,0.5,0.548,0.667,2.4625,9
Itwari Railway Station Square,2022-05-01,LOW,0.0,2022,5,0,0,0,0.0,0.0,1.0,4.0,1.0,2.0,0.333,2,0,0.5,-0.866025,6,-0.781831,0.62349,1,0.0,1.0,1.0,0.667,0.577,0.333,0.516,0.667,2.4625,9
Itwari Railway Station Square,2022-06-01,LOW,0.0,2022,6,0,0,0,0.0,0.0,0.0,4.0,1.0,2.0,0.333,2,0,0.0,-1.0,2,0.974928,-0.222521,0,0.0,0.0,1.0,0.333,0.577,0.333,0.516,0.333,2.4625,9
Itwari Railway Station Square,2022-07-01,LOW,4.42,2022,7,1,0,1,0.0,0.0,0.0,4.0,1.0,2.0,0.333,3,0,-0.5,-0.866025,4,-0.433884,-0.900969,0,0.0,0.0,0.0,0.0,0.0,0.333,0.516,0.0,2.4625,9
Itwari Railway Station Square,2022-08-01,LOW,0.0,2022,8,0,0,0,1.0,1.0,1.0,5.0,1.0,3.0,0.417,3,0,-0.866025,-0.5,0,0.0,1.0,0,0.0,0.0,0.0,0.0,0.0,0.333,0.516,0.0,2.4625,9
Itwari Railway Station Square,2022-09-01,LOW,0.0,2022,9,0,0,0,0.0,0.0,1.0,4.0,1.0,3.0,0.333,3,0,-1.0,-0.0,3,0.433884,-0.900969,0,1.0,0.0,0.0,0.333,0.577,0.333,0.516,0.333,2.4625,9
Itwari Railway Station Square,2022-10-01,LOW,0.0,2022,10,0,0,0,0.0,0.0,1.0,3.0,0.0,2.0,0.25,4,0,-0.866025,0.5,5,-0.974928,-0.222521,1,0.0,1.0,0.0,0.333,0.577,0.167,0.408,0.444,2.4625,9
Itwari Railway Station Square,2022-11-01,LOW,0.0,2022,11,0,0,0,0.0,0.0,0.0,3.0,0.0,2.0,0.25,4,0,-0.5,0.866025,1,0.781831,0.62349,0,0.0,0.0,1.0,0.333,0.577,0.167,0.408,0.444,2.4625,9
Itwari Railway Station Square,2022-12-01,LOW,4.42,2022,12,1,0,1,0.0,0.0,0.0,3.0,0.0,2.0,0.25,4,0,-0.0,1.0,3,0.433884,-0.900969,0,0.0,0.0,0.0,0.0,0.0,0.167,0.408,0.0,2.4625,9
Itwari Railway Station Square,2023-01-01,LOW,0.0,2023,1,0,0,0,1.0,1.0,1.0,4.0,0.0,3.0,0.333,1,1,0.5,0.866025,6,-0.781831,0.62349,1,0.0,0.0,0.0,0.0,0.0,0.167,0.408,0.0,2.4625,9
Itwari Railway Station Square,2023-02-01,LOW,0.0,2023,2,0,0,0,0.0,0.0,1.0,3.0,0.0,3.0,0.25,1,0,0.866025,0.5,2,0.974928,-0.222521,0,1.0,0.0,0.0,0.333,0.577,0.333,0.516,0.444,2.4625,9
Itwari Railway Station Square,2023-03-01,LOW,2.76,2023,3,1,0,1,0.0,0.0,1.0,2.0,0.0,2.0,0.167,1,0,1.0,0.0,2,0.974928,-0.222521,0,0.0,1.0,0.0,0.333,0.577,0.167,0.408,0.666,2.4625,9
Itwari Railway Station Square,2023-04-01,LOW,1.1,2023,4,1,0,0,1.0,1.0,1.0,3.0,0.0,3.0,0.25,2,0,0.866025,-0.5,5,-0.974928,-0.222521,1,0.0,0.0,1.0,0.333,0.577,0.167,0.408,0.444,2.4625,9
Itwari Railway Station Square,2023-05-01,LOW,13.26,2023,5,3,0,3,1.0,1.0,2.0,4.0,0.0,3.0,0.333,2,0,0.5,-0.866025,0,0.0,1.0,0,1.0,0.0,0.0,0.333,0.577,0.333,0.516,0.333,2.4625,9
Itwari Railway Station Square,2023-06-01,LOW,0.0,2023,6,0,0,0,3.0,3.0,5.0,7.0,0.0,6.0,0.583,2,0,0.0,-1.0,3,0.433884,-0.900969,0,1.0,1.0,0.0,0.667,0.577,0.5,0.548,0.381,2.4625,9
Itwari Railway Station Square,2023-07-01,LOW,0.0,2023,7,0,0,0,0.0,0.0,4.0,7.0,0.0,6.0,0.583,3,0,-0.5,-0.866025,5,-0.974928,-0.222521,1,3.0,1.0,1.0,1.667,1.155,1.0,1.095,0.953,2.4625,9
Itwari Railway Station Square,2023-08-01,LOW,0.0,2023,8,0,0,0,0.0,0.0,3.0,6.0,0.0,5.0,0.5,3,0,-0.866025,-0.5,1,0.781831,0.62349,0,0.0,3.0,1.0,1.333,1.528,0.833,1.169,0.889,2.4625,9
Itwari Railway Station Square,2023-09-01,LOW,24.86,2023,9,3,1,3,0.0,0.0,0.0,6.0,0.0,5.0,0.5,3,0,-1.0,-0.0,4,-0.433884,-0.900969,0,0.0,0.0,3.0,1.0,1.732,0.833,1.169,0.667,2.4625,9
Itwari Railway Station Square,2023-10-01,LOW,0.0,2023,10,0,0,0,3.0,3.0,3.0,9.0,1.0,8.0,0.75,4,0,-0.866025,0.5,6,-0.781831,0.62349,1,0.0,0.0,0.0,0.0,0.0,0.833,1.169,0.0,2.4625,9
Itwari Railway Station Square,2023-11-01,LOW,0.0,2023,11,0,0,0,0.0,0.0,3.0,9.0,1.0,8.0,0.75,4,0,-0.5,0.866025,2,0.974928,-0.222521,0,3.0,0.0,0.0,1.0,1.732,1.167,1.472,0.444,2.4625,9
Itwari Railway Station Square,2023-12-01,LOW,2.76,2023,12,1,0,1,0.0,0.0,3.0,9.0,1.0,8.0,0.75,4,0,-0.0,1.0,4,-0.433884,-0.900969,0,0.0,3.0,0.0,1.0,1.732,1.0,1.549,0.444,2.4625,9
Japanese Garden Square,2020-01-01,LOW,0.0,2020,1,0,0,0,0.0,0.0,0.0,0.0,0.0,0.0,0.0,1,1,0.5,0.866025,2,0.974928,-0.222521,0,0.0,0.0,0.0,0.0,0.0,0.0,0.0,0.0,0.0,10
Japanese Garden Square,2020-02-01,LOW,0.0,2020,2,0,0,0,0.0,0.0,0.0,0.0,0.0,0.0,0.0,1,0,0.866025,0.5,5,-0.974928,-0.222521,1,0.0,0.0,0.0,0.0,0.0,0.0,0.0,0.0,0.0,10
Japanese Garden Square,2020-03-01,LOW,0.0,2020,3,0,0,0,0.0,0.0,0.0,0.0,0.0,0.0,0.0,1,0,1.0,0.0,6,-0.781831,0.62349,1,0.0,0.0,0.0,0.0,0.0,0.0,0.0,0.0,0.0,10
Japanese Garden Square,2020-04-01,LOW,0.0,2020,4,0,0,0,0.0,0.0,0.0,0.0,0.0,0.0,0.0,2,0,0.866025,-0.5,2,0.974928,-0.222521,0,0.0,0.0,0.0,0.0,0.0,0.0,0.0,0.0,0.0,10
Japanese Garden Square,2020-05-01,LOW,0.0,2020,5,0,0,0,0.0,0.0,0.0,0.0,0.0,0.0,0.0,2,0,0.5,-0.866025,4,-0.433884,-0.900969,0,0.0,0.0,0.0,0.0,0.0,0.0,0.0,0.0,0.0,10
Japanese Garden Square,2020-06-01,LOW,0.0,2020,6,0,0,0,0.0,0.0,0.0,0.0,0.0,0.0,0.0,2,0,0.0,-1.0,0,0.0,1.0,0,0.0,0.0,0.0,0.0,0.0,0.0,0.0,0.0,0.0,10
Japanese Garden Square,2020-07-01,LOW,0.0,2020,7,0,0,0,0.0,0.0,0.0,0.0,0.0,0.0,0.0,3,0,-0.5,-0.866025,2,0.974928,-0.222521,0,0.0,0.0,0.0,0.0,0.0,0.0,0.0,0.0,0.0,10
Japanese Garden Square,2020-08-01,LOW,0.0,2020,8,0,0,0,0.0,0.0,0.0,0.0,0.0,0.0,0.0,3,0,-0.866025,-0.5,5,-0.974928,-0.222521,1,0.0,0.0,0.0,0.0,0.0,0.0,0.0,0.0,0.0,10
Japanese Garden Square,2020-09-01,LOW,0.0,2020,9,0,0,0,0.0,0.0,0.0,0.0,0.0,0.0,0.0,3,0,-1.0,-0.0,1,0.781831,0.62349,0,0.0,0.0,0.0,0.0,0.0,0.0,0.0,0.0,0.0,10
Japanese Garden Square,2020-10-01,LOW,0.0,2020,10,0,0,0,0.0,0.0,0.0,0.0,0.0,0.0,0.0,4,0,-0.866025,0.5,3,0.433884,-0.900969,0,0.0,0.0,0.0,0.0,0.0,0.0,0.0,0.0,0.0,10
Japanese Garden Square,2020-11-01,LOW,0.0,2020,11,0,0,0,0.0,0.0,0.0,0.0,0.0,0.0,0.0,4,0,-0.5,0.866025,6,-0.781831,0.62349,1,0.0,0.0,0.0,0.0,0.0,0.0,0.0,0.0,0.0,10
Japanese Garden Square,2020-12-01,LOW,0.0,2020,12,0,0,0,0.0,0.0,0.0,0.0,0.0,0.0,0.0,4,0,-0.0,1.0,1,0.781831,0.62349,0,0.0,0.0,0.0,0.0,0.0,0.0,0.0,0.0,0.0,10
Japanese Garden Square,2021-01-01,LOW,0.0,2021,1,0,0,0,0.0,0.0,0.0,0.0,0.0,0.0,0.0,1,1,0.5,0.866025,4,-0.433884,-0.900969,0,0.0,0.0,0.0,0.0,0.0,0.0,0.0,0.0,0.0,10
Japanese Garden Square,2021-02-01,LOW,0.0,2021,2,0,0,0,0.0,0.0,0.0,0.0,0.0,0.0,0.0,1,0,0.866025,0.5,0,0.0,1.0,0,0.0,0.0,0.0,0.0,0.0,0.0,0.0,0.0,0.0,10
Japanese Garden Square,2021-03-01,LOW,0.0,2021,3,0,0,0,0.0,0.0,0.0,0.0,0.0,0.0,0.0,1,0,1.0,0.0,0,0.0,1.0,0,0.0,0.0,0.0,0.0,0.0,0.0,0.0,0.0,0.0,10
Japanese Garden Square,2021-04-01,LOW,0.0,2021,4,0,0,0,0.0,0.0,0.0,0.0,0.0,0.0,0.0,2,0,0.866025,-0.5,3,0.433884,-0.900969,0,0.0,0.0,0.0,0.0,0.0,0.0,0.0,0.0,0.0,10
Japanese Garden Square,2021-05-01,LOW,0.0,2021,5,0,0,0,0.0,0.0,0.0,0.0,0.0,0.0,0.0,2,0,0.5,-0.866025,5,-0.974928,-0.222521,1,0.0,0.0,0.0,0.0,0.0,0.0,0.0,0.0,0.0,10
Japanese Garden Square,2021-06-01,LOW,0.0,2021,6,0,0,0,0.0,0.0,0.0,0.0,0.0,0.0,0.0,2,0,0.0,-1.0,1,0.781831,0.62349,0,0.0,0.0,0.0,0.0,0.0,0.0,0.0,0.0,0.0,10
Japanese Garden Square,2021-07-01,LOW,0.0,2021,7,0,0,0,0.0,0.0,0.0,0.0,0.0,0.0,0.0,3,0,-0.5,-0.866025,3,0.433884,-0.900969,0,0.0,0.0,0.0,0.0,0.0,0.0,0.0,0.0,0.0,10
Japanese Garden Square,2021-08-01,LOW,0.0,2021,8,0,0,0,0.0,0.0,0.0,0.0,0.0,0.0,0.0,3,0,-0.866025,-0.5,6,-0.781831,0.62349,1,0.0,0.0,0.0,0.0,0.0,0.0,0.0,0.0,0.0,10
Japanese Garden Square,2021-09-01,LOW,0.0,2021,9,0,0,0,0.0,0.0,0.0,0.0,0.0,0.0,0.0,3,0,-1.0,-0.0,2,0.974928,-0.222521,0,0.0,0.0,0.0,0.0,0.0,0.0,0.0,0.0,0.0,10
Japanese Garden Square,2021-10-01,LOW,0.0,2021,10,0,0,0,0.0,0.0,0.0,0.0,0.0,0.0,0.0,4,0,-0.866025,0.5,4,-0.433884,-0.900969,0,0.0,0.0,0.0,0.0,0.0,0.0,0.0,0.0,0.0,10
Japanese Garden Square,2021-11-01,LOW,0.0,2021,11,0,0,0,0.0,0.0,0.0,0.0,0.0,0.0,0.0,4,0,-0.5,0.866025,0,0.0,1.0,0,0.0,0.0,0.0,0.0,0.0,0.0,0.0,0.0,0.0,10
Japanese Garden Square,2021-12-01,LOW,0.0,2021,12,0,0,0,0.0,0.0,0.0,0.0,0.0,0.0,0.0,4,0,-0.0,1.0,2,0.974928,-0.222521,0,0.0,0.0,0.0,0.0,0.0,0.0,0.0,0.0,0.0,10
Japanese Garden Square,2022-01-01,LOW,0.0,2022,1,0,0,0,0.0,0.0,0.0,0.0,0.0,0.0,0.0,1,1,0.5,0.866025,5,-0.974928,-0.222521,1,0.0,0.0,0.0,0.0,0.0,0.0,0.0,0.0,0.0,10
Japanese Garden Square,2022-02-01,LOW,0.0,2022,2,0,0,0,0.0,0.0,0.0,0.0,0.0,0.0,0.0,1,0,0.866025,0.5,1,0.781831,0.62349,0,0.0,0.0,0.0,0.0,0.0,0.0,0.0,0.0,0.0,10
Japanese Garden Square,2022-03-01,LOW,0.0,2022,3,0,0,0,0.0,0.0,0.0,0.0,0.0,0.0,0.0,1,0,1.0,0.0,1,0.781831,0.62349,0,0.0,0.0,0.0,0.0,0.0,0.0,0.0,0.0,0.0,10
Japanese Garden Square,2022-04-01,LOW,0.0,2022,4,0,0,0,0.0,0.0,0.0,0.0,0.0,0.0,0.0,2,0,0.866025,-0.5,4,-0.433884,-0.900969,0,0.0,0.0,0.0,0.0,0.0,0.0,0.0,0.0,0.0,10
Japanese Garden Square,2022-05-01,LOW,0.0,2022,5,0,0,0,0.0,0.0,0.0,0.0,0.0,0.0,0.0,2,0,0.5,-0.866025,6,-0.781831,0.62349,1,0.0,0.0,0.0,0.0,0.0,0.0,0.0,0.0,0.0,10
Japanese Garden Square,2022-06-01,LOW,0.0,2022,6,0,0,0,0.0,0.0,0.0,0.0,0.0,0.0,0.0,2,0,0.0,-1.0,2,0.974928,-0.222521,0,0.0,0.0,0.0,0.0,0.0,0.0,0.0,0.0,0.0,10
Japanese Garden Square,2022-07-01,LOW,0.0,2022,7,0,0,0,0.0,0.0,0.0,0.0,0.0,0.0,0.0,3,0,-0.5,-0.866025,4,-0.433884,-0.900969,0,0.0,0.0,0.0,0.0,0.0,0.0,0.0,0.0,0.0,10
Japanese Garden Square,2022-08-01,LOW,0.0,2022,8,0,0,0,0.0,0.0,0.0,0.0,0.0,0.0,0.0,3,0,-0.866025,-0.5,0,0.0,1.0,0,0.0,0.0,0.0,0.0,0.0,0.0,0.0,0.0,0.0,10
Japanese Garden Square,2022-09-01,LOW,0.0,2022,9,0,0,0,0.0,0.0,0.0,0.0,0.0,0.0,0.0,3,0,-1.0,-0.0,3,0.433884,-0.900969,0,0.0,0.0,0.0,0.0,0.0,0.0,0.0,0.0,0.0,10
Japanese Garden Square,2022-10-01,LOW,0.0,2022,10,0,0,0,0.0,0.0,0.0,0.0,0.0,0.0,0.0,4,0,-0.866025,0.5,5,-0.974928,-0.222521,1,0.0,0.0,0.0,0.0,0.0,0.0,0.0,0.0,0.0,10
Japanese Garden Square,2022-11-01,LOW,0.0,2022,11,0,0,0,0.0,0.0,0.0,0.0,0.0,0.0,0.0,4,0,-0.5,0.866025,1,0.781831,0.62349,0,0.0,0.0,0.0,0.0,0.0,0.0,0.0,0.0,0.0,10
Japanese Garden Square,2022-12-01,LOW,0.0,2022,12,0,0,0,0.0,0.0,0.0,0.0,0.0,0.0,0.0,4,0,-0.0,1.0,3,0.433884,-0.900969,0,0.0,0.0,0.0,0.0,0.0,0.0,0.0,0.0,0.0,10
Japanese Garden Square,2023-01-01,LOW,0.0,2023,1,0,0,0,0.0,0.0,0.0,0.0,0.0,0.0,0.0,1,1,0.5,0.866025,6,-0.781831,0.62349,1,0.0,0.0,0.0,0.0,0.0,0.0,0.0,0.0,0.0,10
Japanese Garden Square,2023-02-01,LOW,0.0,2023,2,0,0,0,0.0,0.0,0.0,0.0,0.0,0.0,0.0,1,0,0.866025,0.5,2,0.974928,-0.222521,0,0.0,0.0,0.0,0.0,0.0,0.0,0.0,0.0,0.0,10
Japanese Garden Square,2023-03-01,LOW,0.0,2023,3,0,0,0,0.0,0.0,0.0,0.0,0.0,0.0,0.0,1,0,1.0,0.0,2,0.974928,-0.222521,0,0.0,0.0,0.0,0.0,0.0,0.0,0.0,0.0,0.0,10
Japanese Garden Square,2023-04-01,LOW,0.0,2023,4,0,0,0,0.0,0.0,0.0,0.0,0.0,0.0,0.0,2,0,0.866025,-0.5,5,-0.974928,-0.222521,1,0.0,0.0,0.0,0.0,0.0,0.0,0.0,0.0,0.0,10
Japanese Garden Square,2023-05-01,LOW,0.0,2023,5,0,0,0,0.0,0.0,0.0,0.0,0.0,0.0,0.0,2,0,0.5,-0.866025,0,0.0,1.0,0,0.0,0.0,0.0,0.0,0.0,0.0,0.0,0.0,0.0,10
Japanese Garden Square,2023-06-01,LOW,0.0,2023,6,0,0,0,0.0,0.0,0.0,0.0,0.0,0.0,0.0,2,0,0.0,-1.0,3,0.433884,-0.900969,0,0.0,0.0,0.0,0.0,0.0,0.0,0.0,0.0,0.0,10
Japanese Garden Square,2023-07-01,LOW,0.0,2023,7,0,0,0,0.0,0.0,0.0,0.0,0.0,0.0,0.0,3,0,-0.5,-0.866025,5,-0.974928,-0.222521,1,0.0,0.0,0.0,0.0,0.0,0.0,0.0,0.0,0.0,10
Japanese Garden Square,2023-08-01,LOW,0.0,2023,8,0,0,0,0.0,0.0,0.0,0.0,0.0,0.0,0.0,3,0,-0.866025,-0.5,1,0.781831,0.62349,0,0.0,0.0,0.0,0.0,0.0,0.0,0.0,0.0,0.0,10
Japanese Garden Square,2023-09-01,LOW,0.0,2023,9,0,0,0,0.0,0.0,0.0,0.0,0.0,0.0,0.0,3,0,-1.0,-0.0,4,-0.433884,-0.900969,0,0.0,0.0,0.0,0.0,0.0,0.0,0.0,0.0,0.0,10
Japanese Garden Square,2023-10-01,LOW,0.0,2023,10,0,0,0,0.0,0.0,0.0,0.0,0.0,0.0,0.0,4,0,-0.866025,0.5,6,-0.781831,0.62349,1,0.0,0.0,0.0,0.0,0.0,0.0,0.0,0.0,0.0,10
Japanese Garden Square,2023-11-01,LOW,0.0,2023,11,0,0,0,0.0,0.0,0.0,0.0,0.0,0.0,0.0,4,0,-0.5,0.866025,2,0.974928,-0.222521,0,0.0,0.0,0.0,0.0,0.0,0.0,0.0,0.0,0.0,10
Japanese Garden Square,2023-12-01,LOW,0.0,2023,12,0,0,0,0.0,0.0,0.0,0.0,0.0,0.0,0.0,4,0,-0.0,1.0,4,-0.433884,-0.900969,0,0.0,0.0,0.0,0.0,0.0,0.0,0.0,0.0,0.0,10
Jhansi Rani Square,2020-01-01,LOW,9.39,2020,1,4,0,1,0.0,0.0,0.0,0.0,0.0,0.0,0.0,1,1,0.5,0.866025,2,0.974928,-0.222521,0,0.0,0.0,0.0,0.0,0.0,0.0,0.0,0.0,18.898541666666667,11
Jhansi Rani Square,2020-02-01,LOW,23.2,2020,2,6,1,5,4.0,4.0,4.0,4.0,0.0,1.0,0.333,1,0,0.866025,0.5,5,-0.974928,-0.222521,1,0.0,0.0,0.0,0.0,0.0,0.0,0.0,0.0,18.898541666666667,11
Jhansi Rani Square,2020-03-01,LOW,8.29,2020,3,3,0,2,6.0,6.0,10.0,10.0,1.0,6.0,0.833,1,0,1.0,0.0,6,-0.781831,0.62349,1,4.0,0.0,0.0,2.0,2.828,2.0,2.828,0.8,18.898541666666667,11
Jhansi Rani Square,2020-04-01,LOW,8.29,2020,4,3,0,1,3.0,3.0,13.0,13.0,1.0,8.0,1.083,2,0,0.866025,-0.5,2,0.974928,-0.222521,0,6.0,4.0,0.0,3.333,3.055,3.333,3.055,1.026,18.898541666666667,11
Jhansi Rani Square,2020-05-01,MEDIUM,25.41,2020,5,5,1,5,3.0,3.0,12.0,16.0,1.0,9.0,1.333,2,0,0.5,-0.866025,4,-0.433884,-0.900969,0,3.0,6.0,4.0,4.333,1.528,3.25,2.5,1.083,18.898541666666667,11
Jhansi Rani Square,2020-06-01,LOW,17.68,2020,6,4,1,4,5.0,5.0,11.0,21.0,2.0,14.0,1.75,2,0,0.0,-1.0,0,0.0,1.0,0,3.0,3.0,6.0,4.0,1.732,3.2,2.168,0.762,18.898541666666667,11
Jhansi Rani Square,2020-07-01,LOW,9.94,2020,7,3,0,2,4.0,4.0,12.0,25.0,3.0,18.0,2.083,3,0,-0.5,-0.866025,2,0.974928,-0.222521,0,5.0,3.0,3.0,3.667,1.155,3.5,2.074,0.587,18.898541666666667,11
Jhansi Rani Square,2020-08-01,MEDIUM,26.52,2020,8,9,0,7,3.0,3.0,12.0,28.0,3.0,20.0,2.333,3,0,-0.866025,-0.5,5,-0.974928,-0.222521,1,4.0,5.0,3.0,4.0,1.0,4.167,1.169,0.571,18.898541666666667,11
Jhansi Rani Square,2020-09-01,LOW,4.42,2020,9,1,0,1,9.0,9.0,16.0,37.0,3.0,27.0,3.083,3,0,-1.0,-0.0,1,0.781831,0.62349,0,3.0,4.0,5.0,4.0,1.0,4.0,1.265,0.432,18.898541666666667,11
Jhansi Rani Square,2020-10-01,MEDIUM,38.12,2020,10,9,1,7,1.0,1.0,13.0,38.0,3.0,28.0,3.167,4,0,-0.866025,0.5,3,0.433884,-0.900969,0,9.0,3.0,4.0,5.333,3.215,4.5,2.345,0.561,18.898541666666667,11
Jhansi Rani Square,2020-11-01,LOW,22.65,2020,11,4,1,2,9.0,9.0,19.0,47.0,4.0,35.0,3.917,4,0,-0.5,0.866025,6,-0.781831,0.62349,1,1.0,9.0,3.0,4.333,4.163,4.167,2.714,0.369,18.898541666666667,11
Jhansi Rani Square,2020-12-01,LOW,20.99,2020,12,7,0,6,4.0,4.0,14.0,51.0,5.0,37.0,4.25,4,0,-0.0,1.0,1,0.781831,0.62349,0,9.0,1.0,9.0,6.333,4.619,5.167,3.251,0.497,18.898541666666667,11
Jhansi Rani Square,2021-01-01,LOW,16.02,2021,1,4,0,4,7.0,7.0,20.0,58.0,5.0,43.0,4.833,1,1,0.5,0.866025,4,-0.433884,-0.900969,0,4.0,9.0,1.0,4.667,4.041,5.0,3.286,0.322,18.898541666666667,11
Jhansi Rani Square,2021-02-01,MEDIUM,31.49,2021,2,6,0,5,4.0,4.0,15.0,58.0,5.0,46.0,4.833,1,0,0.866025,0.5,0,0.0,1.0,0,7.0,4.0,9.0,6.667,2.517,5.5,3.332,0.46,18.898541666666667,11
Jhansi Rani Square,2021-03-01,LOW,8.29,2021,3,3,0,3,6.0,6.0,17.0,58.0,4.0,46.0,4.833,1,0,1.0,0.0,0,0.0,1.0,0,4.0,7.0,4.0,5.0,1.732,5.667,3.204,0.345,18.898541666666667,11
Jhansi Rani Square,2021-04-01,LOW,0.0,2021,4,0,0,0,3.0,3.0,13.0,58.0,4.0,47.0,4.833,2,0,0.866025,-0.5,3,0.433884,-0.900969,0,6.0,4.0,7.0,5.667,1.528,5.167,2.787,0.391,18.898541666666667,11
Jhansi Rani Square,2021-05-01,LOW,19.89,2021,5,6,0,5,0.0,0.0,9.0,55.0,4.0,46.0,4.583,2,0,0.5,-0.866025,5,-0.974928,-0.222521,1,3.0,6.0,4.0,4.333,1.528,5.5,2.258,0.315,18.898541666666667,11
Jhansi Rani Square,2021-06-01,LOW,24.31,2021,6,7,0,4,6.0,6.0,9.0,56.0,3.0,46.0,4.667,2,0,0.0,-1.0,1,0.781831,0.62349,0,0.0,3.0,6.0,3.0,3.0,4.0,2.449,0.214,18.898541666666667,11
Jhansi Rani Square,2021-07-01,LOW,20.44,2021,7,5,0,4,7.0,7.0,13.0,59.0,2.0,46.0,4.917,3,0,-0.5,-0.866025,3,0.433884,-0.900969,0,6.0,0.0,3.0,3.0,3.0,4.333,2.582,0.203,18.898541666666667,11
Jhansi Rani Square,2021-08-01,LOW,3.87,2021,8,2,0,1,5.0,5.0,18.0,61.0,2.0,48.0,5.083,3,0,-0.866025,-0.5,6,-0.781831,0.62349,1,7.0,6.0,0.0,4.333,3.786,4.333,2.582,0.284,18.898541666666667,11
Jhansi Rani Square,2021-09-01,LOW,16.02,2021,9,4,1,3,2.0,2.0,14.0,54.0,2.0,42.0,4.5,3,0,-1.0,-0.0,2,0.974928,-0.222521,0,5.0,7.0,6.0,6.0,1.0,4.5,2.588,0.444,18.898541666666667,11
Jhansi Rani Square,2021-10-01,LOW,11.6,2021,10,3,0,3,4.0,4.0,11.0,57.0,3.0,44.0,4.75,4,0,-0.866025,0.5,4,-0.433884,-0.900969,0,2.0,5.0,7.0,4.667,2.517,3.833,2.639,0.328,18.898541666666667,11
Jhansi Rani Square,2021-11-01,LOW,17.13,2021,11,5,0,5,3.0,3.0,9.0,51.0,2.0,40.0,4.25,4,0,-0.5,0.866025,0,0.0,1.0,0,4.0,2.0,5.0,3.667,1.528,4.0,2.608,0.288,18.898541666666667,11
Jhansi Rani Square,2021-12-01,LOW,3.87,2021,12,2,0,1,5.0,5.0,12.0,52.0,1.0,43.0,4.333,4,0,-0.0,1.0,2,0.974928,-0.222521,0,3.0,4.0,2.0,3.0,1.0,4.5,1.871,0.231,18.898541666666667,11
Jhansi Rani Square,2022-01-01,LOW,13.81,2022,1,8,0,3,2.0,2.0,10.0,47.0,1.0,38.0,3.917,1,1,0.5,0.866025,5,-0.974928,-0.222521,1,5.0,3.0,4.0,4.0,1.0,4.333,1.751,0.34,18.898541666666667,11
Jhansi Rani Square,2022-02-01,LOW,11.05,2022,2,4,0,1,8.0,8.0,15.0,51.0,1.0,37.0,4.25,1,0,0.866025,0.5,1,0.781831,0.62349,0,2.0,5.0,3.0,3.333,1.528,3.5,1.378,0.261,18.898541666666667,11
Jhansi Rani Square,2022-03-01,LOW,16.57,2022,3,3,0,3,4.0,4.0,14.0,49.0,1.0,33.0,4.083,1,0,1.0,0.0,1,0.781831,0.62349,0,8.0,2.0,5.0,5.0,3.0,4.0,2.28,0.408,18.898541666666667,11
Jhansi Rani Square,2022-04-01,LOW,23.2,2022,4,6,1,4,3.0,3.0,15.0,49.0,1.0,33.0,4.083,2,0,0.866025,-0.5,4,-0.433884,-0.900969,0,4.0,8.0,2.0,4.667,3.055,4.333,2.066,0.381,18.898541666666667,11
Jhansi Rani Square,2022-05-01,LOW,15.47,2022,5,8,0,3,6.0,6.0,13.0,55.0,2.0,37.0,4.583,2,0,0.5,-0.866025,6,-0.781831,0.62349,1,3.0,4.0,8.0,5.0,2.646,4.167,2.137,0.364,18.898541666666667,11
Jhansi Rani Square,2022-06-01,LOW,11.05,2022,6,4,0,3,8.0,8.0,17.0,57.0,2.0,35.0,4.75,2,0,0.0,-1.0,2,0.974928,-0.222521,0,6.0,3.0,4.0,4.333,1.528,4.667,2.16,0.304,18.898541666666667,11
Jhansi Rani Square,2022-07-01,LOW,19.89,2022,7,9,0,6,4.0,4.0,18.0,54.0,2.0,34.0,4.5,3,0,-0.5,-0.866025,4,-0.433884,-0.900969,0,8.0,6.0,3.0,5.667,2.517,5.167,2.563,0.42,18.898541666666667,11
Jhansi Rani Square,2022-08-01,LOW,11.6,2022,8,6,0,2,9.0,9.0,21.0,58.0,2.0,36.0,4.833,3,0,-0.866025,-0.5,0,0.0,1.0,0,4.0,8.0,6.0,6.0,2.0,5.5,2.168,0.414,18.898541666666667,11
Jhansi Rani Square,2022-09-01,LOW,7.73,2022,9,4,0,2,6.0,6.0,19.0,62.0,2.0,37.0,5.167,3,0,-1.0,-0.0,3,0.433884,-0.900969,0,9.0,4.0,8.0,7.0,2.646,5.667,2.422,0.452,18.898541666666667,11
Jhansi Rani Square,2022-10-01,LOW,15.47,2022,10,5,0,4,4.0,4.0,19.0,62.0,1.0,36.0,5.167,4,0,-0.866025,0.5,5,-0.974928,-0.222521,1,6.0,9.0,4.0,6.333,2.517,6.0,2.28,0.409,18.898541666666667,11
Jhansi Rani Square,2022-11-01,MEDIUM,27.07,2022,11,8,1,4,5.0,5.0,15.0,64.0,1.0,37.0,5.333,4,0,-0.5,0.866025,1,0.781831,0.62349,0,4.0,6.0,9.0,6.333,2.517,6.167,2.041,0.396,18.898541666666667,11
Jhansi Rani Square,2022-12-01,LOW,18.78,2022,12,5,0,3,8.0,8.0,17.0,67.0,2.0,36.0,5.583,4,0,-0.0,1.0,3,0.433884,-0.900969,0,5.0,4.0,6.0,5.0,1.0,6.0,2.098,0.299,18.898541666666667,11
Jhansi Rani Square,2023-01-01,LOW,7.18,2023,1,2,0,1,5.0,5.0,18.0,70.0,2.0,38.0,5.833,1,1,0.5,0.866025,6,-0.781831,0.62349,1,8.0,5.0,4.0,5.667,2.082,6.0,2.098,0.324,18.898541666666667,11
Jhansi Rani Square,2023-02-01,LOW,17.68,2023,2,7,0,5,2.0,2.0,15.0,64.0,2.0,36.0,5.333,1,0,0.866025,0.5,2,0.974928,-0.222521,0,5.0,8.0,5.0,6.0,1.732,6.167,1.941,0.375,18.898541666666667,11
Jhansi Rani Square,2023-03-01,LOW,11.6,2023,3,3,0,3,7.0,7.0,14.0,67.0,2.0,40.0,5.583,1,0,1.0,0.0,2,0.974928,-0.222521,0,2.0,5.0,8.0,5.0,3.0,5.0,2.0,0.299,18.898541666666667,11
Jhansi Rani Square,2023-04-01,MEDIUM,48.62,2023,4,11,1,8,3.0,3.0,12.0,67.0,2.0,40.0,5.583,2,0,0.866025,-0.5,5,-0.974928,-0.222521,1,7.0,2.0,5.0,4.667,2.517,5.167,2.137,0.279,18.898541666666667,11
Jhansi Rani Square,2023-05-01,LOW,15.47,2023,5,5,0,4,11.0,11.0,21.0,72.0,2.0,44.0,6.0,2,0,0.5,-0.866025,0,0.0,1.0,0,3.0,7.0,2.0,4.0,2.646,5.0,2.28,0.222,18.898541666666667,11
Jhansi Rani Square,2023-06-01,LOW,11.05,2023,6,4,0,3,5.0,5.0,19.0,69.0,2.0,45.0,5.75,2,0,0.0,-1.0,3,0.433884,-0.900969,0,11.0,3.0,7.0,7.0,4.0,6.0,3.347,0.406,18.898541666666667,11
Jhansi Rani Square,2023-07-01,MEDIUM,38.12,2023,7,12,0,7,4.0,4.0,20.0,69.0,2.0,45.0,5.75,3,0,-0.5,-0.866025,5,-0.974928,-0.222521,1,5.0,11.0,3.0,6.333,4.163,5.5,3.209,0.367,18.898541666666667,11
Jhansi Rani Square,2023-08-01,LOW,18.78,2023,8,5,0,4,12.0,12.0,21.0,72.0,2.0,46.0,6.0,3,0,-0.866025,-0.5,1,0.781831,0.62349,0,4.0,5.0,11.0,6.667,3.786,5.333,3.266,0.37,18.898541666666667,11
Jhansi Rani Square,2023-09-01,HIGH,51.38,2023,9,15,0,10,5.0,5.0,21.0,71.0,2.0,48.0,5.917,3,0,-1.0,-0.0,4,-0.433884,-0.900969,0,12.0,4.0,5.0,7.0,4.359,7.0,3.742,0.394,18.898541666666667,11
Jhansi Rani Square,2023-10-01,MEDIUM,40.88,2023,10,13,0,8,15.0,15.0,32.0,82.0,2.0,56.0,6.833,4,0,-0.866025,0.5,6,-0.781831,0.62349,1,5.0,12.0,4.0,7.0,4.359,6.667,3.83,0.341,18.898541666666667,11
Jhansi Rani Square,2023-11-01,MEDIUM,33.15,2023,11,9,1,7,13.0,13.0,33.0,90.0,2.0,60.0,7.5,4,0,-0.5,0.866025,2,0.974928,-0.222521,0,15.0,5.0,12.0,10.667,5.132,8.667,4.59,0.474,18.898541666666667,11
Jhansi Rani Square,2023-12-01,MEDIUM,33.7,2023,12,8,1,7,9.0,9.0,37.0,91.0,2.0,63.0,7.583,4,0,-0.0,1.0,4,-0.433884,-0.900969,0,13.0,15.0,5.0,11.0,5.292,9.0,4.858,0.484,18.898541666666667,11
KDK College Chowk,2020-01-01,LOW,0.0,2020,1,0,0,0,0.0,0.0,0.0,0.0,0.0,0.0,0.0,1,1,0.5,0.866025,2,0.974928,-0.222521,0,0.0,0.0,0.0,0.0,0.0,0.0,0.0,0.0,0.0,12
KDK College Chowk,2020-02-01,LOW,0.0,2020,2,0,0,0,0.0,0.0,0.0,0.0,0.0,0.0,0.0,1,0,0.866025,0.5,5,-0.974928,-0.222521,1,0.0,0.0,0.0,0.0,0.0,0.0,0.0,0.0,0.0,12
KDK College Chowk,2020-03-01,LOW,0.0,2020,3,0,0,0,0.0,0.0,0.0,0.0,0.0,0.0,0.0,1,0,1.0,0.0,6,-0.781831,0.62349,1,0.0,0.0,0.0,0.0,0.0,0.0,0.0,0.0,0.0,12
KDK College Chowk,2020-04-01,LOW,0.0,2020,4,0,0,0,0.0,0.0,0.0,0.0,0.0,0.0,0.0,2,0,0.866025,-0.5,2,0.974928,-0.222521,0,0.0,0.0,0.0,0.0,0.0,0.0,0.0,0.0,0.0,12
KDK College Chowk,2020-05-01,LOW,0.0,2020,5,0,0,0,0.0,0.0,0.0,0.0,0.0,0.0,0.0,2,0,0.5,-0.866025,4,-0.433884,-0.900969,0,0.0,0.0,0.0,0.0,0.0,0.0,0.0,0.0,0.0,12
KDK College Chowk,2020-06-01,LOW,0.0,2020,6,0,0,0,0.0,0.0,0.0,0.0,0.0,0.0,0.0,2,0,0.0,-1.0,0,0.0,1.0,0,0.0,0.0,0.0,0.0,0.0,0.0,0.0,0.0,0.0,12
KDK College Chowk,2020-07-01,LOW,0.0,2020,7,0,0,0,0.0,0.0,0.0,0.0,0.0,0.0,0.0,3,0,-0.5,-0.866025,2,0.974928,-0.222521,0,0.0,0.0,0.0,0.0,0.0,0.0,0.0,0.0,0.0,12
KDK College Chowk,2020-08-01,LOW,0.0,2020,8,0,0,0,0.0,0.0,0.0,0.0,0.0,0.0,0.0,3,0,-0.866025,-0.5,5,-0.974928,-0.222521,1,0.0,0.0,0.0,0.0,0.0,0.0,0.0,0.0,0.0,12
KDK College Chowk,2020-09-01,LOW,0.0,2020,9,0,0,0,0.0,0.0,0.0,0.0,0.0,0.0,0.0,3,0,-1.0,-0.0,1,0.781831,0.62349,0,0.0,0.0,0.0,0.0,0.0,0.0,0.0,0.0,0.0,12
KDK College Chowk,2020-10-01,LOW,0.0,2020,10,0,0,0,0.0,0.0,0.0,0.0,0.0,0.0,0.0,4,0,-0.866025,0.5,3,0.433884,-0.900969,0,0.0,0.0,0.0,0.0,0.0,0.0,0.0,0.0,0.0,12
KDK College Chowk,2020-11-01,LOW,0.0,2020,11,0,0,0,0.0,0.0,0.0,0.0,0.0,0.0,0.0,4,0,-0.5,0.866025,6,-0.781831,0.62349,1,0.0,0.0,0.0,0.0,0.0,0.0,0.0,0.0,0.0,12
KDK College Chowk,2020-12-01,LOW,0.0,2020,12,0,0,0,0.0,0.0,0.0,0.0,0.0,0.0,0.0,4,0,-0.0,1.0,1,0.781831,0.62349,0,0.0,0.0,0.0,0.0,0.0,0.0,0.0,0.0,0.0,12
KDK College Chowk,2021-01-01,LOW,0.0,2021,1,0,0,0,0.0,0.0,0.0,0.0,0.0,0.0,0.0,1,1,0.5,0.866025,4,-0.433884,-0.900969,0,0.0,0.0,0.0,0.0,0.0,0.0,0.0,0.0,0.0,12
KDK College Chowk,2021-02-01,LOW,0.0,2021,2,0,0,0,0.0,0.0,0.0,0.0,0.0,0.0,0.0,1,0,0.866025,0.5,0,0.0,1.0,0,0.0,0.0,0.0,0.0,0.0,0.0,0.0,0.0,0.0,12
KDK College Chowk,2021-03-01,LOW,0.0,2021,3,0,0,0,0.0,0.0,0.0,0.0,0.0,0.0,0.0,1,0,1.0,0.0,0,0.0,1.0,0,0.0,0.0,0.0,0.0,0.0,0.0,0.0,0.0,0.0,12
KDK College Chowk,2021-04-01,LOW,0.0,2021,4,0,0,0,0.0,0.0,0.0,0.0,0.0,0.0,0.0,2,0,0.866025,-0.5,3,0.433884,-0.900969,0,0.0,0.0,0.0,0.0,0.0,0.0,0.0,0.0,0.0,12
KDK College Chowk,2021-05-01,LOW,0.0,2021,5,0,0,0,0.0,0.0,0.0,0.0,0.0,0.0,0.0,2,0,0.5,-0.866025,5,-0.974928,-0.222521,1,0.0,0.0,0.0,0.0,0.0,0.0,0.0,0.0,0.0,12
KDK College Chowk,2021-06-01,LOW,0.0,2021,6,0,0,0,0.0,0.0,0.0,0.0,0.0,0.0,0.0,2,0,0.0,-1.0,1,0.781831,0.62349,0,0.0,0.0,0.0,0.0,0.0,0.0,0.0,0.0,0.0,12
KDK College Chowk,2021-07-01,LOW,0.0,2021,7,0,0,0,0.0,0.0,0.0,0.0,0.0,0.0,0.0,3,0,-0.5,-0.866025,3,0.433884,-0.900969,0,0.0,0.0,0.0,0.0,0.0,0.0,0.0,0.0,0.0,12
KDK College Chowk,2021-08-01,LOW,0.0,2021,8,0,0,0,0.0,0.0,0.0,0.0,0.0,0.0,0.0,3,0,-0.866025,-0.5,6,-0.781831,0.62349,1,0.0,0.0,0.0,0.0,0.0,0.0,0.0,0.0,0.0,12
KDK College Chowk,2021-09-01,LOW,0.0,2021,9,0,0,0,0.0,0.0,0.0,0.0,0.0,0.0,0.0,3,0,-1.0,-0.0,2,0.974928,-0.222521,0,0.0,0.0,0.0,0.0,0.0,0.0,0.0,0.0,0.0,12
KDK College Chowk,2021-10-01,LOW,0.0,2021,10,0,0,0,0.0,0.0,0.0,0.0,0.0,0.0,0.0,4,0,-0.866025,0.5,4,-0.433884,-0.900969,0,0.0,0.0,0.0,0.0,0.0,0.0,0.0,0.0,0.0,12
KDK College Chowk,2021-11-01,LOW,0.0,2021,11,0,0,0,0.0,0.0,0.0,0.0,0.0,0.0,0.0,4,0,-0.5,0.866025,0,0.0,1.0,0,0.0,0.0,0.0,0.0,0.0,0.0,0.0,0.0,0.0,12
KDK College Chowk,2021-12-01,LOW,0.0,2021,12,0,0,0,0.0,0.0,0.0,0.0,0.0,0.0,0.0,4,0,-0.0,1.0,2,0.974928,-0.222521,0,0.0,0.0,0.0,0.0,0.0,0.0,0.0,0.0,0.0,12
KDK College Chowk,2022-01-01,LOW,0.0,2022,1,0,0,0,0.0,0.0,0.0,0.0,0.0,0.0,0.0,1,1,0.5,0.866025,5,-0.974928,-0.222521,1,0.0,0.0,0.0,0.0,0.0,0.0,0.0,0.0,0.0,12
KDK College Chowk,2022-02-01,LOW,0.0,2022,2,0,0,0,0.0,0.0,0.0,0.0,0.0,0.0,0.0,1,0,0.866025,0.5,1,0.781831,0.62349,0,0.0,0.0,0.0,0.0,0.0,0.0,0.0,0.0,0.0,12
KDK College Chowk,2022-03-01,LOW,0.0,2022,3,0,0,0,0.0,0.0,0.0,0.0,0.0,0.0,0.0,1,0,1.0,0.0,1,0.781831,0.62349,0,0.0,0.0,0.0,0.0,0.0,0.0,0.0,0.0,0.0,12
KDK College Chowk,2022-04-01,LOW,0.0,2022,4,0,0,0,0.0,0.0,0.0,0.0,0.0,0.0,0.0,2,0,0.866025,-0.5,4,-0.433884,-0.900969,0,0.0,0.0,0.0,0.0,0.0,0.0,0.0,0.0,0.0,12
KDK College Chowk,2022-05-01,LOW,0.0,2022,5,0,0,0,0.0,0.0,0.0,0.0,0.0,0.0,0.0,2,0,0.5,-0.866025,6,-0.781831,0.62349,1,0.0,0.0,0.0,0.0,0.0,0.0,0.0,0.0,0.0,12
KDK College Chowk,2022-06-01,LOW,0.0,2022,6,0,0,0,0.0,0.0,0.0,0.0,0.0,0.0,0.0,2,0,0.0,-1.0,2,0.974928,-0.222521,0,0.0,0.0,0.0,0.0,0.0,0.0,0.0,0.0,0.0,12
KDK College Chowk,2022-07-01,LOW,0.0,2022,7,0,0,0,0.0,0.0,0.0,0.0,0.0,0.0,0.0,3,0,-0.5,-0.866025,4,-0.433884,-0.900969,0,0.0,0.0,0.0,0.0,0.0,0.0,0.0,0.0,0.0,12
KDK College Chowk,2022-08-01,LOW,0.0,2022,8,0,0,0,0.0,0.0,0.0,0.0,0.0,0.0,0.0,3,0,-0.866025,-0.5,0,0.0,1.0,0,0.0,0.0,0.0,0.0,0.0,0.0,0.0,0.0,0.0,12
KDK College Chowk,2022-09-01,LOW,0.0,2022,9,0,0,0,0.0,0.0,0.0,0.0,0.0,0.0,0.0,3,0,-1.0,-0.0,3,0.433884,-0.900969,0,0.0,0.0,0.0,0.0,0.0,0.0,0.0,0.0,0.0,12
KDK College Chowk,2022-10-01,LOW,0.0,2022,10,0,0,0,0.0,0.0,0.0,0.0,0.0,0.0,0.0,4,0,-0.866025,0.5,5,-0.974928,-0.222521,1,0.0,0.0,0.0,0.0,0.0,0.0,0.0,0.0,0.0,12
KDK College Chowk,2022-11-01,LOW,0.0,2022,11,0,0,0,0.0,0.0,0.0,0.0,0.0,0.0,0.0,4,0,-0.5,0.866025,1,0.781831,0.62349,0,0.0,0.0,0.0,0.0,0.0,0.0,0.0,0.0,0.0,12
KDK College Chowk,2022-12-01,LOW,0.0,2022,12,0,0,0,0.0,0.0,0.0,0.0,0.0,0.0,0.0,4,0,-0.0,1.0,3,0.433884,-0.900969,0,0.0,0.0,0.0,0.0,0.0,0.0,0.0,0.0,0.0,12
KDK College Chowk,2023-01-01,LOW,0.0,2023,1,0,0,0,0.0,0.0,0.0,0.0,0.0,0.0,0.0,1,1,0.5,0.866025,6,-0.781831,0.62349,1,0.0,0.0,0.0,0.0,0.0,0.0,0.0,0.0,0.0,12
KDK College Chowk,2023-02-01,LOW,0.0,2023,2,0,0,0,0.0,0.0,0.0,0.0,0.0,0.0,0.0,1,0,0.866025,0.5,2,0.974928,-0.222521,0,0.0,0.0,0.0,0.0,0.0,0.0,0.0,0.0,0.0,12
KDK College Chowk,2023-03-01,LOW,0.0,2023,3,0,0,0,0.0,0.0,0.0,0.0,0.0,0.0,0.0,1,0,1.0,0.0,2,0.974928,-0.222521,0,0.0,0.0,0.0,0.0,0.0,0.0,0.0,0.0,0.0,12
KDK College Chowk,2023-04-01,LOW,0.0,2023,4,0,0,0,0.0,0.0,0.0,0.0,0.0,0.0,0.0,2,0,0.866025,-0.5,5,-0.974928,-0.222521,1,0.0,0.0,0.0,0.0,0.0,0.0,0.0,0.0,0.0,12
KDK College Chowk,2023-05-01,LOW,0.0,2023,5,0,0,0,0.0,0.0,0.0,0.0,0.0,0.0,0.0,2,0,0.5,-0.866025,0,0.0,1.0,0,0.0,0.0,0.0,0.0,0.0,0.0,0.0,0.0,0.0,12
KDK College Chowk,2023-06-01,LOW,0.0,2023,6,0,0,0,0.0,0.0,0.0,0.0,0.0,0.0,0.0,2,0,0.0,-1.0,3,0.433884,-0.900969,0,0.0,0.0,0.0,0.0,0.0,0.0,0.0,0.0,0.0,12
KDK College Chowk,2023-07-01,LOW,0.0,2023,7,0,0,0,0.0,0.0,0.0,0.0,0.0,0.0,0.0,3,0,-0.5,-0.866025,5,-0.974928,-0.222521,1,0.0,0.0,0.0,0.0,0.0,0.0,0.0,0.0,0.0,12
KDK College Chowk,2023-08-01,LOW,0.0,2023,8,0,0,0,0.0,0.0,0.0,0.0,0.0,0.0,0.0,3,0,-0.866025,-0.5,1,0.781831,0.62349,0,0.0,0.0,0.0,0.0,0.0,0.0,0.0,0.0,0.0,12
KDK College Chowk,2023-09-01,LOW,0.0,2023,9,0,0,0,0.0,0.0,0.0,0.0,0.0,0.0,0.0,3,0,-1.0,-0.0,4,-0.433884,-0.900969,0,0.0,0.0,0.0,0.0,0.0,0.0,0.0,0.0,0.0,12
KDK College Chowk,2023-10-01,LOW,0.0,2023,10,0,0,0,0.0,0.0,0.0,0.0,0.0,0.0,0.0,4,0,-0.866025,0.5,6,-0.781831,0.62349,1,0.0,0.0,0.0,0.0,0.0,0.0,0.0,0.0,0.0,12
KDK College Chowk,2023-11-01,LOW,0.0,2023,11,0,0,0,0.0,0.0,0.0,0.0,0.0,0.0,0.0,4,0,-0.5,0.866025,2,0.974928,-0.222521,0,0.0,0.0,0.0,0.0,0.0,0.0,0.0,0.0,0.0,12
KDK College Chowk,2023-12-01,LOW,0.0,2023,12,0,0,0,0.0,0.0,0.0,0.0,0.0,0.0,0.0,4,0,-0.0,1.0,4,-0.433884,-0.900969,0,0.0,0.0,0.0,0.0,0.0,0.0,0.0,0.0,0.0,12
Kalamna Market Chowk,2020-01-01,LOW,0.0,2020,1,0,0,0,0.0,0.0,0.0,0.0,0.0,0.0,0.0,1,1,0.5,0.866025,2,0.974928,-0.222521,0,0.0,0.0,0.0,0.0,0.0,0.0,0.0,0.0,0.0,13
Kalamna Market Chowk,2020-02-01,LOW,0.0,2020,2,0,0,0,0.0,0.0,0.0,0.0,0.0,0.0,0.0,1,0,0.866025,0.5,5,-0.974928,-0.222521,1,0.0,0.0,0.0,0.0,0.0,0.0,0.0,0.0,0.0,13
Kalamna Market Chowk,2020-03-01,LOW,0.0,2020,3,0,0,0,0.0,0.0,0.0,0.0,0.0,0.0,0.0,1,0,1.0,0.0,6,-0.781831,0.62349,1,0.0,0.0,0.0,0.0,0.0,0.0,0.0,0.0,0.0,13
Kalamna Market Chowk,2020-04-01,LOW,0.0,2020,4,0,0,0,0.0,0.0,0.0,0.0,0.0,0.0,0.0,2,0,0.866025,-0.5,2,0.974928,-0.222521,0,0.0,0.0,0.0,0.0,0.0,0.0,0.0,0.0,0.0,13
Kalamna Market Chowk,2020-05-01,LOW,0.0,2020,5,0,0,0,0.0,0.0,0.0,0.0,0.0,0.0,0.0,2,0,0.5,-0.866025,4,-0.433884,-0.900969,0,0.0,0.0,0.0,0.0,0.0,0.0,0.0,0.0,0.0,13
Kalamna Market Chowk,2020-06-01,LOW,0.0,2020,6,0,0,0,0.0,0.0,0.0,0.0,0.0,0.0,0.0,2,0,0.0,-1.0,0,0.0,1.0,0,0.0,0.0,0.0,0.0,0.0,0.0,0.0,0.0,0.0,13
Kalamna Market Chowk,2020-07-01,LOW,0.0,2020,7,0,0,0,0.0,0.0,0.0,0.0,0.0,0.0,0.0,3,0,-0.5,-0.866025,2,0.974928,-0.222521,0,0.0,0.0,0.0,0.0,0.0,0.0,0.0,0.0,0.0,13
Kalamna Market Chowk,2020-08-01,LOW,0.0,2020,8,0,0,0,0.0,0.0,0.0,0.0,0.0,0.0,0.0,3,0,-0.866025,-0.5,5,-0.974928,-0.222521,1,0.0,0.0,0.0,0.0,0.0,0.0,0.0,0.0,0.0,13
Kalamna Market Chowk,2020-09-01,LOW,0.0,2020,9,0,0,0,0.0,0.0,0.0,0.0,0.0,0.0,0.0,3,0,-1.0,-0.0,1,0.781831,0.62349,0,0.0,0.0,0.0,0.0,0.0,0.0,0.0,0.0,0.0,13
Kalamna Market Chowk,2020-10-01,LOW,0.0,2020,10,0,0,0,0.0,0.0,0.0,0.0,0.0,0.0,0.0,4,0,-0.866025,0.5,3,0.433884,-0.900969,0,0.0,0.0,0.0,0.0,0.0,0.0,0.0,0.0,0.0,13
Kalamna Market Chowk,2020-11-01,LOW,0.0,2020,11,0,0,0,0.0,0.0,0.0,0.0,0.0,0.0,0.0,4,0,-0.5,0.866025,6,-0.781831,0.62349,1,0.0,0.0,0.0,0.0,0.0,0.0,0.0,0.0,0.0,13
Kalamna Market Chowk,2020-12-01,LOW,0.0,2020,12,0,0,0,0.0,0.0,0.0,0.0,0.0,0.0,0.0,4,0,-0.0,1.0,1,0.781831,0.62349,0,0.0,0.0,0.0,0.0,0.0,0.0,0.0,0.0,0.0,13
Kalamna Market Chowk,2021-01-01,LOW,0.0,2021,1,0,0,0,0.0,0.0,0.0,0.0,0.0,0.0,0.0,1,1,0.5,0.866025,4,-0.433884,-0.900969,0,0.0,0.0,0.0,0.0,0.0,0.0,0.0,0.0,0.0,13
Kalamna Market Chowk,2021-02-01,LOW,0.0,2021,2,0,0,0,0.0,0.0,0.0,0.0,0.0,0.0,0.0,1,0,0.866025,0.5,0,0.0,1.0,0,0.0,0.0,0.0,0.0,0.0,0.0,0.0,0.0,0.0,13
Kalamna Market Chowk,2021-03-01,LOW,0.0,2021,3,0,0,0,0.0,0.0,0.0,0.0,0.0,0.0,0.0,1,0,1.0,0.0,0,0.0,1.0,0,0.0,0.0,0.0,0.0,0.0,0.0,0.0,0.0,0.0,13
Kalamna Market Chowk,2021-04-01,LOW,0.0,2021,4,0,0,0,0.0,0.0,0.0,0.0,0.0,0.0,0.0,2,0,0.866025,-0.5,3,0.433884,-0.900969,0,0.0,0.0,0.0,0.0,0.0,0.0,0.0,0.0,0.0,13
Kalamna Market Chowk,2021-05-01,LOW,0.0,2021,5,0,0,0,0.0,0.0,0.0,0.0,0.0,0.0,0.0,2,0,0.5,-0.866025,5,-0.974928,-0.222521,1,0.0,0.0,0.0,0.0,0.0,0.0,0.0,0.0,0.0,13
Kalamna Market Chowk,2021-06-01,LOW,0.0,2021,6,0,0,0,0.0,0.0,0.0,0.0,0.0,0.0,0.0,2,0,0.0,-1.0,1,0.781831,0.62349,0,0.0,0.0,0.0,0.0,0.0,0.0,0.0,0.0,0.0,13
Kalamna Market Chowk,2021-07-01,LOW,0.0,2021,7,0,0,0,0.0,0.0,0.0,0.0,0.0,0.0,0.0,3,0,-0.5,-0.866025,3,0.433884,-0.900969,0,0.0,0.0,0.0,0.0,0.0,0.0,0.0,0.0,0.0,13
Kalamna Market Chowk,2021-08-01,LOW,0.0,2021,8,0,0,0,0.0,0.0,0.0,0.0,0.0,0.0,0.0,3,0,-0.866025,-0.5,6,-0.781831,0.62349,1,0.0,0.0,0.0,0.0,0.0,0.0,0.0,0.0,0.0,13
Kalamna Market Chowk,2021-09-01,LOW,0.0,2021,9,0,0,0,0.0,0.0,0.0,0.0,0.0,0.0,0.0,3,0,-1.0,-0.0,2,0.974928,-0.222521,0,0.0,0.0,0.0,0.0,0.0,0.0,0.0,0.0,0.0,13
Kalamna Market Chowk,2021-10-01,LOW,0.0,2021,10,0,0,0,0.0,0.0,0.0,0.0,0.0,0.0,0.0,4,0,-0.866025,0.5,4,-0.433884,-0.900969,0,0.0,0.0,0.0,0.0,0.0,0.0,0.0,0.0,0.0,13
Kalamna Market Chowk,2021-11-01,LOW,0.0,2021,11,0,0,0,0.0,0.0,0.0,0.0,0.0,0.0,0.0,4,0,-0.5,0.866025,0,0.0,1.0,0,0.0,0.0,0.0,0.0,0.0,0.0,0.0,0.0,0.0,13
Kalamna Market Chowk,2021-12-01,LOW,0.0,2021,12,0,0,0,0.0,0.0,0.0,0.0,0.0,0.0,0.0,4,0,-0.0,1.0,2,0.974928,-0.222521,0,0.0,0.0,0.0,0.0,0.0,0.0,0.0,0.0,0.0,13
Kalamna Market Chowk,2022-01-01,LOW,0.0,2022,1,0,0,0,0.0,0.0,0.0,0.0,0.0,0.0,0.0,1,1,0.5,0.866025,5,-0.974928,-0.222521,1,0.0,0.0,0.0,0.0,0.0,0.0,0.0,0.0,0.0,13
Kalamna Market Chowk,2022-02-01,LOW,0.0,2022,2,0,0,0,0.0,0.0,0.0,0.0,0.0,0.0,0.0,1,0,0.866025,0.5,1,0.781831,0.62349,0,0.0,0.0,0.0,0.0,0.0,0.0,0.0,0.0,0.0,13
Kalamna Market Chowk,2022-03-01,LOW,0.0,2022,3,0,0,0,0.0,0.0,0.0,0.0,0.0,0.0,0.0,1,0,1.0,0.0,1,0.781831,0.62349,0,0.0,0.0,0.0,0.0,0.0,0.0,0.0,0.0,0.0,13
Kalamna Market Chowk,2022-04-01,LOW,0.0,2022,4,0,0,0,0.0,0.0,0.0,0.0,0.0,0.0,0.0,2,0,0.866025,-0.5,4,-0.433884,-0.900969,0,0.0,0.0,0.0,0.0,0.0,0.0,0.0,0.0,0.0,13
Kalamna Market Chowk,2022-05-01,LOW,0.0,2022,5,0,0,0,0.0,0.0,0.0,0.0,0.0,0.0,0.0,2,0,0.5,-0.866025,6,-0.781831,0.62349,1,0.0,0.0,0.0,0.0,0.0,0.0,0.0,0.0,0.0,13
Kalamna Market Chowk,2022-06-01,LOW,0.0,2022,6,0,0,0,0.0,0.0,0.0,0.0,0.0,0.0,0.0,2,0,0.0,-1.0,2,0.974928,-0.222521,0,0.0,0.0,0.0,0.0,0.0,0.0,0.0,0.0,0.0,13
Kalamna Market Chowk,2022-07-01,LOW,0.0,2022,7,0,0,0,0.0,0.0,0.0,0.0,0.0,0.0,0.0,3,0,-0.5,-0.866025,4,-0.433884,-0.900969,0,0.0,0.0,0.0,0.0,0.0,0.0,0.0,0.0,0.0,13
Kalamna Market Chowk,2022-08-01,LOW,0.0,2022,8,0,0,0,0.0,0.0,0.0,0.0,0.0,0.0,0.0,3,0,-0.866025,-0.5,0,0.0,1.0,0,0.0,0.0,0.0,0.0,0.0,0.0,0.0,0.0,0.0,13
Kalamna Market Chowk,2022-09-01,LOW,0.0,2022,9,0,0,0,0.0,0.0,0.0,0.0,0.0,0.0,0.0,3,0,-1.0,-0.0,3,0.433884,-0.900969,0,0.0,0.0,0.0,0.0,0.0,0.0,0.0,0.0,0.0,13
Kalamna Market Chowk,2022-10-01,LOW,0.0,2022,10,0,0,0,0.0,0.0,0.0,0.0,0.0,0.0,0.0,4,0,-0.866025,0.5,5,-0.974928,-0.222521,1,0.0,0.0,0.0,0.0,0.0,0.0,0.0,0.0,0.0,13
Kalamna Market Chowk,2022-11-01,LOW,0.0,2022,11,0,0,0,0.0,0.0,0.0,0.0,0.0,0.0,0.0,4,0,-0.5,0.866025,1,0.781831,0.62349,0,0.0,0.0,0.0,0.0,0.0,0.0,0.0,0.0,0.0,13
Kalamna Market Chowk,2022-12-01,LOW,0.0,2022,12,0,0,0,0.0,0.0,0.0,0.0,0.0,0.0,0.0,4,0,-0.0,1.0,3,0.433884,-0.900969,0,0.0,0.0,0.0,0.0,0.0,0.0,0.0,0.0,0.0,13
Kalamna Market Chowk,2023-01-01,LOW,0.0,2023,1,0,0,0,0.0,0.0,0.0,0.0,0.0,0.0,0.0,1,1,0.5,0.866025,6,-0.781831,0.62349,1,0.0,0.0,0.0,0.0,0.0,0.0,0.0,0.0,0.0,13
Kalamna Market Chowk,2023-02-01,LOW,0.0,2023,2,0,0,0,0.0,0.0,0.0,0.0,0.0,0.0,0.0,1,0,0.866025,0.5,2,0.974928,-0.222521,0,0.0,0.0,0.0,0.0,0.0,0.0,0.0,0.0,0.0,13
Kalamna Market Chowk,2023-03-01,LOW,0.0,2023,3,0,0,0,0.0,0.0,0.0,0.0,0.0,0.0,0.0,1,0,1.0,0.0,2,0.974928,-0.222521,0,0.0,0.0,0.0,0.0,0.0,0.0,0.0,0.0,0.0,13
Kalamna Market Chowk,2023-04-01,LOW,0.0,2023,4,0,0,0,0.0,0.0,0.0,0.0,0.0,0.0,0.0,2,0,0.866025,-0.5,5,-0.974928,-0.222521,1,0.0,0.0,0.0,0.0,0.0,0.0,0.0,0.0,0.0,13
Kalamna Market Chowk,2023-05-01,LOW,0.0,2023,5,0,0,0,0.0,0.0,0.0,0.0,0.0,0.0,0.0,2,0,0.5,-0.866025,0,0.0,1.0,0,0.0,0.0,0.0,0.0,0.0,0.0,0.0,0.0,0.0,13
Kalamna Market Chowk,2023-06-01,LOW,0.0,2023,6,0,0,0,0.0,0.0,0.0,0.0,0.0,0.0,0.0,2,0,0.0,-1.0,3,0.433884,-0.900969,0,0.0,0.0,0.0,0.0,0.0,0.0,0.0,0.0,0.0,13
Kalamna Market Chowk,2023-07-01,LOW,0.0,2023,7,0,0,0,0.0,0.0,0.0,0.0,0.0,0.0,0.0,3,0,-0.5,-0.866025,5,-0.974928,-0.222521,1,0.0,0.0,0.0,0.0,0.0,0.0,0.0,0.0,0.0,13
Kalamna Market Chowk,2023-08-01,LOW,0.0,2023,8,0,0,0,0.0,0.0,0.0,0.0,0.0,0.0,0.0,3,0,-0.866025,-0.5,1,0.781831,0.62349,0,0.0,0.0,0.0,0.0,0.0,0.0,0.0,0.0,0.0,13
Kalamna Market Chowk,2023-09-01,LOW,0.0,2023,9,0,0,0,0.0,0.0,0.0,0.0,0.0,0.0,0.0,3,0,-1.0,-0.0,4,-0.433884,-0.900969,0,0.0,0.0,0.0,0.0,0.0,0.0,0.0,0.0,0.0,13
Kalamna Market Chowk,2023-10-01,LOW,0.0,2023,10,0,0,0,0.0,0.0,0.0,0.0,0.0,0.0,0.0,4,0,-0.866025,0.5,6,-0.781831,0.62349,1,0.0,0.0,0.0,0.0,0.0,0.0,0.0,0.0,0.0,13
Kalamna Market Chowk,2023-11-01,LOW,0.0,2023,11,0,0,0,0.0,0.0,0.0,0.0,0.0,0.0,0.0,4,0,-0.5,0.866025,2,0.974928,-0.222521,0,0.0,0.0,0.0,0.0,0.0,0.0,0.0,0.0,0.0,13
Kalamna Market Chowk,2023-12-01,LOW,0.0,2023,12,0,0,0,0.0,0.0,0.0,0.0,0.0,0.0,0.0,4,0,-0.0,1.0,4,-0.433884,-0.900969,0,0.0,0.0,0.0,0.0,0.0,0.0,0.0,0.0,0.0,13
Khamla Square,2020-01-01,LOW,0.0,2020,1,0,0,0,0.0,0.0,0.0,0.0,0.0,0.0,0.0,1,1,0.5,0.866025,2,0.974928,-0.222521,0,0.0,0.0,0.0,0.0,0.0,0.0,0.0,0.0,0.0,14
Khamla Square,2020-02-01,LOW,0.0,2020,2,0,0,0,0.0,0.0,0.0,0.0,0.0,0.0,0.0,1,0,0.866025,0.5,5,-0.974928,-0.222521,1,0.0,0.0,0.0,0.0,0.0,0.0,0.0,0.0,0.0,14
Khamla Square,2020-03-01,LOW,0.0,2020,3,0,0,0,0.0,0.0,0.0,0.0,0.0,0.0,0.0,1,0,1.0,0.0,6,-0.781831,0.62349,1,0.0,0.0,0.0,0.0,0.0,0.0,0.0,0.0,0.0,14
Khamla Square,2020-04-01,LOW,0.0,2020,4,0,0,0,0.0,0.0,0.0,0.0,0.0,0.0,0.0,2,0,0.866025,-0.5,2,0.974928,-0.222521,0,0.0,0.0,0.0,0.0,0.0,0.0,0.0,0.0,0.0,14
Khamla Square,2020-05-01,LOW,0.0,2020,5,0,0,0,0.0,0.0,0.0,0.0,0.0,0.0,0.0,2,0,0.5,-0.866025,4,-0.433884,-0.900969,0,0.0,0.0,0.0,0.0,0.0,0.0,0.0,0.0,0.0,14
Khamla Square,2020-06-01,LOW,0.0,2020,6,0,0,0,0.0,0.0,0.0,0.0,0.0,0.0,0.0,2,0,0.0,-1.0,0,0.0,1.0,0,0.0,0.0,0.0,0.0,0.0,0.0,0.0,0.0,0.0,14
Khamla Square,2020-07-01,LOW,0.0,2020,7,0,0,0,0.0,0.0,0.0,0.0,0.0,0.0,0.0,3,0,-0.5,-0.866025,2,0.974928,-0.222521,0,0.0,0.0,0.0,0.0,0.0,0.0,0.0,0.0,0.0,14
Khamla Square,2020-08-01,LOW,0.0,2020,8,0,0,0,0.0,0.0,0.0,0.0,0.0,0.0,0.0,3,0,-0.866025,-0.5,5,-0.974928,-0.222521,1,0.0,0.0,0.0,0.0,0.0,0.0,0.0,0.0,0.0,14
Khamla Square,2020-09-01,LOW,0.0,2020,9,0,0,0,0.0,0.0,0.0,0.0,0.0,0.0,0.0,3,0,-1.0,-0.0,1,0.781831,0.62349,0,0.0,0.0,0.0,0.0,0.0,0.0,0.0,0.0,0.0,14
Khamla Square,2020-10-01,LOW,0.0,2020,10,0,0,0,0.0,0.0,0.0,0.0,0.0,0.0,0.0,4,0,-0.866025,0.5,3,0.433884,-0.900969,0,0.0,0.0,0.0,0.0,0.0,0.0,0.0,0.0,0.0,14
Khamla Square,2020-11-01,LOW,0.0,2020,11,0,0,0,0.0,0.0,0.0,0.0,0.0,0.0,0.0,4,0,-0.5,0.866025,6,-0.781831,0.62349,1,0.0,0.0,0.0,0.0,0.0,0.0,0.0,0.0,0.0,14
Khamla Square,2020-12-01,LOW,0.0,2020,12,0,0,0,0.0,0.0,0.0,0.0,0.0,0.0,0.0,4,0,-0.0,1.0,1,0.781831,0.62349,0,0.0,0.0,0.0,0.0,0.0,0.0,0.0,0.0,0.0,14
Khamla Square,2021-01-01,LOW,0.0,2021,1,0,0,0,0.0,0.0,0.0,0.0,0.0,0.0,0.0,1,1,0.5,0.866025,4,-0.433884,-0.900969,0,0.0,0.0,0.0,0.0,0.0,0.0,0.0,0.0,0.0,14
Khamla Square,2021-02-01,LOW,0.0,2021,2,0,0,0,0.0,0.0,0.0,0.0,0.0,0.0,0.0,1,0,0.866025,0.5,0,0.0,1.0,0,0.0,0.0,0.0,0.0,0.0,0.0,0.0,0.0,0.0,14
Khamla Square,2021-03-01,LOW,0.0,2021,3,0,0,0,0.0,0.0,0.0,0.0,0.0,0.0,0.0,1,0,1.0,0.0,0,0.0,1.0,0,0.0,0.0,0.0,0.0,0.0,0.0,0.0,0.0,0.0,14
Khamla Square,2021-04-01,LOW,0.0,2021,4,0,0,0,0.0,0.0,0.0,0.0,0.0,0.0,0.0,2,0,0.866025,-0.5,3,0.433884,-0.900969,0,0.0,0.0,0.0,0.0,0.0,0.0,0.0,0.0,0.0,14
Khamla Square,2021-05-01,LOW,0.0,2021,5,0,0,0,0.0,0.0,0.0,0.0,0.0,0.0,0.0,2,0,0.5,-0.866025,5,-0.974928,-0.222521,1,0.0,0.0,0.0,0.0,0.0,0.0,0.0,0.0,0.0,14
Khamla Square,2021-06-01,LOW,0.0,2021,6,0,0,0,0.0,0.0,0.0,0.0,0.0,0.0,0.0,2,0,0.0,-1.0,1,0.781831,0.62349,0,0.0,0.0,0.0,0.0,0.0,0.0,0.0,0.0,0.0,14
Khamla Square,2021-07-01,LOW,0.0,2021,7,0,0,0,0.0,0.0,0.0,0.0,0.0,0.0,0.0,3,0,-0.5,-0.866025,3,0.433884,-0.900969,0,0.0,0.0,0.0,0.0,0.0,0.0,0.0,0.0,0.0,14
Khamla Square,2021-08-01,LOW,0.0,2021,8,0,0,0,0.0,0.0,0.0,0.0,0.0,0.0,0.0,3,0,-0.866025,-0.5,6,-0.781831,0.62349,1,0.0,0.0,0.0,0.0,0.0,0.0,0.0,0.0,0.0,14
Khamla Square,2021-09-01,LOW,0.0,2021,9,0,0,0,0.0,0.0,0.0,0.0,0.0,0.0,0.0,3,0,-1.0,-0.0,2,0.974928,-0.222521,0,0.0,0.0,0.0,0.0,0.0,0.0,0.0,0.0,0.0,14
Khamla Square,2021-10-01,LOW,0.0,2021,10,0,0,0,0.0,0.0,0.0,0.0,0.0,0.0,0.0,4,0,-0.866025,0.5,4,-0.433884,-0.900969,0,0.0,0.0,0.0,0.0,0.0,0.0,0.0,0.0,0.0,14
Khamla Square,2021-11-01,LOW,0.0,2021,11,0,0,0,0.0,0.0,0.0,0.0,0.0,0.0,0.0,4,0,-0.5,0.866025,0,0.0,1.0,0,0.0,0.0,0.0,0.0,0.0,0.0,0.0,0.0,0.0,14
Khamla Square,2021-12-01,LOW,0.0,2021,12,0,0,0,0.0,0.0,0.0,0.0,0.0,0.0,0.0,4,0,-0.0,1.0,2,0.974928,-0.222521,0,0.0,0.0,0.0,0.0,0.0,0.0,0.0,0.0,0.0,14
Khamla Square,2022-01-01,LOW,0.0,2022,1,0,0,0,0.0,0.0,0.0,0.0,0.0,0.0,0.0,1,1,0.5,0.866025,5,-0.974928,-0.222521,1,0.0,0.0,0.0,0.0,0.0,0.0,0.0,0.0,0.0,14
Khamla Square,2022-02-01,LOW,0.0,2022,2,0,0,0,0.0,0.0,0.0,0.0,0.0,0.0,0.0,1,0,0.866025,0.5,1,0.781831,0.62349,0,0.0,0.0,0.0,0.0,0.0,0.0,0.0,0.0,0.0,14
Khamla Square,2022-03-01,LOW,0.0,2022,3,0,0,0,0.0,0.0,0.0,0.0,0.0,0.0,0.0,1,0,1.0,0.0,1,0.781831,0.62349,0,0.0,0.0,0.0,0.0,0.0,0.0,0.0,0.0,0.0,14
Khamla Square,2022-04-01,LOW,0.0,2022,4,0,0,0,0.0,0.0,0.0,0.0,0.0,0.0,0.0,2,0,0.866025,-0.5,4,-0.433884,-0.900969,0,0.0,0.0,0.0,0.0,0.0,0.0,0.0,0.0,0.0,14
Khamla Square,2022-05-01,LOW,0.0,2022,5,0,0,0,0.0,0.0,0.0,0.0,0.0,0.0,0.0,2,0,0.5,-0.866025,6,-0.781831,0.62349,1,0.0,0.0,0.0,0.0,0.0,0.0,0.0,0.0,0.0,14
Khamla Square,2022-06-01,LOW,0.0,2022,6,0,0,0,0.0,0.0,0.0,0.0,0.0,0.0,0.0,2,0,0.0,-1.0,2,0.974928,-0.222521,0,0.0,0.0,0.0,0.0,0.0,0.0,0.0,0.0,0.0,14
Khamla Square,2022-07-01,LOW,0.0,2022,7,0,0,0,0.0,0.0,0.0,0.0,0.0,0.0,0.0,3,0,-0.5,-0.866025,4,-0.433884,-0.900969,0,0.0,0.0,0.0,0.0,0.0,0.0,0.0,0.0,0.0,14
Khamla Square,2022-08-01,LOW,0.0,2022,8,0,0,0,0.0,0.0,0.0,0.0,0.0,0.0,0.0,3,0,-0.866025,-0.5,0,0.0,1.0,0,0.0,0.0,0.0,0.0,0.0,0.0,0.0,0.0,0.0,14
Khamla Square,2022-09-01,LOW,0.0,2022,9,0,0,0,0.0,0.0,0.0,0.0,0.0,0.0,0.0,3,0,-1.0,-0.0,3,0.433884,-0.900969,0,0.0,0.0,0.0,0.0,0.0,0.0,0.0,0.0,0.0,14
Khamla Square,2022-10-01,LOW,0.0,2022,10,0,0,0,0.0,0.0,0.0,0.0,0.0,0.0,0.0,4,0,-0.866025,0.5,5,-0.974928,-0.222521,1,0.0,0.0,0.0,0.0,0.0,0.0,0.0,0.0,0.0,14
Khamla Square,2022-11-01,LOW,0.0,2022,11,0,0,0,0.0,0.0,0.0,0.0,0.0,0.0,0.0,4,0,-0.5,0.866025,1,0.781831,0.62349,0,0.0,0.0,0.0,0.0,0.0,0.0,0.0,0.0,0.0,14
Khamla Square,2022-12-01,LOW,0.0,2022,12,0,0,0,0.0,0.0,0.0,0.0,0.0,0.0,0.0,4,0,-0.0,1.0,3,0.433884,-0.900969,0,0.0,0.0,0.0,0.0,0.0,0.0,0.0,0.0,0.0,14
Khamla Square,2023-01-01,LOW,0.0,2023,1,0,0,0,0.0,0.0,0.0,0.0,0.0,0.0,0.0,1,1,0.5,0.866025,6,-0.781831,0.62349,1,0.0,0.0,0.0,0.0,0.0,0.0,0.0,0.0,0.0,14
Khamla Square,2023-02-01,LOW,0.0,2023,2,0,0,0,0.0,0.0,0.0,0.0,0.0,0.0,0.0,1,0,0.866025,0.5,2,0.974928,-0.222521,0,0.0,0.0,0.0,0.0,0.0,0.0,0.0,0.0,0.0,14
Khamla Square,2023-03-01,LOW,0.0,2023,3,0,0,0,0.0,0.0,0.0,0.0,0.0,0.0,0.0,1,0,1.0,0.0,2,0.974928,-0.222521,0,0.0,0.0,0.0,0.0,0.0,0.0,0.0,0.0,0.0,14
Khamla Square,2023-04-01,LOW,0.0,2023,4,0,0,0,0.0,0.0,0.0,0.0,0.0,0.0,0.0,2,0,0.866025,-0.5,5,-0.974928,-0.222521,1,0.0,0.0,0.0,0.0,0.0,0.0,0.0,0.0,0.0,14
Khamla Square,2023-05-01,LOW,0.0,2023,5,0,0,0,0.0,0.0,0.0,0.0,0.0,0.0,0.0,2,0,0.5,-0.866025,0,0.0,1.0,0,0.0,0.0,0.0,0.0,0.0,0.0,0.0,0.0,0.0,14
Khamla Square,2023-06-01,LOW,0.0,2023,6,0,0,0,0.0,0.0,0.0,0.0,0.0,0.0,0.0,2,0,0.0,-1.0,3,0.433884,-0.900969,0,0.0,0.0,0.0,0.0,0.0,0.0,0.0,0.0,0.0,14
Khamla Square,2023-07-01,LOW,0.0,2023,7,0,0,0,0.0,0.0,0.0,0.0,0.0,0.0,0.0,3,0,-0.5,-0.866025,5,-0.974928,-0.222521,1,0.0,0.0,0.0,0.0,0.0,0.0,0.0,0.0,0.0,14
Khamla Square,2023-08-01,LOW,0.0,2023,8,0,0,0,0.0,0.0,0.0,0.0,0.0,0.0,0.0,3,0,-0.866025,-0.5,1,0.781831,0.62349,0,0.0,0.0,0.0,0.0,0.0,0.0,0.0,0.0,0.0,14
Khamla Square,2023-09-01,LOW,0.0,2023,9,0,0,0,0.0,0.0,0.0,0.0,0.0,0.0,0.0,3,0,-1.0,-0.0,4,-0.433884,-0.900969,0,0.0,0.0,0.0,0.0,0.0,0.0,0.0,0.0,0.0,14
Khamla Square,2023-10-01,LOW,0.0,2023,10,0,0,0,0.0,0.0,0.0,0.0,0.0,0.0,0.0,4,0,-0.866025,0.5,6,-0.781831,0.62349,1,0.0,0.0,0.0,0.0,0.0,0.0,0.0,0.0,0.0,14
Khamla Square,2023-11-01,LOW,0.0,2023,11,0,0,0,0.0,0.0,0.0,0.0,0.0,0.0,0.0,4,0,-0.5,0.866025,2,0.974928,-0.222521,0,0.0,0.0,0.0,0.0,0.0,0.0,0.0,0.0,0.0,14
Khamla Square,2023-12-01,LOW,0.0,2023,12,0,0,0,0.0,0.0,0.0,0.0,0.0,0.0,0.0,4,0,-0.0,1.0,4,-0.433884,-0.900969,0,0.0,0.0,0.0,0.0,0.0,0.0,0.0,0.0,0.0,14
Krida Chowk,2020-01-01,LOW,0.0,2020,1,0,0,0,0.0,0.0,0.0,0.0,0.0,0.0,0.0,1,1,0.5,0.866025,2,0.974928,-0.222521,0,0.0,0.0,0.0,0.0,0.0,0.0,0.0,0.0,0.0,15
Krida Chowk,2020-02-01,LOW,0.0,2020,2,0,0,0,0.0,0.0,0.0,0.0,0.0,0.0,0.0,1,0,0.866025,0.5,5,-0.974928,-0.222521,1,0.0,0.0,0.0,0.0,0.0,0.0,0.0,0.0,0.0,15
Krida Chowk,2020-03-01,LOW,0.0,2020,3,0,0,0,0.0,0.0,0.0,0.0,0.0,0.0,0.0,1,0,1.0,0.0,6,-0.781831,0.62349,1,0.0,0.0,0.0,0.0,0.0,0.0,0.0,0.0,0.0,15
Krida Chowk,2020-04-01,LOW,0.0,2020,4,0,0,0,0.0,0.0,0.0,0.0,0.0,0.0,0.0,2,0,0.866025,-0.5,2,0.974928,-0.222521,0,0.0,0.0,0.0,0.0,0.0,0.0,0.0,0.0,0.0,15
Krida Chowk,2020-05-01,LOW,0.0,2020,5,0,0,0,0.0,0.0,0.0,0.0,0.0,0.0,0.0,2,0,0.5,-0.866025,4,-0.433884,-0.900969,0,0.0,0.0,0.0,0.0,0.0,0.0,0.0,0.0,0.0,15
Krida Chowk,2020-06-01,LOW,0.0,2020,6,0,0,0,0.0,0.0,0.0,0.0,0.0,0.0,0.0,2,0,0.0,-1.0,0,0.0,1.0,0,0.0,0.0,0.0,0.0,0.0,0.0,0.0,0.0,0.0,15
Krida Chowk,2020-07-01,LOW,0.0,2020,7,0,0,0,0.0,0.0,0.0,0.0,0.0,0.0,0.0,3,0,-0.5,-0.866025,2,0.974928,-0.222521,0,0.0,0.0,0.0,0.0,0.0,0.0,0.0,0.0,0.0,15
Krida Chowk,2020-08-01,LOW,0.0,2020,8,0,0,0,0.0,0.0,0.0,0.0,0.0,0.0,0.0,3,0,-0.866025,-0.5,5,-0.974928,-0.222521,1,0.0,0.0,0.0,0.0,0.0,0.0,0.0,0.0,0.0,15
Krida Chowk,2020-09-01,LOW,0.0,2020,9,0,0,0,0.0,0.0,0.0,0.0,0.0,0.0,0.0,3,0,-1.0,-0.0,1,0.781831,0.62349,0,0.0,0.0,0.0,0.0,0.0,0.0,0.0,0.0,0.0,15
Krida Chowk,2020-10-01,LOW,0.0,2020,10,0,0,0,0.0,0.0,0.0,0.0,0.0,0.0,0.0,4,0,-0.866025,0.5,3,0.433884,-0.900969,0,0.0,0.0,0.0,0.0,0.0,0.0,0.0,0.0,0.0,15
Krida Chowk,2020-11-01,LOW,0.0,2020,11,0,0,0,0.0,0.0,0.0,0.0,0.0,0.0,0.0,4,0,-0.5,0.866025,6,-0.781831,0.62349,1,0.0,0.0,0.0,0.0,0.0,0.0,0.0,0.0,0.0,15
Krida Chowk,2020-12-01,LOW,0.0,2020,12,0,0,0,0.0,0.0,0.0,0.0,0.0,0.0,0.0,4,0,-0.0,1.0,1,0.781831,0.62349,0,0.0,0.0,0.0,0.0,0.0,0.0,0.0,0.0,0.0,15
Krida Chowk,2021-01-01,LOW,0.0,2021,1,0,0,0,0.0,0.0,0.0,0.0,0.0,0.0,0.0,1,1,0.5,0.866025,4,-0.433884,-0.900969,0,0.0,0.0,0.0,0.0,0.0,0.0,0.0,0.0,0.0,15
Krida Chowk,2021-02-01,LOW,0.0,2021,2,0,0,0,0.0,0.0,0.0,0.0,0.0,0.0,0.0,1,0,0.866025,0.5,0,0.0,1.0,0,0.0,0.0,0.0,0.0,0.0,0.0,0.0,0.0,0.0,15
Krida Chowk,2021-03-01,LOW,0.0,2021,3,0,0,0,0.0,0.0,0.0,0.0,0.0,0.0,0.0,1,0,1.0,0.0,0,0.0,1.0,0,0.0,0.0,0.0,0.0,0.0,0.0,0.0,0.0,0.0,15
Krida Chowk,2021-04-01,LOW,0.0,2021,4,0,0,0,0.0,0.0,0.0,0.0,0.0,0.0,0.0,2,0,0.866025,-0.5,3,0.433884,-0.900969,0,0.0,0.0,0.0,0.0,0.0,0.0,0.0,0.0,0.0,15
Krida Chowk,2021-05-01,LOW,0.0,2021,5,0,0,0,0.0,0.0,0.0,0.0,0.0,0.0,0.0,2,0,0.5,-0.866025,5,-0.974928,-0.222521,1,0.0,0.0,0.0,0.0,0.0,0.0,0.0,0.0,0.0,15
Krida Chowk,2021-06-01,LOW,0.0,2021,6,0,0,0,0.0,0.0,0.0,0.0,0.0,0.0,0.0,2,0,0.0,-1.0,1,0.781831,0.62349,0,0.0,0.0,0.0,0.0,0.0,0.0,0.0,0.0,0.0,15
Krida Chowk,2021-07-01,LOW,0.0,2021,7,0,0,0,0.0,0.0,0.0,0.0,0.0,0.0,0.0,3,0,-0.5,-0.866025,3,0.433884,-0.900969,0,0.0,0.0,0.0,0.0,0.0,0.0,0.0,0.0,0.0,15
Krida Chowk,2021-08-01,LOW,0.0,2021,8,0,0,0,0.0,0.0,0.0,0.0,0.0,0.0,0.0,3,0,-0.866025,-0.5,6,-0.781831,0.62349,1,0.0,0.0,0.0,0.0,0.0,0.0,0.0,0.0,0.0,15
Krida Chowk,2021-09-01,LOW,0.0,2021,9,0,0,0,0.0,0.0,0.0,0.0,0.0,0.0,0.0,3,0,-1.0,-0.0,2,0.974928,-0.222521,0,0.0,0.0,0.0,0.0,0.0,0.0,0.0,0.0,0.0,15
Krida Chowk,2021-10-01,LOW,0.0,2021,10,0,0,0,0.0,0.0,0.0,0.0,0.0,0.0,0.0,4,0,-0.866025,0.5,4,-0.433884,-0.900969,0,0.0,0.0,0.0,0.0,0.0,0.0,0.0,0.0,0.0,15
Krida Chowk,2021-11-01,LOW,0.0,2021,11,0,0,0,0.0,0.0,0.0,0.0,0.0,0.0,0.0,4,0,-0.5,0.866025,0,0.0,1.0,0,0.0,0.0,0.0,0.0,0.0,0.0,0.0,0.0,0.0,15
Krida Chowk,2021-12-01,LOW,0.0,2021,12,0,0,0,0.0,0.0,0.0,0.0,0.0,0.0,0.0,4,0,-0.0,1.0,2,0.974928,-0.222521,0,0.0,0.0,0.0,0.0,0.0,0.0,0.0,0.0,0.0,15
Krida Chowk,2022-01-01,LOW,0.0,2022,1,0,0,0,0.0,0.0,0.0,0.0,0.0,0.0,0.0,1,1,0.5,0.866025,5,-0.974928,-0.222521,1,0.0,0.0,0.0,0.0,0.0,0.0,0.0,0.0,0.0,15
Krida Chowk,2022-02-01,LOW,0.0,2022,2,0,0,0,0.0,0.0,0.0,0.0,0.0,0.0,0.0,1,0,0.866025,0.5,1,0.781831,0.62349,0,0.0,0.0,0.0,0.0,0.0,0.0,0.0,0.0,0.0,15
Krida Chowk,2022-03-01,LOW,0.0,2022,3,0,0,0,0.0,0.0,0.0,0.0,0.0,0.0,0.0,1,0,1.0,0.0,1,0.781831,0.62349,0,0.0,0.0,0.0,0.0,0.0,0.0,0.0,0.0,0.0,15
Krida Chowk,2022-04-01,LOW,0.0,2022,4,0,0,0,0.0,0.0,0.0,0.0,0.0,0.0,0.0,2,0,0.866025,-0.5,4,-0.433884,-0.900969,0,0.0,0.0,0.0,0.0,0.0,0.0,0.0,0.0,0.0,15
Krida Chowk,2022-05-01,LOW,0.0,2022,5,0,0,0,0.0,0.0,0.0,0.0,0.0,0.0,0.0,2,0,0.5,-0.866025,6,-0.781831,0.62349,1,0.0,0.0,0.0,0.0,0.0,0.0,0.0,0.0,0.0,15
Krida Chowk,2022-06-01,LOW,0.0,2022,6,0,0,0,0.0,0.0,0.0,0.0,0.0,0.0,0.0,2,0,0.0,-1.0,2,0.974928,-0.222521,0,0.0,0.0,0.0,0.0,0.0,0.0,0.0,0.0,0.0,15
Krida Chowk,2022-07-01,LOW,0.0,2022,7,0,0,0,0.0,0.0,0.0,0.0,0.0,0.0,0.0,3,0,-0.5,-0.866025,4,-0.433884,-0.900969,0,0.0,0.0,0.0,0.0,0.0,0.0,0.0,0.0,0.0,15
Krida Chowk,2022-08-01,LOW,0.0,2022,8,0,0,0,0.0,0.0,0.0,0.0,0.0,0.0,0.0,3,0,-0.866025,-0.5,0,0.0,1.0,0,0.0,0.0,0.0,0.0,0.0,0.0,0.0,0.0,0.0,15
Krida Chowk,2022-09-01,LOW,0.0,2022,9,0,0,0,0.0,0.0,0.0,0.0,0.0,0.0,0.0,3,0,-1.0,-0.0,3,0.433884,-0.900969,0,0.0,0.0,0.0,0.0,0.0,0.0,0.0,0.0,0.0,15
Krida Chowk,2022-10-01,LOW,0.0,2022,10,0,0,0,0.0,0.0,0.0,0.0,0.0,0.0,0.0,4,0,-0.866025,0.5,5,-0.974928,-0.222521,1,0.0,0.0,0.0,0.0,0.0,0.0,0.0,0.0,0.0,15
Krida Chowk,2022-11-01,LOW,0.0,2022,11,0,0,0,0.0,0.0,0.0,0.0,0.0,0.0,0.0,4,0,-0.5,0.866025,1,0.781831,0.62349,0,0.0,0.0,0.0,0.0,0.0,0.0,0.0,0.0,0.0,15
Krida Chowk,2022-12-01,LOW,0.0,2022,12,0,0,0,0.0,0.0,0.0,0.0,0.0,0.0,0.0,4,0,-0.0,1.0,3,0.433884,-0.900969,0,0.0,0.0,0.0,0.0,0.0,0.0,0.0,0.0,0.0,15
Krida Chowk,2023-01-01,LOW,0.0,2023,1,0,0,0,0.0,0.0,0.0,0.0,0.0,0.0,0.0,1,1,0.5,0.866025,6,-0.781831,0.62349,1,0.0,0.0,0.0,0.0,0.0,0.0,0.0,0.0,0.0,15
Krida Chowk,2023-02-01,LOW,0.0,2023,2,0,0,0,0.0,0.0,0.0,0.0,0.0,0.0,0.0,1,0,0.866025,0.5,2,0.974928,-0.222521,0,0.0,0.0,0.0,0.0,0.0,0.0,0.0,0.0,0.0,15
Krida Chowk,2023-03-01,LOW,0.0,2023,3,0,0,0,0.0,0.0,0.0,0.0,0.0,0.0,0.0,1,0,1.0,0.0,2,0.974928,-0.222521,0,0.0,0.0,0.0,0.0,0.0,0.0,0.0,0.0,0.0,15
Krida Chowk,2023-04-01,LOW,0.0,2023,4,0,0,0,0.0,0.0,0.0,0.0,0.0,0.0,0.0,2,0,0.866025,-0.5,5,-0.974928,-0.222521,1,0.0,0.0,0.0,0.0,0.0,0.0,0.0,0.0,0.0,15
Krida Chowk,2023-05-01,LOW,0.0,2023,5,0,0,0,0.0,0.0,0.0,0.0,0.0,0.0,0.0,2,0,0.5,-0.866025,0,0.0,1.0,0,0.0,0.0,0.0,0.0,0.0,0.0,0.0,0.0,0.0,15
Krida Chowk,2023-06-01,LOW,0.0,2023,6,0,0,0,0.0,0.0,0.0,0.0,0.0,0.0,0.0,2,0,0.0,-1.0,3,0.433884,-0.900969,0,0.0,0.0,0.0,0.0,0.0,0.0,0.0,0.0,0.0,15
Krida Chowk,2023-07-01,LOW,0.0,2023,7,0,0,0,0.0,0.0,0.0,0.0,0.0,0.0,0.0,3,0,-0.5,-0.866025,5,-0.974928,-0.222521,1,0.0,0.0,0.0,0.0,0.0,0.0,0.0,0.0,0.0,15
Krida Chowk,2023-08-01,LOW,0.0,2023,8,0,0,0,0.0,0.0,0.0,0.0,0.0,0.0,0.0,3,0,-0.866025,-0.5,1,0.781831,0.62349,0,0.0,0.0,0.0,0.0,0.0,0.0,0.0,0.0,0.0,15
Krida Chowk,2023-09-01,LOW,0.0,2023,9,0,0,0,0.0,0.0,0.0,0.0,0.0,0.0,0.0,3,0,-1.0,-0.0,4,-0.433884,-0.900969,0,0.0,0.0,0.0,0.0,0.0,0.0,0.0,0.0,0.0,15
Krida Chowk,2023-10-01,LOW,0.0,2023,10,0,0,0,0.0,0.0,0.0,0.0,0.0,0.0,0.0,4,0,-0.866025,0.5,6,-0.781831,0.62349,1,0.0,0.0,0.0,0.0,0.0,0.0,0.0,0.0,0.0,15
Krida Chowk,2023-11-01,LOW,0.0,2023,11,0,0,0,0.0,0.0,0.0,0.0,0.0,0.0,0.0,4,0,-0.5,0.866025,2,0.974928,-0.222521,0,0.0,0.0,0.0,0.0,0.0,0.0,0.0,0.0,0.0,15
Krida Chowk,2023-12-01,LOW,0.0,2023,12,0,0,0,0.0,0.0,0.0,0.0,0.0,0.0,0.0,4,0,-0.0,1.0,4,-0.433884,-0.900969,0,0.0,0.0,0.0,0.0,0.0,0.0,0.0,0.0,0.0,15
LIC Chowk,2020-01-01,MEDIUM,25.97,2020,1,7,0,5,0.0,0.0,0.0,0.0,0.0,0.0,0.0,1,1,0.5,0.866025,2,0.974928,-0.222521,0,0.0,0.0,0.0,0.0,0.0,0.0,0.0,0.0,41.30958333333333,16
LIC Chowk,2020-02-01,MEDIUM,47.51,2020,2,10,2,8,7.0,7.0,7.0,7.0,0.0,5.0,0.583,1,0,0.866025,0.5,5,-0.974928,-0.222521,1,0.0,0.0,0.0,0.0,0.0,0.0,0.0,0.0,41.30958333333333,16
LIC Chowk,2020-03-01,HIGH,63.54,2020,3,14,2,12,10.0,10.0,17.0,17.0,2.0,13.0,1.417,1,0,1.0,0.0,6,-0.781831,0.62349,1,7.0,0.0,0.0,3.5,4.95,3.5,4.95,0.824,41.30958333333333,16
LIC Chowk,2020-04-01,LOW,19.34,2020,4,7,0,5,14.0,14.0,31.0,31.0,4.0,25.0,2.583,2,0,0.866025,-0.5,2,0.974928,-0.222521,0,10.0,7.0,0.0,5.667,5.132,5.667,5.132,0.731,41.30958333333333,16
LIC Chowk,2020-05-01,MEDIUM,39.23,2020,5,7,0,6,7.0,7.0,31.0,38.0,4.0,30.0,3.167,2,0,0.5,-0.866025,4,-0.433884,-0.900969,0,14.0,10.0,7.0,10.333,3.512,7.75,5.909,1.088,41.30958333333333,16
LIC Chowk,2020-06-01,MEDIUM,34.25,2020,6,10,0,7,7.0,7.0,28.0,45.0,4.0,36.0,3.75,2,0,0.0,-1.0,0,0.0,1.0,0,7.0,14.0,10.0,10.333,3.512,7.6,5.128,0.918,41.30958333333333,16
LIC Chowk,2020-07-01,MEDIUM,33.15,2020,7,12,0,9,10.0,10.0,24.0,55.0,4.0,43.0,4.583,3,0,-0.5,-0.866025,2,0.974928,-0.222521,0,7.0,7.0,14.0,9.333,4.041,7.5,4.593,0.679,41.30958333333333,16
LIC Chowk,2020-08-01,LOW,8.84,2020,8,2,0,2,12.0,12.0,29.0,67.0,4.0,52.0,5.583,3,0,-0.866025,-0.5,5,-0.974928,-0.222521,1,10.0,7.0,7.0,8.0,1.732,9.167,2.787,0.478,41.30958333333333,16
LIC Chowk,2020-09-01,LOW,22.65,2020,9,7,0,4,2.0,2.0,24.0,69.0,4.0,54.0,5.75,3,0,-1.0,-0.0,1,0.781831,0.62349,0,12.0,10.0,7.0,9.667,2.517,10.0,2.757,0.56,41.30958333333333,16
LIC Chowk,2020-10-01,MEDIUM,32.6,2020,10,7,1,4,7.0,7.0,21.0,76.0,4.0,58.0,6.333,4,0,-0.866025,0.5,3,0.433884,-0.900969,0,2.0,12.0,10.0,8.0,5.292,8.667,4.274,0.421,41.30958333333333,16
LIC Chowk,2020-11-01,MEDIUM,38.67,2020,11,11,1,7,7.0,7.0,16.0,83.0,5.0,62.0,6.917,4,0,-0.5,0.866025,6,-0.781831,0.62349,1,7.0,2.0,12.0,7.0,5.0,7.5,3.391,0.337,41.30958333333333,16
LIC Chowk,2020-12-01,MEDIUM,43.65,2020,12,11,1,8,11.0,11.0,25.0,94.0,6.0,69.0,7.833,4,0,-0.0,1.0,1,0.781831,0.62349,0,7.0,7.0,2.0,5.333,2.887,7.5,3.391,0.227,41.30958333333333,16
LIC Chowk,2021-01-01,MEDIUM,27.62,2021,1,7,0,6,11.0,11.0,29.0,105.0,7.0,77.0,8.75,1,1,0.5,0.866025,4,-0.433884,-0.900969,0,11.0,7.0,7.0,8.333,2.309,8.167,3.656,0.317,41.30958333333333,16
LIC Chowk,2021-02-01,MEDIUM,37.57,2021,2,10,0,8,7.0,7.0,29.0,105.0,7.0,78.0,8.75,1,0,0.866025,0.5,0,0.0,1.0,0,11.0,11.0,7.0,9.667,2.309,8.333,3.777,0.368,41.30958333333333,16
LIC Chowk,2021-03-01,LOW,10.5,2021,3,5,0,3,10.0,10.0,28.0,105.0,5.0,78.0,8.75,1,0,1.0,0.0,0,0.0,1.0,0,7.0,11.0,11.0,9.667,2.309,7.5,3.332,0.368,41.30958333333333,16
LIC Chowk,2021-04-01,LOW,4.97,2021,4,3,0,1,5.0,5.0,22.0,96.0,3.0,69.0,8.0,2,0,0.866025,-0.5,3,0.433884,-0.900969,0,10.0,7.0,11.0,9.333,2.082,8.833,2.041,0.389,41.30958333333333,16
LIC Chowk,2021-05-01,MEDIUM,27.07,2021,5,5,1,5,3.0,3.0,18.0,92.0,3.0,65.0,7.667,2,0,0.5,-0.866025,5,-0.974928,-0.222521,1,5.0,10.0,7.0,7.333,2.517,8.5,2.51,0.319,41.30958333333333,16
LIC Chowk,2021-06-01,MEDIUM,30.94,2021,6,10,0,6,5.0,5.0,13.0,90.0,4.0,64.0,7.5,2,0,0.0,-1.0,1,0.781831,0.62349,0,3.0,5.0,10.0,6.0,3.606,7.833,3.371,0.267,41.30958333333333,16
LIC Chowk,2021-07-01,LOW,14.92,2021,7,3,0,3,10.0,10.0,18.0,90.0,4.0,63.0,7.5,3,0,-0.5,-0.866025,3,0.433884,-0.900969,0,5.0,3.0,5.0,4.333,1.155,6.833,3.125,0.193,41.30958333333333,16
LIC Chowk,2021-08-01,MEDIUM,29.28,2021,8,10,0,7,3.0,3.0,18.0,81.0,4.0,57.0,6.75,3,0,-0.866025,-0.5,6,-0.781831,0.62349,1,10.0,5.0,3.0,6.0,3.606,6.667,2.875,0.296,41.30958333333333,16
LIC Chowk,2021-09-01,LOW,18.23,2021,9,6,0,3,10.0,10.0,23.0,89.0,4.0,62.0,7.417,3,0,-1.0,-0.0,2,0.974928,-0.222521,0,3.0,10.0,5.0,6.0,3.606,6.0,3.225,0.27,41.30958333333333,16
LIC Chowk,2021-10-01,LOW,12.71,2021,10,4,0,3,6.0,6.0,19.0,88.0,4.0,61.0,7.333,4,0,-0.866025,0.5,4,-0.433884,-0.900969,0,10.0,3.0,10.0,7.667,4.041,6.0,3.225,0.348,41.30958333333333,16
LIC Chowk,2021-11-01,MEDIUM,40.88,2021,11,13,0,8,4.0,4.0,20.0,85.0,3.0,60.0,7.083,4,0,-0.5,0.866025,0,0.0,1.0,0,6.0,10.0,3.0,6.333,3.512,6.167,3.189,0.298,41.30958333333333,16
LIC Chowk,2021-12-01,LOW,15.47,2021,12,5,0,3,13.0,13.0,23.0,87.0,2.0,61.0,7.25,4,0,-0.0,1.0,2,0.974928,-0.222521,0,4.0,6.0,10.0,6.667,3.055,6.333,3.011,0.307,41.30958333333333,16
LIC Chowk,2022-01-01,MEDIUM,29.83,2022,1,9,0,5,5.0,5.0,22.0,81.0,1.0,56.0,6.75,1,1,0.5,0.866025,5,-0.974928,-0.222521,1,13.0,4.0,6.0,7.667,4.726,7.667,3.933,0.379,41.30958333333333,16
LIC Chowk,2022-02-01,MEDIUM,46.96,2022,2,17,0,10,9.0,9.0,27.0,83.0,1.0,55.0,6.917,1,0,0.866025,0.5,1,0.781831,0.62349,0,5.0,13.0,4.0,7.333,4.933,6.833,3.869,0.353,41.30958333333333,16
LIC Chowk,2022-03-01,HIGH,67.96,2022,3,15,3,11,17.0,17.0,31.0,90.0,1.0,57.0,7.5,1,0,1.0,0.0,1,0.781831,0.62349,0,9.0,5.0,13.0,9.0,4.0,7.833,3.43,0.4,41.30958333333333,16
LIC Chowk,2022-04-01,LOW,14.92,2022,4,6,0,4,15.0,15.0,41.0,100.0,4.0,65.0,8.333,2,0,0.866025,-0.5,4,-0.433884,-0.900969,0,17.0,9.0,5.0,10.333,6.11,9.0,5.099,0.413,41.30958333333333,16
LIC Chowk,2022-05-01,MEDIUM,38.12,2022,5,12,0,6,6.0,6.0,38.0,103.0,4.0,68.0,8.583,2,0,0.5,-0.866025,6,-0.781831,0.62349,1,15.0,17.0,9.0,13.667,4.163,10.5,5.357,0.531,41.30958333333333,16
LIC Chowk,2022-06-01,HIGH,54.14,2022,6,13,0,12,12.0,12.0,33.0,110.0,3.0,69.0,9.167,2,0,0.0,-1.0,2,0.974928,-0.222521,0,6.0,15.0,17.0,12.667,5.859,10.833,4.916,0.461,41.30958333333333,16
LIC Chowk,2022-07-01,MEDIUM,46.41,2022,7,15,1,11,13.0,13.0,31.0,113.0,3.0,75.0,9.417,3,0,-0.5,-0.866025,4,-0.433884,-0.900969,0,12.0,6.0,15.0,11.0,4.583,10.667,4.844,0.389,41.30958333333333,16
LIC Chowk,2022-08-01,LOW,20.99,2022,8,10,0,5,15.0,15.0,40.0,125.0,4.0,83.0,10.417,3,0,-0.866025,-0.5,0,0.0,1.0,0,13.0,12.0,6.0,10.333,3.786,12.0,4.0,0.331,41.30958333333333,16
LIC Chowk,2022-09-01,CRITICAL,79.56,2022,9,18,2,12,10.0,10.0,38.0,125.0,4.0,81.0,10.417,3,0,-1.0,-0.0,3,0.433884,-0.900969,0,15.0,13.0,12.0,13.333,1.528,13.0,3.847,0.427,41.30958333333333,16
LIC Chowk,2022-10-01,HIGH,73.48,2022,10,20,0,15,18.0,18.0,43.0,137.0,6.0,90.0,11.417,4,0,-0.866025,0.5,5,-0.974928,-0.222521,1,10.0,15.0,13.0,12.667,2.517,11.833,3.43,0.37,41.30958333333333,16
LIC Chowk,2022-11-01,MEDIUM,39.78,2022,11,9,0,8,20.0,20.0,48.0,153.0,6.0,102.0,12.75,4,0,-0.5,0.866025,1,0.781831,0.62349,0,18.0,10.0,15.0,14.333,4.041,12.333,4.131,0.375,41.30958333333333,16
LIC Chowk,2022-12-01,MEDIUM,46.41,2022,12,12,1,9,9.0,9.0,47.0,149.0,6.0,102.0,12.417,4,0,-0.0,1.0,3,0.433884,-0.900969,0,20.0,18.0,10.0,16.0,5.292,14.667,3.777,0.43,41.30958333333333,16
LIC Chowk,2023-01-01,CRITICAL,96.69,2023,1,20,3,14,12.0,12.0,41.0,156.0,7.0,108.0,13.0,1,1,0.5,0.866025,6,-0.781831,0.62349,1,9.0,20.0,18.0,15.667,5.859,14.167,4.355,0.402,41.30958333333333,16
LIC Chowk,2023-02-01,HIGH,64.64,2023,2,18,0,13,20.0,20.0,41.0,167.0,10.0,117.0,13.917,1,0,0.866025,0.5,2,0.974928,-0.222521,0,12.0,9.0,20.0,13.667,5.686,14.0,4.427,0.327,41.30958333333333,16
LIC Chowk,2023-03-01,CRITICAL,77.35,2023,3,22,2,16,18.0,18.0,50.0,168.0,10.0,120.0,14.0,1,0,1.0,0.0,2,0.974928,-0.222521,0,20.0,12.0,9.0,13.667,5.686,14.833,5.076,0.325,41.30958333333333,16
LIC Chowk,2023-04-01,HIGH,69.61,2023,4,21,0,16,22.0,22.0,60.0,175.0,9.0,125.0,14.583,2,0,0.866025,-0.5,5,-0.974928,-0.222521,1,18.0,20.0,12.0,16.667,4.163,16.167,4.579,0.381,41.30958333333333,16
LIC Chowk,2023-05-01,HIGH,55.8,2023,5,13,0,9,21.0,21.0,61.0,190.0,9.0,137.0,15.833,2,0,0.5,-0.866025,0,0.0,1.0,0,22.0,18.0,20.0,20.0,2.0,16.833,5.154,0.421,41.30958333333333,16
LIC Chowk,2023-06-01,HIGH,60.77,2023,6,16,0,10,13.0,13.0,56.0,191.0,9.0,140.0,15.917,2,0,0.0,-1.0,3,0.433884,-0.900969,0,21.0,22.0,18.0,20.333,2.082,17.0,5.292,0.426,41.30958333333333,16
LIC Chowk,2023-07-01,MEDIUM,38.67,2023,7,11,0,11,16.0,16.0,50.0,194.0,9.0,138.0,16.167,3,0,-0.5,-0.866025,5,-0.974928,-0.222521,1,13.0,21.0,22.0,18.667,4.933,17.667,4.227,0.385,41.30958333333333,16
LIC Chowk,2023-08-01,HIGH,57.46,2023,8,13,1,13,11.0,11.0,40.0,190.0,8.0,138.0,15.833,3,0,-0.866025,-0.5,1,0.781831,0.62349,0,16.0,13.0,21.0,16.667,4.041,18.333,3.386,0.351,41.30958333333333,16
LIC Chowk,2023-09-01,HIGH,64.64,2023,9,18,1,10,13.0,13.0,40.0,193.0,9.0,146.0,16.083,3,0,-1.0,-0.0,4,-0.433884,-0.900969,0,11.0,16.0,13.0,13.333,2.517,16.833,4.355,0.276,41.30958333333333,16
LIC Chowk,2023-10-01,HIGH,55.25,2023,10,17,0,11,18.0,18.0,42.0,193.0,8.0,144.0,16.083,4,0,-0.866025,0.5,6,-0.781831,0.62349,1,13.0,11.0,16.0,13.333,2.517,16.0,4.561,0.276,41.30958333333333,16
LIC Chowk,2023-11-01,MEDIUM,32.04,2023,11,14,0,8,17.0,17.0,48.0,190.0,8.0,140.0,15.833,4,0,-0.5,0.866025,2,0.974928,-0.222521,0,18.0,13.0,11.0,14.0,3.606,15.333,3.724,0.295,41.30958333333333,16
LIC Chowk,2023-12-01,HIGH,71.82,2023,12,23,0,14,14.0,14.0,49.0,195.0,8.0,140.0,16.25,4,0,-0.0,1.0,4,-0.433884,-0.900969,0,17.0,18.0,13.0,16.0,2.646,14.667,2.733,0.328,41.30958333333333,16
Law College Square,2020-01-01,LOW,0.0,2020,1,0,0,0,0.0,0.0,0.0,0.0,0.0,0.0,0.0,1,1,0.5,0.866025,2,0.974928,-0.222521,0,0.0,0.0,0.0,0.0,0.0,0.0,0.0,0.0,0.0,17
Law College Square,2020-02-01,LOW,0.0,2020,2,0,0,0,0.0,0.0,0.0,0.0,0.0,0.0,0.0,1,0,0.866025,0.5,5,-0.974928,-0.222521,1,0.0,0.0,0.0,0.0,0.0,0.0,0.0,0.0,0.0,17
Law College Square,2020-03-01,LOW,0.0,2020,3,0,0,0,0.0,0.0,0.0,0.0,0.0,0.0,0.0,1,0,1.0,0.0,6,-0.781831,0.62349,1,0.0,0.0,0.0,0.0,0.0,0.0,0.0,0.0,0.0,17
Law College Square,2020-04-01,LOW,0.0,2020,4,0,0,0,0.0,0.0,0.0,0.0,0.0,0.0,0.0,2,0,0.866025,-0.5,2,0.974928,-0.222521,0,0.0,0.0,0.0,0.0,0.0,0.0,0.0,0.0,0.0,17
Law College Square,2020-05-01,LOW,0.0,2020,5,0,0,0,0.0,0.0,0.0,0.0,0.0,0.0,0.0,2,0,0.5,-0.866025,4,-0.433884,-0.900969,0,0.0,0.0,0.0,0.0,0.0,0.0,0.0,0.0,0.0,17
Law College Square,2020-06-01,LOW,0.0,2020,6,0,0,0,0.0,0.0,0.0,0.0,0.0,0.0,0.0,2,0,0.0,-1.0,0,0.0,1.0,0,0.0,0.0,0.0,0.0,0.0,0.0,0.0,0.0,0.0,17
Law College Square,2020-07-01,LOW,0.0,2020,7,0,0,0,0.0,0.0,0.0,0.0,0.0,0.0,0.0,3,0,-0.5,-0.866025,2,0.974928,-0.222521,0,0.0,0.0,0.0,0.0,0.0,0.0,0.0,0.0,0.0,17
Law College Square,2020-08-01,LOW,0.0,2020,8,0,0,0,0.0,0.0,0.0,0.0,0.0,0.0,0.0,3,0,-0.866025,-0.5,5,-0.974928,-0.222521,1,0.0,0.0,0.0,0.0,0.0,0.0,0.0,0.0,0.0,17
Law College Square,2020-09-01,LOW,0.0,2020,9,0,0,0,0.0,0.0,0.0,0.0,0.0,0.0,0.0,3,0,-1.0,-0.0,1,0.781831,0.62349,0,0.0,0.0,0.0,0.0,0.0,0.0,0.0,0.0,0.0,17
Law College Square,2020-10-01,LOW,0.0,2020,10,0,0,0,0.0,0.0,0.0,0.0,0.0,0.0,0.0,4,0,-0.866025,0.5,3,0.433884,-0.900969,0,0.0,0.0,0.0,0.0,0.0,0.0,0.0,0.0,0.0,17
Law College Square,2020-11-01,LOW,0.0,2020,11,0,0,0,0.0,0.0,0.0,0.0,0.0,0.0,0.0,4,0,-0.5,0.866025,6,-0.781831,0.62349,1,0.0,0.0,0.0,0.0,0.0,0.0,0.0,0.0,0.0,17
Law College Square,2020-12-01,LOW,0.0,2020,12,0,0,0,0.0,0.0,0.0,0.0,0.0,0.0,0.0,4,0,-0.0,1.0,1,0.781831,0.62349,0,0.0,0.0,0.0,0.0,0.0,0.0,0.0,0.0,0.0,17
Law College Square,2021-01-01,LOW,0.0,2021,1,0,0,0,0.0,0.0,0.0,0.0,0.0,0.0,0.0,1,1,0.5,0.866025,4,-0.433884,-0.900969,0,0.0,0.0,0.0,0.0,0.0,0.0,0.0,0.0,0.0,17
Law College Square,2021-02-01,LOW,0.0,2021,2,0,0,0,0.0,0.0,0.0,0.0,0.0,0.0,0.0,1,0,0.866025,0.5,0,0.0,1.0,0,0.0,0.0,0.0,0.0,0.0,0.0,0.0,0.0,0.0,17
Law College Square,2021-03-01,LOW,0.0,2021,3,0,0,0,0.0,0.0,0.0,0.0,0.0,0.0,0.0,1,0,1.0,0.0,0,0.0,1.0,0,0.0,0.0,0.0,0.0,0.0,0.0,0.0,0.0,0.0,17
Law College Square,2021-04-01,LOW,0.0,2021,4,0,0,0,0.0,0.0,0.0,0.0,0.0,0.0,0.0,2,0,0.866025,-0.5,3,0.433884,-0.900969,0,0.0,0.0,0.0,0.0,0.0,0.0,0.0,0.0,0.0,17
Law College Square,2021-05-01,LOW,0.0,2021,5,0,0,0,0.0,0.0,0.0,0.0,0.0,0.0,0.0,2,0,0.5,-0.866025,5,-0.974928,-0.222521,1,0.0,0.0,0.0,0.0,0.0,0.0,0.0,0.0,0.0,17
Law College Square,2021-06-01,LOW,0.0,2021,6,0,0,0,0.0,0.0,0.0,0.0,0.0,0.0,0.0,2,0,0.0,-1.0,1,0.781831,0.62349,0,0.0,0.0,0.0,0.0,0.0,0.0,0.0,0.0,0.0,17
Law College Square,2021-07-01,LOW,0.0,2021,7,0,0,0,0.0,0.0,0.0,0.0,0.0,0.0,0.0,3,0,-0.5,-0.866025,3,0.433884,-0.900969,0,0.0,0.0,0.0,0.0,0.0,0.0,0.0,0.0,0.0,17
Law College Square,2021-08-01,LOW,0.0,2021,8,0,0,0,0.0,0.0,0.0,0.0,0.0,0.0,0.0,3,0,-0.866025,-0.5,6,-0.781831,0.62349,1,0.0,0.0,0.0,0.0,0.0,0.0,0.0,0.0,0.0,17
Law College Square,2021-09-01,LOW,0.0,2021,9,0,0,0,0.0,0.0,0.0,0.0,0.0,0.0,0.0,3,0,-1.0,-0.0,2,0.974928,-0.222521,0,0.0,0.0,0.0,0.0,0.0,0.0,0.0,0.0,0.0,17
Law College Square,2021-10-01,LOW,0.0,2021,10,0,0,0,0.0,0.0,0.0,0.0,0.0,0.0,0.0,4,0,-0.866025,0.5,4,-0.433884,-0.900969,0,0.0,0.0,0.0,0.0,0.0,0.0,0.0,0.0,0.0,17
Law College Square,2021-11-01,LOW,0.0,2021,11,0,0,0,0.0,0.0,0.0,0.0,0.0,0.0,0.0,4,0,-0.5,0.866025,0,0.0,1.0,0,0.0,0.0,0.0,0.0,0.0,0.0,0.0,0.0,0.0,17
Law College Square,2021-12-01,LOW,0.0,2021,12,0,0,0,0.0,0.0,0.0,0.0,0.0,0.0,0.0,4,0,-0.0,1.0,2,0.974928,-0.222521,0,0.0,0.0,0.0,0.0,0.0,0.0,0.0,0.0,0.0,17
Law College Square,2022-01-01,LOW,0.0,2022,1,0,0,0,0.0,0.0,0.0,0.0,0.0,0.0,0.0,1,1,0.5,0.866025,5,-0.974928,-0.222521,1,0.0,0.0,0.0,0.0,0.0,0.0,0.0,0.0,0.0,17
Law College Square,2022-02-01,LOW,0.0,2022,2,0,0,0,0.0,0.0,0.0,0.0,0.0,0.0,0.0,1,0,0.866025,0.5,1,0.781831,0.62349,0,0.0,0.0,0.0,0.0,0.0,0.0,0.0,0.0,0.0,17
Law College Square,2022-03-01,LOW,0.0,2022,3,0,0,0,0.0,0.0,0.0,0.0,0.0,0.0,0.0,1,0,1.0,0.0,1,0.781831,0.62349,0,0.0,0.0,0.0,0.0,0.0,0.0,0.0,0.0,0.0,17
Law College Square,2022-04-01,LOW,0.0,2022,4,0,0,0,0.0,0.0,0.0,0.0,0.0,0.0,0.0,2,0,0.866025,-0.5,4,-0.433884,-0.900969,0,0.0,0.0,0.0,0.0,0.0,0.0,0.0,0.0,0.0,17
Law College Square,2022-05-01,LOW,0.0,2022,5,0,0,0,0.0,0.0,0.0,0.0,0.0,0.0,0.0,2,0,0.5,-0.866025,6,-0.781831,0.62349,1,0.0,0.0,0.0,0.0,0.0,0.0,0.0,0.0,0.0,17
Law College Square,2022-06-01,LOW,0.0,2022,6,0,0,0,0.0,0.0,0.0,0.0,0.0,0.0,0.0,2,0,0.0,-1.0,2,0.974928,-0.222521,0,0.0,0.0,0.0,0.0,0.0,0.0,0.0,0.0,0.0,17
Law College Square,2022-07-01,LOW,0.0,2022,7,0,0,0,0.0,0.0,0.0,0.0,0.0,0.0,0.0,3,0,-0.5,-0.866025,4,-0.433884,-0.900969,0,0.0,0.0,0.0,0.0,0.0,0.0,0.0,0.0,0.0,17
Law College Square,2022-08-01,LOW,0.0,2022,8,0,0,0,0.0,0.0,0.0,0.0,0.0,0.0,0.0,3,0,-0.866025,-0.5,0,0.0,1.0,0,0.0,0.0,0.0,0.0,0.0,0.0,0.0,0.0,0.0,17
Law College Square,2022-09-01,LOW,0.0,2022,9,0,0,0,0.0,0.0,0.0,0.0,0.0,0.0,0.0,3,0,-1.0,-0.0,3,0.433884,-0.900969,0,0.0,0.0,0.0,0.0,0.0,0.0,0.0,0.0,0.0,17
Law College Square,2022-10-01,LOW,0.0,2022,10,0,0,0,0.0,0.0,0.0,0.0,0.0,0.0,0.0,4,0,-0.866025,0.5,5,-0.974928,-0.222521,1,0.0,0.0,0.0,0.0,0.0,0.0,0.0,0.0,0.0,17
Law College Square,2022-11-01,LOW,0.0,2022,11,0,0,0,0.0,0.0,0.0,0.0,0.0,0.0,0.0,4,0,-0.5,0.866025,1,0.781831,0.62349,0,0.0,0.0,0.0,0.0,0.0,0.0,0.0,0.0,0.0,17
Law College Square,2022-12-01,LOW,0.0,2022,12,0,0,0,0.0,0.0,0.0,0.0,0.0,0.0,0.0,4,0,-0.0,1.0,3,0.433884,-0.900969,0,0.0,0.0,0.0,0.0,0.0,0.0,0.0,0.0,0.0,17
Law College Square,2023-01-01,LOW,0.0,2023,1,0,0,0,0.0,0.0,0.0,0.0,0.0,0.0,0.0,1,1,0.5,0.866025,6,-0.781831,0.62349,1,0.0,0.0,0.0,0.0,0.0,0.0,0.0,0.0,0.0,17
Law College Square,2023-02-01,LOW,0.0,2023,2,0,0,0,0.0,0.0,0.0,0.0,0.0,0.0,0.0,1,0,0.866025,0.5,2,0.974928,-0.222521,0,0.0,0.0,0.0,0.0,0.0,0.0,0.0,0.0,0.0,17
Law College Square,2023-03-01,LOW,0.0,2023,3,0,0,0,0.0,0.0,0.0,0.0,0.0,0.0,0.0,1,0,1.0,0.0,2,0.974928,-0.222521,0,0.0,0.0,0.0,0.0,0.0,0.0,0.0,0.0,0.0,17
Law College Square,2023-04-01,LOW,0.0,2023,4,0,0,0,0.0,0.0,0.0,0.0,0.0,0.0,0.0,2,0,0.866025,-0.5,5,-0.974928,-0.222521,1,0.0,0.0,0.0,0.0,0.0,0.0,0.0,0.0,0.0,17
Law College Square,2023-05-01,LOW,0.0,2023,5,0,0,0,0.0,0.0,0.0,0.0,0.0,0.0,0.0,2,0,0.5,-0.866025,0,0.0,1.0,0,0.0,0.0,0.0,0.0,0.0,0.0,0.0,0.0,0.0,17
Law College Square,2023-06-01,LOW,0.0,2023,6,0,0,0,0.0,0.0,0.0,0.0,0.0,0.0,0.0,2,0,0.0,-1.0,3,0.433884,-0.900969,0,0.0,0.0,0.0,0.0,0.0,0.0,0.0,0.0,0.0,17
Law College Square,2023-07-01,LOW,0.0,2023,7,0,0,0,0.0,0.0,0.0,0.0,0.0,0.0,0.0,3,0,-0.5,-0.866025,5,-0.974928,-0.222521,1,0.0,0.0,0.0,0.0,0.0,0.0,0.0,0.0,0.0,17
Law College Square,2023-08-01,LOW,0.0,2023,8,0,0,0,0.0,0.0,0.0,0.0,0.0,0.0,0.0,3,0,-0.866025,-0.5,1,0.781831,0.62349,0,0.0,0.0,0.0,0.0,0.0,0.0,0.0,0.0,0.0,17
Law College Square,2023-09-01,LOW,0.0,2023,9,0,0,0,0.0,0.0,0.0,0.0,0.0,0.0,0.0,3,0,-1.0,-0.0,4,-0.433884,-0.900969,0,0.0,0.0,0.0,0.0,0.0,0.0,0.0,0.0,0.0,17
Law College Square,2023-10-01,LOW,0.0,2023,10,0,0,0,0.0,0.0,0.0,0.0,0.0,0.0,0.0,4,0,-0.866025,0.5,6,-0.781831,0.62349,1,0.0,0.0,0.0,0.0,0.0,0.0,0.0,0.0,0.0,17
Law College Square,2023-11-01,LOW,0.0,2023,11,0,0,0,0.0,0.0,0.0,0.0,0.0,0.0,0.0,4,0,-0.5,0.866025,2,0.974928,-0.222521,0,0.0,0.0,0.0,0.0,0.0,0.0,0.0,0.0,0.0,17
Law College Square,2023-12-01,LOW,0.0,2023,12,0,0,0,0.0,0.0,0.0,0.0,0.0,0.0,0.0,4,0,-0.0,1.0,4,-0.433884,-0.900969,0,0.0,0.0,0.0,0.0,0.0,0.0,0.0,0.0,0.0,17
Manewada Square,2020-01-01,LOW,0.0,2020,1,0,0,0,0.0,0.0,0.0,0.0,0.0,0.0,0.0,1,1,0.5,0.866025,2,0.974928,-0.222521,0,0.0,0.0,0.0,0.0,0.0,0.0,0.0,0.0,0.0,18
Manewada Square,2020-02-01,LOW,0.0,2020,2,0,0,0,0.0,0.0,0.0,0.0,0.0,0.0,0.0,1,0,0.866025,0.5,5,-0.974928,-0.222521,1,0.0,0.0,0.0,0.0,0.0,0.0,0.0,0.0,0.0,18
Manewada Square,2020-03-01,LOW,0.0,2020,3,0,0,0,0.0,0.0,0.0,0.0,0.0,0.0,0.0,1,0,1.0,0.0,6,-0.781831,0.62349,1,0.0,0.0,0.0,0.0,0.0,0.0,0.0,0.0,0.0,18
Manewada Square,2020-04-01,LOW,0.0,2020,4,0,0,0,0.0,0.0,0.0,0.0,0.0,0.0,0.0,2,0,0.866025,-0.5,2,0.974928,-0.222521,0,0.0,0.0,0.0,0.0,0.0,0.0,0.0,0.0,0.0,18
Manewada Square,2020-05-01,LOW,0.0,2020,5,0,0,0,0.0,0.0,0.0,0.0,0.0,0.0,0.0,2,0,0.5,-0.866025,4,-0.433884,-0.900969,0,0.0,0.0,0.0,0.0,0.0,0.0,0.0,0.0,0.0,18
Manewada Square,2020-06-01,LOW,0.0,2020,6,0,0,0,0.0,0.0,0.0,0.0,0.0,0.0,0.0,2,0,0.0,-1.0,0,0.0,1.0,0,0.0,0.0,0.0,0.0,0.0,0.0,0.0,0.0,0.0,18
Manewada Square,2020-07-01,LOW,0.0,2020,7,0,0,0,0.0,0.0,0.0,0.0,0.0,0.0,0.0,3,0,-0.5,-0.866025,2,0.974928,-0.222521,0,0.0,0.0,0.0,0.0,0.0,0.0,0.0,0.0,0.0,18
Manewada Square,2020-08-01,LOW,0.0,2020,8,0,0,0,0.0,0.0,0.0,0.0,0.0,0.0,0.0,3,0,-0.866025,-0.5,5,-0.974928,-0.222521,1,0.0,0.0,0.0,0.0,0.0,0.0,0.0,0.0,0.0,18
Manewada Square,2020-09-01,LOW,0.0,2020,9,0,0,0,0.0,0.0,0.0,0.0,0.0,0.0,0.0,3,0,-1.0,-0.0,1,0.781831,0.62349,0,0.0,0.0,0.0,0.0,0.0,0.0,0.0,0.0,0.0,18
Manewada Square,2020-10-01,LOW,0.0,2020,10,0,0,0,0.0,0.0,0.0,0.0,0.0,0.0,0.0,4,0,-0.866025,0.5,3,0.433884,-0.900969,0,0.0,0.0,0.0,0.0,0.0,0.0,0.0,0.0,0.0,18
Manewada Square,2020-11-01,LOW,0.0,2020,11,0,0,0,0.0,0.0,0.0,0.0,0.0,0.0,0.0,4,0,-0.5,0.866025,6,-0.781831,0.62349,1,0.0,0.0,0.0,0.0,0.0,0.0,0.0,0.0,0.0,18
Manewada Square,2020-12-01,LOW,0.0,2020,12,0,0,0,0.0,0.0,0.0,0.0,0.0,0.0,0.0,4,0,-0.0,1.0,1,0.781831,0.62349,0,0.0,0.0,0.0,0.0,0.0,0.0,0.0,0.0,0.0,18
Manewada Square,2021-01-01,LOW,0.0,2021,1,0,0,0,0.0,0.0,0.0,0.0,0.0,0.0,0.0,1,1,0.5,0.866025,4,-0.433884,-0.900969,0,0.0,0.0,0.0,0.0,0.0,0.0,0.0,0.0,0.0,18
Manewada Square,2021-02-01,LOW,0.0,2021,2,0,0,0,0.0,0.0,0.0,0.0,0.0,0.0,0.0,1,0,0.866025,0.5,0,0.0,1.0,0,0.0,0.0,0.0,0.0,0.0,0.0,0.0,0.0,0.0,18
Manewada Square,2021-03-01,LOW,0.0,2021,3,0,0,0,0.0,0.0,0.0,0.0,0.0,0.0,0.0,1,0,1.0,0.0,0,0.0,1.0,0,0.0,0.0,0.0,0.0,0.0,0.0,0.0,0.0,0.0,18
Manewada Square,2021-04-01,LOW,0.0,2021,4,0,0,0,0.0,0.0,0.0,0.0,0.0,0.0,0.0,2,0,0.866025,-0.5,3,0.433884,-0.900969,0,0.0,0.0,0.0,0.0,0.0,0.0,0.0,0.0,0.0,18
Manewada Square,2021-05-01,LOW,0.0,2021,5,0,0,0,0.0,0.0,0.0,0.0,0.0,0.0,0.0,2,0,0.5,-0.866025,5,-0.974928,-0.222521,1,0.0,0.0,0.0,0.0,0.0,0.0,0.0,0.0,0.0,18
Manewada Square,2021-06-01,LOW,0.0,2021,6,0,0,0,0.0,0.0,0.0,0.0,0.0,0.0,0.0,2,0,0.0,-1.0,1,0.781831,0.62349,0,0.0,0.0,0.0,0.0,0.0,0.0,0.0,0.0,0.0,18
Manewada Square,2021-07-01,LOW,0.0,2021,7,0,0,0,0.0,0.0,0.0,0.0,0.0,0.0,0.0,3,0,-0.5,-0.866025,3,0.433884,-0.900969,0,0.0,0.0,0.0,0.0,0.0,0.0,0.0,0.0,0.0,18
Manewada Square,2021-08-01,LOW,0.0,2021,8,0,0,0,0.0,0.0,0.0,0.0,0.0,0.0,0.0,3,0,-0.866025,-0.5,6,-0.781831,0.62349,1,0.0,0.0,0.0,0.0,0.0,0.0,0.0,0.0,0.0,18
Manewada Square,2021-09-01,LOW,0.0,2021,9,0,0,0,0.0,0.0,0.0,0.0,0.0,0.0,0.0,3,0,-1.0,-0.0,2,0.974928,-0.222521,0,0.0,0.0,0.0,0.0,0.0,0.0,0.0,0.0,0.0,18
Manewada Square,2021-10-01,LOW,0.0,2021,10,0,0,0,0.0,0.0,0.0,0.0,0.0,0.0,0.0,4,0,-0.866025,0.5,4,-0.433884,-0.900969,0,0.0,0.0,0.0,0.0,0.0,0.0,0.0,0.0,0.0,18
Manewada Square,2021-11-01,LOW,0.0,2021,11,0,0,0,0.0,0.0,0.0,0.0,0.0,0.0,0.0,4,0,-0.5,0.866025,0,0.0,1.0,0,0.0,0.0,0.0,0.0,0.0,0.0,0.0,0.0,0.0,18
Manewada Square,2021-12-01,LOW,0.0,2021,12,0,0,0,0.0,0.0,0.0,0.0,0.0,0.0,0.0,4,0,-0.0,1.0,2,0.974928,-0.222521,0,0.0,0.0,0.0,0.0,0.0,0.0,0.0,0.0,0.0,18
Manewada Square,2022-01-01,LOW,0.0,2022,1,0,0,0,0.0,0.0,0.0,0.0,0.0,0.0,0.0,1,1,0.5,0.866025,5,-0.974928,-0.222521,1,0.0,0.0,0.0,0.0,0.0,0.0,0.0,0.0,0.0,18
Manewada Square,2022-02-01,LOW,0.0,2022,2,0,0,0,0.0,0.0,0.0,0.0,0.0,0.0,0.0,1,0,0.866025,0.5,1,0.781831,0.62349,0,0.0,0.0,0.0,0.0,0.0,0.0,0.0,0.0,0.0,18
Manewada Square,2022-03-01,LOW,0.0,2022,3,0,0,0,0.0,0.0,0.0,0.0,0.0,0.0,0.0,1,0,1.0,0.0,1,0.781831,0.62349,0,0.0,0.0,0.0,0.0,0.0,0.0,0.0,0.0,0.0,18
Manewada Square,2022-04-01,LOW,0.0,2022,4,0,0,0,0.0,0.0,0.0,0.0,0.0,0.0,0.0,2,0,0.866025,-0.5,4,-0.433884,-0.900969,0,0.0,0.0,0.0,0.0,0.0,0.0,0.0,0.0,0.0,18
Manewada Square,2022-05-01,LOW,0.0,2022,5,0,0,0,0.0,0.0,0.0,0.0,0.0,0.0,0.0,2,0,0.5,-0.866025,6,-0.781831,0.62349,1,0.0,0.0,0.0,0.0,0.0,0.0,0.0,0.0,0.0,18
Manewada Square,2022-06-01,LOW,0.0,2022,6,0,0,0,0.0,0.0,0.0,0.0,0.0,0.0,0.0,2,0,0.0,-1.0,2,0.974928,-0.222521,0,0.0,0.0,0.0,0.0,0.0,0.0,0.0,0.0,0.0,18
Manewada Square,2022-07-01,LOW,0.0,2022,7,0,0,0,0.0,0.0,0.0,0.0,0.0,0.0,0.0,3,0,-0.5,-0.866025,4,-0.433884,-0.900969,0,0.0,0.0,0.0,0.0,0.0,0.0,0.0,0.0,0.0,18
Manewada Square,2022-08-01,LOW,0.0,2022,8,0,0,0,0.0,0.0,0.0,0.0,0.0,0.0,0.0,3,0,-0.866025,-0.5,0,0.0,1.0,0,0.0,0.0,0.0,0.0,0.0,0.0,0.0,0.0,0.0,18
Manewada Square,2022-09-01,LOW,0.0,2022,9,0,0,0,0.0,0.0,0.0,0.0,0.0,0.0,0.0,3,0,-1.0,-0.0,3,0.433884,-0.900969,0,0.0,0.0,0.0,0.0,0.0,0.0,0.0,0.0,0.0,18
Manewada Square,2022-10-01,LOW,0.0,2022,10,0,0,0,0.0,0.0,0.0,0.0,0.0,0.0,0.0,4,0,-0.866025,0.5,5,-0.974928,-0.222521,1,0.0,0.0,0.0,0.0,0.0,0.0,0.0,0.0,0.0,18
Manewada Square,2022-11-01,LOW,0.0,2022,11,0,0,0,0.0,0.0,0.0,0.0,0.0,0.0,0.0,4,0,-0.5,0.866025,1,0.781831,0.62349,0,0.0,0.0,0.0,0.0,0.0,0.0,0.0,0.0,0.0,18
Manewada Square,2022-12-01,LOW,0.0,2022,12,0,0,0,0.0,0.0,0.0,0.0,0.0,0.0,0.0,4,0,-0.0,1.0,3,0.433884,-0.900969,0,0.0,0.0,0.0,0.0,0.0,0.0,0.0,0.0,0.0,18
Manewada Square,2023-01-01,LOW,0.0,2023,1,0,0,0,0.0,0.0,0.0,0.0,0.0,0.0,0.0,1,1,0.5,0.866025,6,-0.781831,0.62349,1,0.0,0.0,0.0,0.0,0.0,0.0,0.0,0.0,0.0,18
Manewada Square,2023-02-01,LOW,0.0,2023,2,0,0,0,0.0,0.0,0.0,0.0,0.0,0.0,0.0,1,0,0.866025,0.5,2,0.974928,-0.222521,0,0.0,0.0,0.0,0.0,0.0,0.0,0.0,0.0,0.0,18
Manewada Square,2023-03-01,LOW,0.0,2023,3,0,0,0,0.0,0.0,0.0,0.0,0.0,0.0,0.0,1,0,1.0,0.0,2,0.974928,-0.222521,0,0.0,0.0,0.0,0.0,0.0,0.0,0.0,0.0,0.0,18
Manewada Square,2023-04-01,LOW,0.0,2023,4,0,0,0,0.0,0.0,0.0,0.0,0.0,0.0,0.0,2,0,0.866025,-0.5,5,-0.974928,-0.222521,1,0.0,0.0,0.0,0.0,0.0,0.0,0.0,0.0,0.0,18
Manewada Square,2023-05-01,LOW,0.0,2023,5,0,0,0,0.0,0.0,0.0,0.0,0.0,0.0,0.0,2,0,0.5,-0.866025,0,0.0,1.0,0,0.0,0.0,0.0,0.0,0.0,0.0,0.0,0.0,0.0,18
Manewada Square,2023-06-01,LOW,0.0,2023,6,0,0,0,0.0,0.0,0.0,0.0,0.0,0.0,0.0,2,0,0.0,-1.0,3,0.433884,-0.900969,0,0.0,0.0,0.0,0.0,0.0,0.0,0.0,0.0,0.0,18
Manewada Square,2023-07-01,LOW,0.0,2023,7,0,0,0,0.0,0.0,0.0,0.0,0.0,0.0,0.0,3,0,-0.5,-0.866025,5,-0.974928,-0.222521,1,0.0,0.0,0.0,0.0,0.0,0.0,0.0,0.0,0.0,18
Manewada Square,2023-08-01,LOW,0.0,2023,8,0,0,0,0.0,0.0,0.0,0.0,0.0,0.0,0.0,3,0,-0.866025,-0.5,1,0.781831,0.62349,0,0.0,0.0,0.0,0.0,0.0,0.0,0.0,0.0,0.0,18
Manewada Square,2023-09-01,LOW,0.0,2023,9,0,0,0,0.0,0.0,0.0,0.0,0.0,0.0,0.0,3,0,-1.0,-0.0,4,-0.433884,-0.900969,0,0.0,0.0,0.0,0.0,0.0,0.0,0.0,0.0,0.0,18
Manewada Square,2023-10-01,LOW,0.0,2023,10,0,0,0,0.0,0.0,0.0,0.0,0.0,0.0,0.0,4,0,-0.866025,0.5,6,-0.781831,0.62349,1,0.0,0.0,0.0,0.0,0.0,0.0,0.0,0.0,0.0,18
Manewada Square,2023-11-01,LOW,0.0,2023,11,0,0,0,0.0,0.0,0.0,0.0,0.0,0.0,0.0,4,0,-0.5,0.866025,2,0.974928,-0.222521,0,0.0,0.0,0.0,0.0,0.0,0.0,0.0,0.0,0.0,18
Manewada Square,2023-12-01,LOW,0.0,2023,12,0,0,0,0.0,0.0,0.0,0.0,0.0,0.0,0.0,4,0,-0.0,1.0,4,-0.433884,-0.900969,0,0.0,0.0,0.0,0.0,0.0,0.0,0.0,0.0,0.0,18
Mate Square,2020-01-01,LOW,0.0,2020,1,0,0,0,0.0,0.0,0.0,0.0,0.0,0.0,0.0,1,1,0.5,0.866025,2,0.974928,-0.222521,0,0.0,0.0,0.0,0.0,0.0,0.0,0.0,0.0,0.0,19
Mate Square,2020-02-01,LOW,0.0,2020,2,0,0,0,0.0,0.0,0.0,0.0,0.0,0.0,0.0,1,0,0.866025,0.5,5,-0.974928,-0.222521,1,0.0,0.0,0.0,0.0,0.0,0.0,0.0,0.0,0.0,19
Mate Square,2020-03-01,LOW,0.0,2020,3,0,0,0,0.0,0.0,0.0,0.0,0.0,0.0,0.0,1,0,1.0,0.0,6,-0.781831,0.62349,1,0.0,0.0,0.0,0.0,0.0,0.0,0.0,0.0,0.0,19
Mate Square,2020-04-01,LOW,0.0,2020,4,0,0,0,0.0,0.0,0.0,0.0,0.0,0.0,0.0,2,0,0.866025,-0.5,2,0.974928,-0.222521,0,0.0,0.0,0.0,0.0,0.0,0.0,0.0,0.0,0.0,19
Mate Square,2020-05-01,LOW,0.0,2020,5,0,0,0,0.0,0.0,0.0,0.0,0.0,0.0,0.0,2,0,0.5,-0.866025,4,-0.433884,-0.900969,0,0.0,0.0,0.0,0.0,0.0,0.0,0.0,0.0,0.0,19
Mate Square,2020-06-01,LOW,0.0,2020,6,0,0,0,0.0,0.0,0.0,0.0,0.0,0.0,0.0,2,0,0.0,-1.0,0,0.0,1.0,0,0.0,0.0,0.0,0.0,0.0,0.0,0.0,0.0,0.0,19
Mate Square,2020-07-01,LOW,0.0,2020,7,0,0,0,0.0,0.0,0.0,0.0,0.0,0.0,0.0,3,0,-0.5,-0.866025,2,0.974928,-0.222521,0,0.0,0.0,0.0,0.0,0.0,0.0,0.0,0.0,0.0,19
Mate Square,2020-08-01,LOW,0.0,2020,8,0,0,0,0.0,0.0,0.0,0.0,0.0,0.0,0.0,3,0,-0.866025,-0.5,5,-0.974928,-0.222521,1,0.0,0.0,0.0,0.0,0.0,0.0,0.0,0.0,0.0,19
Mate Square,2020-09-01,LOW,0.0,2020,9,0,0,0,0.0,0.0,0.0,0.0,0.0,0.0,0.0,3,0,-1.0,-0.0,1,0.781831,0.62349,0,0.0,0.0,0.0,0.0,0.0,0.0,0.0,0.0,0.0,19
Mate Square,2020-10-01,LOW,0.0,2020,10,0,0,0,0.0,0.0,0.0,0.0,0.0,0.0,0.0,4,0,-0.866025,0.5,3,0.433884,-0.900969,0,0.0,0.0,0.0,0.0,0.0,0.0,0.0,0.0,0.0,19
Mate Square,2020-11-01,LOW,0.0,2020,11,0,0,0,0.0,0.0,0.0,0.0,0.0,0.0,0.0,4,0,-0.5,0.866025,6,-0.781831,0.62349,1,0.0,0.0,0.0,0.0,0.0,0.0,0.0,0.0,0.0,19
Mate Square,2020-12-01,LOW,0.0,2020,12,0,0,0,0.0,0.0,0.0,0.0,0.0,0.0,0.0,4,0,-0.0,1.0,1,0.781831,0.62349,0,0.0,0.0,0.0,0.0,0.0,0.0,0.0,0.0,0.0,19
Mate Square,2021-01-01,LOW,0.0,2021,1,0,0,0,0.0,0.0,0.0,0.0,0.0,0.0,0.0,1,1,0.5,0.866025,4,-0.433884,-0.900969,0,0.0,0.0,0.0,0.0,0.0,0.0,0.0,0.0,0.0,19
Mate Square,2021-02-01,LOW,0.0,2021,2,0,0,0,0.0,0.0,0.0,0.0,0.0,0.0,0.0,1,0,0.866025,0.5,0,0.0,1.0,0,0.0,0.0,0.0,0.0,0.0,0.0,0.0,0.0,0.0,19
Mate Square,2021-03-01,LOW,0.0,2021,3,0,0,0,0.0,0.0,0.0,0.0,0.0,0.0,0.0,1,0,1.0,0.0,0,0.0,1.0,0,0.0,0.0,0.0,0.0,0.0,0.0,0.0,0.0,0.0,19
Mate Square,2021-04-01,LOW,0.0,2021,4,0,0,0,0.0,0.0,0.0,0.0,0.0,0.0,0.0,2,0,0.866025,-0.5,3,0.433884,-0.900969,0,0.0,0.0,0.0,0.0,0.0,0.0,0.0,0.0,0.0,19
Mate Square,2021-05-01,LOW,0.0,2021,5,0,0,0,0.0,0.0,0.0,0.0,0.0,0.0,0.0,2,0,0.5,-0.866025,5,-0.974928,-0.222521,1,0.0,0.0,0.0,0.0,0.0,0.0,0.0,0.0,0.0,19
Mate Square,2021-06-01,LOW,0.0,2021,6,0,0,0,0.0,0.0,0.0,0.0,0.0,0.0,0.0,2,0,0.0,-1.0,1,0.781831,0.62349,0,0.0,0.0,0.0,0.0,0.0,0.0,0.0,0.0,0.0,19
Mate Square,2021-07-01,LOW,0.0,2021,7,0,0,0,0.0,0.0,0.0,0.0,0.0,0.0,0.0,3,0,-0.5,-0.866025,3,0.433884,-0.900969,0,0.0,0.0,0.0,0.0,0.0,0.0,0.0,0.0,0.0,19
Mate Square,2021-08-01,LOW,0.0,2021,8,0,0,0,0.0,0.0,0.0,0.0,0.0,0.0,0.0,3,0,-0.866025,-0.5,6,-0.781831,0.62349,1,0.0,0.0,0.0,0.0,0.0,0.0,0.0,0.0,0.0,19
Mate Square,2021-09-01,LOW,0.0,2021,9,0,0,0,0.0,0.0,0.0,0.0,0.0,0.0,0.0,3,0,-1.0,-0.0,2,0.974928,-0.222521,0,0.0,0.0,0.0,0.0,0.0,0.0,0.0,0.0,0.0,19
Mate Square,2021-10-01,LOW,0.0,2021,10,0,0,0,0.0,0.0,0.0,0.0,0.0,0.0,0.0,4,0,-0.866025,0.5,4,-0.433884,-0.900969,0,0.0,0.0,0.0,0.0,0.0,0.0,0.0,0.0,0.0,19
Mate Square,2021-11-01,LOW,0.0,2021,11,0,0,0,0.0,0.0,0.0,0.0,0.0,0.0,0.0,4,0,-0.5,0.866025,0,0.0,1.0,0,0.0,0.0,0.0,0.0,0.0,0.0,0.0,0.0,0.0,19
Mate Square,2021-12-01,LOW,0.0,2021,12,0,0,0,0.0,0.0,0.0,0.0,0.0,0.0,0.0,4,0,-0.0,1.0,2,0.974928,-0.222521,0,0.0,0.0,0.0,0.0,0.0,0.0,0.0,0.0,0.0,19
Mate Square,2022-01-01,LOW,0.0,2022,1,0,0,0,0.0,0.0,0.0,0.0,0.0,0.0,0.0,1,1,0.5,0.866025,5,-0.974928,-0.222521,1,0.0,0.0,0.0,0.0,0.0,0.0,0.0,0.0,0.0,19
Mate Square,2022-02-01,LOW,0.0,2022,2,0,0,0,0.0,0.0,0.0,0.0,0.0,0.0,0.0,1,0,0.866025,0.5,1,0.781831,0.62349,0,0.0,0.0,0.0,0.0,0.0,0.0,0.0,0.0,0.0,19
Mate Square,2022-03-01,LOW,0.0,2022,3,0,0,0,0.0,0.0,0.0,0.0,0.0,0.0,0.0,1,0,1.0,0.0,1,0.781831,0.62349,0,0.0,0.0,0.0,0.0,0.0,0.0,0.0,0.0,0.0,19
Mate Square,2022-04-01,LOW,0.0,2022,4,0,0,0,0.0,0.0,0.0,0.0,0.0,0.0,0.0,2,0,0.866025,-0.5,4,-0.433884,-0.900969,0,0.0,0.0,0.0,0.0,0.0,0.0,0.0,0.0,0.0,19
Mate Square,2022-05-01,LOW,0.0,2022,5,0,0,0,0.0,0.0,0.0,0.0,0.0,0.0,0.0,2,0,0.5,-0.866025,6,-0.781831,0.62349,1,0.0,0.0,0.0,0.0,0.0,0.0,0.0,0.0,0.0,19
Mate Square,2022-06-01,LOW,0.0,2022,6,0,0,0,0.0,0.0,0.0,0.0,0.0,0.0,0.0,2,0,0.0,-1.0,2,0.974928,-0.222521,0,0.0,0.0,0.0,0.0,0.0,0.0,0.0,0.0,0.0,19
Mate Square,2022-07-01,LOW,0.0,2022,7,0,0,0,0.0,0.0,0.0,0.0,0.0,0.0,0.0,3,0,-0.5,-0.866025,4,-0.433884,-0.900969,0,0.0,0.0,0.0,0.0,0.0,0.0,0.0,0.0,0.0,19
Mate Square,2022-08-01,LOW,0.0,2022,8,0,0,0,0.0,0.0,0.0,0.0,0.0,0.0,0.0,3,0,-0.866025,-0.5,0,0.0,1.0,0,0.0,0.0,0.0,0.0,0.0,0.0,0.0,0.0,0.0,19
Mate Square,2022-09-01,LOW,0.0,2022,9,0,0,0,0.0,0.0,0.0,0.0,0.0,0.0,0.0,3,0,-1.0,-0.0,3,0.433884,-0.900969,0,0.0,0.0,0.0,0.0,0.0,0.0,0.0,0.0,0.0,19
Mate Square,2022-10-01,LOW,0.0,2022,10,0,0,0,0.0,0.0,0.0,0.0,0.0,0.0,0.0,4,0,-0.866025,0.5,5,-0.974928,-0.222521,1,0.0,0.0,0.0,0.0,0.0,0.0,0.0,0.0,0.0,19
Mate Square,2022-11-01,LOW,0.0,2022,11,0,0,0,0.0,0.0,0.0,0.0,0.0,0.0,0.0,4,0,-0.5,0.866025,1,0.781831,0.62349,0,0.0,0.0,0.0,0.0,0.0,0.0,0.0,0.0,0.0,19
Mate Square,2022-12-01,LOW,0.0,2022,12,0,0,0,0.0,0.0,0.0,0.0,0.0,0.0,0.0,4,0,-0.0,1.0,3,0.433884,-0.900969,0,0.0,0.0,0.0,0.0,0.0,0.0,0.0,0.0,0.0,19
Mate Square,2023-01-01,LOW,0.0,2023,1,0,0,0,0.0,0.0,0.0,0.0,0.0,0.0,0.0,1,1,0.5,0.866025,6,-0.781831,0.62349,1,0.0,0.0,0.0,0.0,0.0,0.0,0.0,0.0,0.0,19
Mate Square,2023-02-01,LOW,0.0,2023,2,0,0,0,0.0,0.0,0.0,0.0,0.0,0.0,0.0,1,0,0.866025,0.5,2,0.974928,-0.222521,0,0.0,0.0,0.0,0.0,0.0,0.0,0.0,0.0,0.0,19
Mate Square,2023-03-01,LOW,0.0,2023,3,0,0,0,0.0,0.0,0.0,0.0,0.0,0.0,0.0,1,0,1.0,0.0,2,0.974928,-0.222521,0,0.0,0.0,0.0,0.0,0.0,0.0,0.0,0.0,0.0,19
Mate Square,2023-04-01,LOW,0.0,2023,4,0,0,0,0.0,0.0,0.0,0.0,0.0,0.0,0.0,2,0,0.866025,-0.5,5,-0.974928,-0.222521,1,0.0,0.0,0.0,0.0,0.0,0.0,0.0,0.0,0.0,19
Mate Square,2023-05-01,LOW,0.0,2023,5,0,0,0,0.0,0.0,0.0,0.0,0.0,0.0,0.0,2,0,0.5,-0.866025,0,0.0,1.0,0,0.0,0.0,0.0,0.0,0.0,0.0,0.0,0.0,0.0,19
Mate Square,2023-06-01,LOW,0.0,2023,6,0,0,0,0.0,0.0,0.0,0.0,0.0,0.0,0.0,2,0,0.0,-1.0,3,0.433884,-0.900969,0,0.0,0.0,0.0,0.0,0.0,0.0,0.0,0.0,0.0,19
Mate Square,2023-07-01,LOW,0.0,2023,7,0,0,0,0.0,0.0,0.0,0.0,0.0,0.0,0.0,3,0,-0.5,-0.866025,5,-0.974928,-0.222521,1,0.0,0.0,0.0,0.0,0.0,0.0,0.0,0.0,0.0,19
Mate Square,2023-08-01,LOW,0.0,2023,8,0,0,0,0.0,0.0,0.0,0.0,0.0,0.0,0.0,3,0,-0.866025,-0.5,1,0.781831,0.62349,0,0.0,0.0,0.0,0.0,0.0,0.0,0.0,0.0,0.0,19
Mate Square,2023-09-01,LOW,0.0,2023,9,0,0,0,0.0,0.0,0.0,0.0,0.0,0.0,0.0,3,0,-1.0,-0.0,4,-0.433884,-0.900969,0,0.0,0.0,0.0,0.0,0.0,0.0,0.0,0.0,0.0,19
Mate Square,2023-10-01,LOW,0.0,2023,10,0,0,0,0.0,0.0,0.0,0.0,0.0,0.0,0.0,4,0,-0.866025,0.5,6,-0.781831,0.62349,1,0.0,0.0,0.0,0.0,0.0,0.0,0.0,0.0,0.0,19
Mate Square,2023-11-01,LOW,0.0,2023,11,0,0,0,0.0,0.0,0.0,0.0,0.0,0.0,0.0,4,0,-0.5,0.866025,2,0.974928,-0.222521,0,0.0,0.0,0.0,0.0,0.0,0.0,0.0,0.0,0.0,19
Mate Square,2023-12-01,LOW,0.0,2023,12,0,0,0,0.0,0.0,0.0,0.0,0.0,0.0,0.0,4,0,-0.0,1.0,4,-0.433884,-0.900969,0,0.0,0.0,0.0,0.0,0.0,0.0,0.0,0.0,0.0,19
Medical Square,2020-01-01,LOW,0.0,2020,1,0,0,0,0.0,0.0,0.0,0.0,0.0,0.0,0.0,1,1,0.5,0.866025,2,0.974928,-0.222521,0,0.0,0.0,0.0,0.0,0.0,0.0,0.0,0.0,0.0,20
Medical Square,2020-02-01,LOW,0.0,2020,2,0,0,0,0.0,0.0,0.0,0.0,0.0,0.0,0.0,1,0,0.866025,0.5,5,-0.974928,-0.222521,1,0.0,0.0,0.0,0.0,0.0,0.0,0.0,0.0,0.0,20
Medical Square,2020-03-01,LOW,0.0,2020,3,0,0,0,0.0,0.0,0.0,0.0,0.0,0.0,0.0,1,0,1.0,0.0,6,-0.781831,0.62349,1,0.0,0.0,0.0,0.0,0.0,0.0,0.0,0.0,0.0,20
Medical Square,2020-04-01,LOW,0.0,2020,4,0,0,0,0.0,0.0,0.0,0.0,0.0,0.0,0.0,2,0,0.866025,-0.5,2,0.974928,-0.222521,0,0.0,0.0,0.0,0.0,0.0,0.0,0.0,0.0,0.0,20
Medical Square,2020-05-01,LOW,0.0,2020,5,0,0,0,0.0,0.0,0.0,0.0,0.0,0.0,0.0,2,0,0.5,-0.866025,4,-0.433884,-0.900969,0,0.0,0.0,0.0,0.0,0.0,0.0,0.0,0.0,0.0,20
Medical Square,2020-06-01,LOW,0.0,2020,6,0,0,0,0.0,0.0,0.0,0.0,0.0,0.0,0.0,2,0,0.0,-1.0,0,0.0,1.0,0,0.0,0.0,0.0,0.0,0.0,0.0,0.0,0.0,0.0,20
Medical Square,2020-07-01,LOW,0.0,2020,7,0,0,0,0.0,0.0,0.0,0.0,0.0,0.0,0.0,3,0,-0.5,-0.866025,2,0.974928,-0.222521,0,0.0,0.0,0.0,0.0,0.0,0.0,0.0,0.0,0.0,20
Medical Square,2020-08-01,LOW,0.0,2020,8,0,0,0,0.0,0.0,0.0,0.0,0.0,0.0,0.0,3,0,-0.866025,-0.5,5,-0.974928,-0.222521,1,0.0,0.0,0.0,0.0,0.0,0.0,0.0,0.0,0.0,20
Medical Square,2020-09-01,LOW,0.0,2020,9,0,0,0,0.0,0.0,0.0,0.0,0.0,0.0,0.0,3,0,-1.0,-0.0,1,0.781831,0.62349,0,0.0,0.0,0.0,0.0,0.0,0.0,0.0,0.0,0.0,20
Medical Square,2020-10-01,LOW,0.0,2020,10,0,0,0,0.0,0.0,0.0,0.0,0.0,0.0,0.0,4,0,-0.866025,0.5,3,0.433884,-0.900969,0,0.0,0.0,0.0,0.0,0.0,0.0,0.0,0.0,0.0,20
Medical Square,2020-11-01,LOW,0.0,2020,11,0,0,0,0.0,0.0,0.0,0.0,0.0,0.0,0.0,4,0,-0.5,0.866025,6,-0.781831,0.62349,1,0.0,0.0,0.0,0.0,0.0,0.0,0.0,0.0,0.0,20
Medical Square,2020-12-01,LOW,0.0,2020,12,0,0,0,0.0,0.0,0.0,0.0,0.0,0.0,0.0,4,0,-0.0,1.0,1,0.781831,0.62349,0,0.0,0.0,0.0,0.0,0.0,0.0,0.0,0.0,0.0,20
Medical Square,2021-01-01,LOW,0.0,2021,1,0,0,0,0.0,0.0,0.0,0.0,0.0,0.0,0.0,1,1,0.5,0.866025,4,-0.433884,-0.900969,0,0.0,0.0,0.0,0.0,0.0,0.0,0.0,0.0,0.0,20
Medical Square,2021-02-01,LOW,0.0,2021,2,0,0,0,0.0,0.0,0.0,0.0,0.0,0.0,0.0,1,0,0.866025,0.5,0,0.0,1.0,0,0.0,0.0,0.0,0.0,0.0,0.0,0.0,0.0,0.0,20
Medical Square,2021-03-01,LOW,0.0,2021,3,0,0,0,0.0,0.0,0.0,0.0,0.0,0.0,0.0,1,0,1.0,0.0,0,0.0,1.0,0,0.0,0.0,0.0,0.0,0.0,0.0,0.0,0.0,0.0,20
Medical Square,2021-04-01,LOW,0.0,2021,4,0,0,0,0.0,0.0,0.0,0.0,0.0,0.0,0.0,2,0,0.866025,-0.5,3,0.433884,-0.900969,0,0.0,0.0,0.0,0.0,0.0,0.0,0.0,0.0,0.0,20
Medical Square,2021-05-01,LOW,0.0,2021,5,0,0,0,0.0,0.0,0.0,0.0,0.0,0.0,0.0,2,0,0.5,-0.866025,5,-0.974928,-0.222521,1,0.0,0.0,0.0,0.0,0.0,0.0,0.0,0.0,0.0,20
Medical Square,2021-06-01,LOW,0.0,2021,6,0,0,0,0.0,0.0,0.0,0.0,0.0,0.0,0.0,2,0,0.0,-1.0,1,0.781831,0.62349,0,0.0,0.0,0.0,0.0,0.0,0.0,0.0,0.0,0.0,20
Medical Square,2021-07-01,LOW,0.0,2021,7,0,0,0,0.0,0.0,0.0,0.0,0.0,0.0,0.0,3,0,-0.5,-0.866025,3,0.433884,-0.900969,0,0.0,0.0,0.0,0.0,0.0,0.0,0.0,0.0,0.0,20
Medical Square,2021-08-01,LOW,0.0,2021,8,0,0,0,0.0,0.0,0.0,0.0,0.0,0.0,0.0,3,0,-0.866025,-0.5,6,-0.781831,0.62349,1,0.0,0.0,0.0,0.0,0.0,0.0,0.0,0.0,0.0,20
Medical Square,2021-09-01,LOW,0.0,2021,9,0,0,0,0.0,0.0,0.0,0.0,0.0,0.0,0.0,3,0,-1.0,-0.0,2,0.974928,-0.222521,0,0.0,0.0,0.0,0.0,0.0,0.0,0.0,0.0,0.0,20
Medical Square,2021-10-01,LOW,0.0,2021,10,0,0,0,0.0,0.0,0.0,0.0,0.0,0.0,0.0,4,0,-0.866025,0.5,4,-0.433884,-0.900969,0,0.0,0.0,0.0,0.0,0.0,0.0,0.0,0.0,0.0,20
Medical Square,2021-11-01,LOW,0.0,2021,11,0,0,0,0.0,0.0,0.0,0.0,0.0,0.0,0.0,4,0,-0.5,0.866025,0,0.0,1.0,0,0.0,0.0,0.0,0.0,0.0,0.0,0.0,0.0,0.0,20
Medical Square,2021-12-01,LOW,0.0,2021,12,0,0,0,0.0,0.0,0.0,0.0,0.0,0.0,0.0,4,0,-0.0,1.0,2,0.974928,-0.222521,0,0.0,0.0,0.0,0.0,0.0,0.0,0.0,0.0,0.0,20
Medical Square,2022-01-01,LOW,0.0,2022,1,0,0,0,0.0,0.0,0.0,0.0,0.0,0.0,0.0,1,1,0.5,0.866025,5,-0.974928,-0.222521,1,0.0,0.0,0.0,0.0,0.0,0.0,0.0,0.0,0.0,20
Medical Square,2022-02-01,LOW,0.0,2022,2,0,0,0,0.0,0.0,0.0,0.0,0.0,0.0,0.0,1,0,0.866025,0.5,1,0.781831,0.62349,0,0.0,0.0,0.0,0.0,0.0,0.0,0.0,0.0,0.0,20
Medical Square,2022-03-01,LOW,0.0,2022,3,0,0,0,0.0,0.0,0.0,0.0,0.0,0.0,0.0,1,0,1.0,0.0,1,0.781831,0.62349,0,0.0,0.0,0.0,0.0,0.0,0.0,0.0,0.0,0.0,20
Medical Square,2022-04-01,LOW,0.0,2022,4,0,0,0,0.0,0.0,0.0,0.0,0.0,0.0,0.0,2,0,0.866025,-0.5,4,-0.433884,-0.900969,0,0.0,0.0,0.0,0.0,0.0,0.0,0.0,0.0,0.0,20
Medical Square,2022-05-01,LOW,0.0,2022,5,0,0,0,0.0,0.0,0.0,0.0,0.0,0.0,0.0,2,0,0.5,-0.866025,6,-0.781831,0.62349,1,0.0,0.0,0.0,0.0,0.0,0.0,0.0,0.0,0.0,20
Medical Square,2022-06-01,LOW,0.0,2022,6,0,0,0,0.0,0.0,0.0,0.0,0.0,0.0,0.0,2,0,0.0,-1.0,2,0.974928,-0.222521,0,0.0,0.0,0.0,0.0,0.0,0.0,0.0,0.0,0.0,20
Medical Square,2022-07-01,LOW,0.0,2022,7,0,0,0,0.0,0.0,0.0,0.0,0.0,0.0,0.0,3,0,-0.5,-0.866025,4,-0.433884,-0.900969,0,0.0,0.0,0.0,0.0,0.0,0.0,0.0,0.0,0.0,20
Medical Square,2022-08-01,LOW,0.0,2022,8,0,0,0,0.0,0.0,0.0,0.0,0.0,0.0,0.0,3,0,-0.866025,-0.5,0,0.0,1.0,0,0.0,0.0,0.0,0.0,0.0,0.0,0.0,0.0,0.0,20
Medical Square,2022-09-01,LOW,0.0,2022,9,0,0,0,0.0,0.0,0.0,0.0,0.0,0.0,0.0,3,0,-1.0,-0.0,3,0.433884,-0.900969,0,0.0,0.0,0.0,0.0,0.0,0.0,0.0,0.0,0.0,20
Medical Square,2022-10-01,LOW,0.0,2022,10,0,0,0,0.0,0.0,0.0,0.0,0.0,0.0,0.0,4,0,-0.866025,0.5,5,-0.974928,-0.222521,1,0.0,0.0,0.0,0.0,0.0,0.0,0.0,0.0,0.0,20
Medical Square,2022-11-01,LOW,0.0,2022,11,0,0,0,0.0,0.0,0.0,0.0,0.0,0.0,0.0,4,0,-0.5,0.866025,1,0.781831,0.62349,0,0.0,0.0,0.0,0.0,0.0,0.0,0.0,0.0,0.0,20
Medical Square,2022-12-01,LOW,0.0,2022,12,0,0,0,0.0,0.0,0.0,0.0,0.0,0.0,0.0,4,0,-0.0,1.0,3,0.433884,-0.900969,0,0.0,0.0,0.0,0.0,0.0,0.0,0.0,0.0,0.0,20
Medical Square,2023-01-01,LOW,0.0,2023,1,0,0,0,0.0,0.0,0.0,0.0,0.0,0.0,0.0,1,1,0.5,0.866025,6,-0.781831,0.62349,1,0.0,0.0,0.0,0.0,0.0,0.0,0.0,0.0,0.0,20
Medical Square,2023-02-01,LOW,0.0,2023,2,0,0,0,0.0,0.0,0.0,0.0,0.0,0.0,0.0,1,0,0.866025,0.5,2,0.974928,-0.222521,0,0.0,0.0,0.0,0.0,0.0,0.0,0.0,0.0,0.0,20
Medical Square,2023-03-01,LOW,0.0,2023,3,0,0,0,0.0,0.0,0.0,0.0,0.0,0.0,0.0,1,0,1.0,0.0,2,0.974928,-0.222521,0,0.0,0.0,0.0,0.0,0.0,0.0,0.0,0.0,0.0,20
Medical Square,2023-04-01,LOW,0.0,2023,4,0,0,0,0.0,0.0,0.0,0.0,0.0,0.0,0.0,2,0,0.866025,-0.5,5,-0.974928,-0.222521,1,0.0,0.0,0.0,0.0,0.0,0.0,0.0,0.0,0.0,20
Medical Square,2023-05-01,LOW,0.0,2023,5,0,0,0,0.0,0.0,0.0,0.0,0.0,0.0,0.0,2,0,0.5,-0.866025,0,0.0,1.0,0,0.0,0.0,0.0,0.0,0.0,0.0,0.0,0.0,0.0,20
Medical Square,2023-06-01,LOW,0.0,2023,6,0,0,0,0.0,0.0,0.0,0.0,0.0,0.0,0.0,2,0,0.0,-1.0,3,0.433884,-0.900969,0,0.0,0.0,0.0,0.0,0.0,0.0,0.0,0.0,0.0,20
Medical Square,2023-07-01,LOW,0.0,2023,7,0,0,0,0.0,0.0,0.0,0.0,0.0,0.0,0.0,3,0,-0.5,-0.866025,5,-0.974928,-0.222521,1,0.0,0.0,0.0,0.0,0.0,0.0,0.0,0.0,0.0,20
Medical Square,2023-08-01,LOW,0.0,2023,8,0,0,0,0.0,0.0,0.0,0.0,0.0,0.0,0.0,3,0,-0.866025,-0.5,1,0.781831,0.62349,0,0.0,0.0,0.0,0.0,0.0,0.0,0.0,0.0,0.0,20
Medical Square,2023-09-01,LOW,0.0,2023,9,0,0,0,0.0,0.0,0.0,0.0,0.0,0.0,0.0,3,0,-1.0,-0.0,4,-0.433884,-0.900969,0,0.0,0.0,0.0,0.0,0.0,0.0,0.0,0.0,0.0,20
Medical Square,2023-10-01,LOW,0.0,2023,10,0,0,0,0.0,0.0,0.0,0.0,0.0,0.0,0.0,4,0,-0.866025,0.5,6,-0.781831,0.62349,1,0.0,0.0,0.0,0.0,0.0,0.0,0.0,0.0,0.0,20
Medical Square,2023-11-01,LOW,0.0,2023,11,0,0,0,0.0,0.0,0.0,0.0,0.0,0.0,0.0,4,0,-0.5,0.866025,2,0.974928,-0.222521,0,0.0,0.0,0.0,0.0,0.0,0.0,0.0,0.0,0.0,20
Medical Square,2023-12-01,LOW,0.0,2023,12,0,0,0,0.0,0.0,0.0,0.0,0.0,0.0,0.0,4,0,-0.0,1.0,4,-0.433884,-0.900969,0,0.0,0.0,0.0,0.0,0.0,0.0,0.0,0.0,0.0,20
Nandanvan Main Square,2020-01-01,LOW,0.0,2020,1,0,0,0,0.0,0.0,0.0,0.0,0.0,0.0,0.0,1,1,0.5,0.866025,2,0.974928,-0.222521,0,0.0,0.0,0.0,0.0,0.0,0.0,0.0,0.0,0.0,21
Nandanvan Main Square,2020-02-01,LOW,0.0,2020,2,0,0,0,0.0,0.0,0.0,0.0,0.0,0.0,0.0,1,0,0.866025,0.5,5,-0.974928,-0.222521,1,0.0,0.0,0.0,0.0,0.0,0.0,0.0,0.0,0.0,21
Nandanvan Main Square,2020-03-01,LOW,0.0,2020,3,0,0,0,0.0,0.0,0.0,0.0,0.0,0.0,0.0,1,0,1.0,0.0,6,-0.781831,0.62349,1,0.0,0.0,0.0,0.0,0.0,0.0,0.0,0.0,0.0,21
Nandanvan Main Square,2020-04-01,LOW,0.0,2020,4,0,0,0,0.0,0.0,0.0,0.0,0.0,0.0,0.0,2,0,0.866025,-0.5,2,0.974928,-0.222521,0,0.0,0.0,0.0,0.0,0.0,0.0,0.0,0.0,0.0,21
Nandanvan Main Square,2020-05-01,LOW,0.0,2020,5,0,0,0,0.0,0.0,0.0,0.0,0.0,0.0,0.0,2,0,0.5,-0.866025,4,-0.433884,-0.900969,0,0.0,0.0,0.0,0.0,0.0,0.0,0.0,0.0,0.0,21
Nandanvan Main Square,2020-06-01,LOW,0.0,2020,6,0,0,0,0.0,0.0,0.0,0.0,0.0,0.0,0.0,2,0,0.0,-1.0,0,0.0,1.0,0,0.0,0.0,0.0,0.0,0.0,0.0,0.0,0.0,0.0,21
Nandanvan Main Square,2020-07-01,LOW,0.0,2020,7,0,0,0,0.0,0.0,0.0,0.0,0.0,0.0,0.0,3,0,-0.5,-0.866025,2,0.974928,-0.222521,0,0.0,0.0,0.0,0.0,0.0,0.0,0.0,0.0,0.0,21
Nandanvan Main Square,2020-08-01,LOW,0.0,2020,8,0,0,0,0.0,0.0,0.0,0.0,0.0,0.0,0.0,3,0,-0.866025,-0.5,5,-0.974928,-0.222521,1,0.0,0.0,0.0,0.0,0.0,0.0,0.0,0.0,0.0,21
Nandanvan Main Square,2020-09-01,LOW,0.0,2020,9,0,0,0,0.0,0.0,0.0,0.0,0.0,0.0,0.0,3,0,-1.0,-0.0,1,0.781831,0.62349,0,0.0,0.0,0.0,0.0,0.0,0.0,0.0,0.0,0.0,21
Nandanvan Main Square,2020-10-01,LOW,0.0,2020,10,0,0,0,0.0,0.0,0.0,0.0,0.0,0.0,0.0,4,0,-0.866025,0.5,3,0.433884,-0.900969,0,0.0,0.0,0.0,0.0,0.0,0.0,0.0,0.0,0.0,21
Nandanvan Main Square,2020-11-01,LOW,0.0,2020,11,0,0,0,0.0,0.0,0.0,0.0,0.0,0.0,0.0,4,0,-0.5,0.866025,6,-0.781831,0.62349,1,0.0,0.0,0.0,0.0,0.0,0.0,0.0,0.0,0.0,21
Nandanvan Main Square,2020-12-01,LOW,0.0,2020,12,0,0,0,0.0,0.0,0.0,0.0,0.0,0.0,0.0,4,0,-0.0,1.0,1,0.781831,0.62349,0,0.0,0.0,0.0,0.0,0.0,0.0,0.0,0.0,0.0,21
Nandanvan Main Square,2021-01-01,LOW,0.0,2021,1,0,0,0,0.0,0.0,0.0,0.0,0.0,0.0,0.0,1,1,0.5,0.866025,4,-0.433884,-0.900969,0,0.0,0.0,0.0,0.0,0.0,0.0,0.0,0.0,0.0,21
Nandanvan Main Square,2021-02-01,LOW,0.0,2021,2,0,0,0,0.0,0.0,0.0,0.0,0.0,0.0,0.0,1,0,0.866025,0.5,0,0.0,1.0,0,0.0,0.0,0.0,0.0,0.0,0.0,0.0,0.0,0.0,21
Nandanvan Main Square,2021-03-01,LOW,0.0,2021,3,0,0,0,0.0,0.0,0.0,0.0,0.0,0.0,0.0,1,0,1.0,0.0,0,0.0,1.0,0,0.0,0.0,0.0,0.0,0.0,0.0,0.0,0.0,0.0,21
Nandanvan Main Square,2021-04-01,LOW,0.0,2021,4,0,0,0,0.0,0.0,0.0,0.0,0.0,0.0,0.0,2,0,0.866025,-0.5,3,0.433884,-0.900969,0,0.0,0.0,0.0,0.0,0.0,0.0,0.0,0.0,0.0,21
Nandanvan Main Square,2021-05-01,LOW,0.0,2021,5,0,0,0,0.0,0.0,0.0,0.0,0.0,0.0,0.0,2,0,0.5,-0.866025,5,-0.974928,-0.222521,1,0.0,0.0,0.0,0.0,0.0,0.0,0.0,0.0,0.0,21
Nandanvan Main Square,2021-06-01,LOW,0.0,2021,6,0,0,0,0.0,0.0,0.0,0.0,0.0,0.0,0.0,2,0,0.0,-1.0,1,0.781831,0.62349,0,0.0,0.0,0.0,0.0,0.0,0.0,0.0,0.0,0.0,21
Nandanvan Main Square,2021-07-01,LOW,0.0,2021,7,0,0,0,0.0,0.0,0.0,0.0,0.0,0.0,0.0,3,0,-0.5,-0.866025,3,0.433884,-0.900969,0,0.0,0.0,0.0,0.0,0.0,0.0,0.0,0.0,0.0,21
Nandanvan Main Square,2021-08-01,LOW,0.0,2021,8,0,0,0,0.0,0.0,0.0,0.0,0.0,0.0,0.0,3,0,-0.866025,-0.5,6,-0.781831,0.62349,1,0.0,0.0,0.0,0.0,0.0,0.0,0.0,0.0,0.0,21
Nandanvan Main Square,2021-09-01,LOW,0.0,2021,9,0,0,0,0.0,0.0,0.0,0.0,0.0,0.0,0.0,3,0,-1.0,-0.0,2,0.974928,-0.222521,0,0.0,0.0,0.0,0.0,0.0,0.0,0.0,0.0,0.0,21
Nandanvan Main Square,2021-10-01,LOW,0.0,2021,10,0,0,0,0.0,0.0,0.0,0.0,0.0,0.0,0.0,4,0,-0.866025,0.5,4,-0.433884,-0.900969,0,0.0,0.0,0.0,0.0,0.0,0.0,0.0,0.0,0.0,21
Nandanvan Main Square,2021-11-01,LOW,0.0,2021,11,0,0,0,0.0,0.0,0.0,0.0,0.0,0.0,0.0,4,0,-0.5,0.866025,0,0.0,1.0,0,0.0,0.0,0.0,0.0,0.0,0.0,0.0,0.0,0.0,21
Nandanvan Main Square,2021-12-01,LOW,0.0,2021,12,0,0,0,0.0,0.0,0.0,0.0,0.0,0.0,0.0,4,0,-0.0,1.0,2,0.974928,-0.222521,0,0.0,0.0,0.0,0.0,0.0,0.0,0.0,0.0,0.0,21
Nandanvan Main Square,2022-01-01,LOW,0.0,2022,1,0,0,0,0.0,0.0,0.0,0.0,0.0,0.0,0.0,1,1,0.5,0.866025,5,-0.974928,-0.222521,1,0.0,0.0,0.0,0.0,0.0,0.0,0.0,0.0,0.0,21
Nandanvan Main Square,2022-02-01,LOW,0.0,2022,2,0,0,0,0.0,0.0,0.0,0.0,0.0,0.0,0.0,1,0,0.866025,0.5,1,0.781831,0.62349,0,0.0,0.0,0.0,0.0,0.0,0.0,0.0,0.0,0.0,21
Nandanvan Main Square,2022-03-01,LOW,0.0,2022,3,0,0,0,0.0,0.0,0.0,0.0,0.0,0.0,0.0,1,0,1.0,0.0,1,0.781831,0.62349,0,0.0,0.0,0.0,0.0,0.0,0.0,0.0,0.0,0.0,21
Nandanvan Main Square,2022-04-01,LOW,0.0,2022,4,0,0,0,0.0,0.0,0.0,0.0,0.0,0.0,0.0,2,0,0.866025,-0.5,4,-0.433884,-0.900969,0,0.0,0.0,0.0,0.0,0.0,0.0,0.0,0.0,0.0,21
Nandanvan Main Square,2022-05-01,LOW,0.0,2022,5,0,0,0,0.0,0.0,0.0,0.0,0.0,0.0,0.0,2,0,0.5,-0.866025,6,-0.781831,0.62349,1,0.0,0.0,0.0,0.0,0.0,0.0,0.0,0.0,0.0,21
Nandanvan Main Square,2022-06-01,LOW,0.0,2022,6,0,0,0,0.0,0.0,0.0,0.0,0.0,0.0,0.0,2,0,0.0,-1.0,2,0.974928,-0.222521,0,0.0,0.0,0.0,0.0,0.0,0.0,0.0,0.0,0.0,21
Nandanvan Main Square,2022-07-01,LOW,0.0,2022,7,0,0,0,0.0,0.0,0.0,0.0,0.0,0.0,0.0,3,0,-0.5,-0.866025,4,-0.433884,-0.900969,0,0.0,0.0,0.0,0.0,0.0,0.0,0.0,0.0,0.0,21
Nandanvan Main Square,2022-08-01,LOW,0.0,2022,8,0,0,0,0.0,0.0,0.0,0.0,0.0,0.0,0.0,3,0,-0.866025,-0.5,0,0.0,1.0,0,0.0,0.0,0.0,0.0,0.0,0.0,0.0,0.0,0.0,21
Nandanvan Main Square,2022-09-01,LOW,0.0,2022,9,0,0,0,0.0,0.0,0.0,0.0,0.0,0.0,0.0,3,0,-1.0,-0.0,3,0.433884,-0.900969,0,0.0,0.0,0.0,0.0,0.0,0.0,0.0,0.0,0.0,21
Nandanvan Main Square,2022-10-01,LOW,0.0,2022,10,0,0,0,0.0,0.0,0.0,0.0,0.0,0.0,0.0,4,0,-0.866025,0.5,5,-0.974928,-0.222521,1,0.0,0.0,0.0,0.0,0.0,0.0,0.0,0.0,0.0,21
Nandanvan Main Square,2022-11-01,LOW,0.0,2022,11,0,0,0,0.0,0.0,0.0,0.0,0.0,0.0,0.0,4,0,-0.5,0.866025,1,0.781831,0.62349,0,0.0,0.0,0.0,0.0,0.0,0.0,0.0,0.0,0.0,21
Nandanvan Main Square,2022-12-01,LOW,0.0,2022,12,0,0,0,0.0,0.0,0.0,0.0,0.0,0.0,0.0,4,0,-0.0,1.0,3,0.433884,-0.900969,0,0.0,0.0,0.0,0.0,0.0,0.0,0.0,0.0,0.0,21
Nandanvan Main Square,2023-01-01,LOW,0.0,2023,1,0,0,0,0.0,0.0,0.0,0.0,0.0,0.0,0.0,1,1,0.5,0.866025,6,-0.781831,0.62349,1,0.0,0.0,0.0,0.0,0.0,0.0,0.0,0.0,0.0,21
Nandanvan Main Square,2023-02-01,LOW,0.0,2023,2,0,0,0,0.0,0.0,0.0,0.0,0.0,0.0,0.0,1,0,0.866025,0.5,2,0.974928,-0.222521,0,0.0,0.0,0.0,0.0,0.0,0.0,0.0,0.0,0.0,21
Nandanvan Main Square,2023-03-01,LOW,0.0,2023,3,0,0,0,0.0,0.0,0.0,0.0,0.0,0.0,0.0,1,0,1.0,0.0,2,0.974928,-0.222521,0,0.0,0.0,0.0,0.0,0.0,0.0,0.0,0.0,0.0,21
Nandanvan Main Square,2023-04-01,LOW,0.0,2023,4,0,0,0,0.0,0.0,0.0,0.0,0.0,0.0,0.0,2,0,0.866025,-0.5,5,-0.974928,-0.222521,1,0.0,0.0,0.0,0.0,0.0,0.0,0.0,0.0,0.0,21
Nandanvan Main Square,2023-05-01,LOW,0.0,2023,5,0,0,0,0.0,0.0,0.0,0.0,0.0,0.0,0.0,2,0,0.5,-0.866025,0,0.0,1.0,0,0.0,0.0,0.0,0.0,0.0,0.0,0.0,0.0,0.0,21
Nandanvan Main Square,2023-06-01,LOW,0.0,2023,6,0,0,0,0.0,0.0,0.0,0.0,0.0,0.0,0.0,2,0,0.0,-1.0,3,0.433884,-0.900969,0,0.0,0.0,0.0,0.0,0.0,0.0,0.0,0.0,0.0,21
Nandanvan Main Square,2023-07-01,LOW,0.0,2023,7,0,0,0,0.0,0.0,0.0,0.0,0.0,0.0,0.0,3,0,-0.5,-0.866025,5,-0.974928,-0.222521,1,0.0,0.0,0.0,0.0,0.0,0.0,0.0,0.0,0.0,21
Nandanvan Main Square,2023-08-01,LOW,0.0,2023,8,0,0,0,0.0,0.0,0.0,0.0,0.0,0.0,0.0,3,0,-0.866025,-0.5,1,0.781831,0.62349,0,0.0,0.0,0.0,0.0,0.0,0.0,0.0,0.0,0.0,21
Nandanvan Main Square,2023-09-01,LOW,0.0,2023,9,0,0,0,0.0,0.0,0.0,0.0,0.0,0.0,0.0,3,0,-1.0,-0.0,4,-0.433884,-0.900969,0,0.0,0.0,0.0,0.0,0.0,0.0,0.0,0.0,0.0,21
Nandanvan Main Square,2023-10-01,LOW,0.0,2023,10,0,0,0,0.0,0.0,0.0,0.0,0.0,0.0,0.0,4,0,-0.866025,0.5,6,-0.781831,0.62349,1,0.0,0.0,0.0,0.0,0.0,0.0,0.0,0.0,0.0,21
Nandanvan Main Square,2023-11-01,LOW,0.0,2023,11,0,0,0,0.0,0.0,0.0,0.0,0.0,0.0,0.0,4,0,-0.5,0.866025,2,0.974928,-0.222521,0,0.0,0.0,0.0,0.0,0.0,0.0,0.0,0.0,0.0,21
Nandanvan Main Square,2023-12-01,LOW,0.0,2023,12,0,0,0,0.0,0.0,0.0,0.0,0.0,0.0,0.0,4,0,-0.0,1.0,4,-0.433884,-0.900969,0,0.0,0.0,0.0,0.0,0.0,0.0,0.0,0.0,0.0,21
Omkar Nagar Square,2020-01-01,LOW,0.0,2020,1,0,0,0,0.0,0.0,0.0,0.0,0.0,0.0,0.0,1,1,0.5,0.866025,2,0.974928,-0.222521,0,0.0,0.0,0.0,0.0,0.0,0.0,0.0,0.0,0.0,22
Omkar Nagar Square,2020-02-01,LOW,0.0,2020,2,0,0,0,0.0,0.0,0.0,0.0,0.0,0.0,0.0,1,0,0.866025,0.5,5,-0.974928,-0.222521,1,0.0,0.0,0.0,0.0,0.0,0.0,0.0,0.0,0.0,22
Omkar Nagar Square,2020-03-01,LOW,0.0,2020,3,0,0,0,0.0,0.0,0.0,0.0,0.0,0.0,0.0,1,0,1.0,0.0,6,-0.781831,0.62349,1,0.0,0.0,0.0,0.0,0.0,0.0,0.0,0.0,0.0,22
Omkar Nagar Square,2020-04-01,LOW,0.0,2020,4,0,0,0,0.0,0.0,0.0,0.0,0.0,0.0,0.0,2,0,0.866025,-0.5,2,0.974928,-0.222521,0,0.0,0.0,0.0,0.0,0.0,0.0,0.0,0.0,0.0,22
Omkar Nagar Square,2020-05-01,LOW,0.0,2020,5,0,0,0,0.0,0.0,0.0,0.0,0.0,0.0,0.0,2,0,0.5,-0.866025,4,-0.433884,-0.900969,0,0.0,0.0,0.0,0.0,0.0,0.0,0.0,0.0,0.0,22
Omkar Nagar Square,2020-06-01,LOW,0.0,2020,6,0,0,0,0.0,0.0,0.0,0.0,0.0,0.0,0.0,2,0,0.0,-1.0,0,0.0,1.0,0,0.0,0.0,0.0,0.0,0.0,0.0,0.0,0.0,0.0,22
Omkar Nagar Square,2020-07-01,LOW,0.0,2020,7,0,0,0,0.0,0.0,0.0,0.0,0.0,0.0,0.0,3,0,-0.5,-0.866025,2,0.974928,-0.222521,0,0.0,0.0,0.0,0.0,0.0,0.0,0.0,0.0,0.0,22
Omkar Nagar Square,2020-08-01,LOW,0.0,2020,8,0,0,0,0.0,0.0,0.0,0.0,0.0,0.0,0.0,3,0,-0.866025,-0.5,5,-0.974928,-0.222521,1,0.0,0.0,0.0,0.0,0.0,0.0,0.0,0.0,0.0,22
Omkar Nagar Square,2020-09-01,LOW,0.0,2020,9,0,0,0,0.0,0.0,0.0,0.0,0.0,0.0,0.0,3,0,-1.0,-0.0,1,0.781831,0.62349,0,0.0,0.0,0.0,0.0,0.0,0.0,0.0,0.0,0.0,22
Omkar Nagar Square,2020-10-01,LOW,0.0,2020,10,0,0,0,0.0,0.0,0.0,0.0,0.0,0.0,0.0,4,0,-0.866025,0.5,3,0.433884,-0.900969,0,0.0,0.0,0.0,0.0,0.0,0.0,0.0,0.0,0.0,22
Omkar Nagar Square,2020-11-01,LOW,0.0,2020,11,0,0,0,0.0,0.0,0.0,0.0,0.0,0.0,0.0,4,0,-0.5,0.866025,6,-0.781831,0.62349,1,0.0,0.0,0.0,0.0,0.0,0.0,0.0,0.0,0.0,22
Omkar Nagar Square,2020-12-01,LOW,0.0,2020,12,0,0,0,0.0,0.0,0.0,0.0,0.0,0.0,0.0,4,0,-0.0,1.0,1,0.781831,0.62349,0,0.0,0.0,0.0,0.0,0.0,0.0,0.0,0.0,0.0,22
Omkar Nagar Square,2021-01-01,LOW,0.0,2021,1,0,0,0,0.0,0.0,0.0,0.0,0.0,0.0,0.0,1,1,0.5,0.866025,4,-0.433884,-0.900969,0,0.0,0.0,0.0,0.0,0.0,0.0,0.0,0.0,0.0,22
Omkar Nagar Square,2021-02-01,LOW,0.0,2021,2,0,0,0,0.0,0.0,0.0,0.0,0.0,0.0,0.0,1,0,0.866025,0.5,0,0.0,1.0,0,0.0,0.0,0.0,0.0,0.0,0.0,0.0,0.0,0.0,22
Omkar Nagar Square,2021-03-01,LOW,0.0,2021,3,0,0,0,0.0,0.0,0.0,0.0,0.0,0.0,0.0,1,0,1.0,0.0,0,0.0,1.0,0,0.0,0.0,0.0,0.0,0.0,0.0,0.0,0.0,0.0,22
Omkar Nagar Square,2021-04-01,LOW,0.0,2021,4,0,0,0,0.0,0.0,0.0,0.0,0.0,0.0,0.0,2,0,0.866025,-0.5,3,0.433884,-0.900969,0,0.0,0.0,0.0,0.0,0.0,0.0,0.0,0.0,0.0,22
Omkar Nagar Square,2021-05-01,LOW,0.0,2021,5,0,0,0,0.0,0.0,0.0,0.0,0.0,0.0,0.0,2,0,0.5,-0.866025,5,-0.974928,-0.222521,1,0.0,0.0,0.0,0.0,0.0,0.0,0.0,0.0,0.0,22
Omkar Nagar Square,2021-06-01,LOW,0.0,2021,6,0,0,0,0.0,0.0,0.0,0.0,0.0,0.0,0.0,2,0,0.0,-1.0,1,0.781831,0.62349,0,0.0,0.0,0.0,0.0,0.0,0.0,0.0,0.0,0.0,22
Omkar Nagar Square,2021-07-01,LOW,0.0,2021,7,0,0,0,0.0,0.0,0.0,0.0,0.0,0.0,0.0,3,0,-0.5,-0.866025,3,0.433884,-0.900969,0,0.0,0.0,0.0,0.0,0.0,0.0,0.0,0.0,0.0,22
Omkar Nagar Square,2021-08-01,LOW,0.0,2021,8,0,0,0,0.0,0.0,0.0,0.0,0.0,0.0,0.0,3,0,-0.866025,-0.5,6,-0.781831,0.62349,1,0.0,0.0,0.0,0.0,0.0,0.0,0.0,0.0,0.0,22
Omkar Nagar Square,2021-09-01,LOW,0.0,2021,9,0,0,0,0.0,0.0,0.0,0.0,0.0,0.0,0.0,3,0,-1.0,-0.0,2,0.974928,-0.222521,0,0.0,0.0,0.0,0.0,0.0,0.0,0.0,0.0,0.0,22
Omkar Nagar Square,2021-10-01,LOW,0.0,2021,10,0,0,0,0.0,0.0,0.0,0.0,0.0,0.0,0.0,4,0,-0.866025,0.5,4,-0.433884,-0.900969,0,0.0,0.0,0.0,0.0,0.0,0.0,0.0,0.0,0.0,22
Omkar Nagar Square,2021-11-01,LOW,0.0,2021,11,0,0,0,0.0,0.0,0.0,0.0,0.0,0.0,0.0,4,0,-0.5,0.866025,0,0.0,1.0,0,0.0,0.0,0.0,0.0,0.0,0.0,0.0,0.0,0.0,22
Omkar Nagar Square,2021-12-01,LOW,0.0,2021,12,0,0,0,0.0,0.0,0.0,0.0,0.0,0.0,0.0,4,0,-0.0,1.0,2,0.974928,-0.222521,0,0.0,0.0,0.0,0.0,0.0,0.0,0.0,0.0,0.0,22
Omkar Nagar Square,2022-01-01,LOW,0.0,2022,1,0,0,0,0.0,0.0,0.0,0.0,0.0,0.0,0.0,1,1,0.5,0.866025,5,-0.974928,-0.222521,1,0.0,0.0,0.0,0.0,0.0,0.0,0.0,0.0,0.0,22
Omkar Nagar Square,2022-02-01,LOW,0.0,2022,2,0,0,0,0.0,0.0,0.0,0.0,0.0,0.0,0.0,1,0,0.866025,0.5,1,0.781831,0.62349,0,0.0,0.0,0.0,0.0,0.0,0.0,0.0,0.0,0.0,22
Omkar Nagar Square,2022-03-01,LOW,0.0,2022,3,0,0,0,0.0,0.0,0.0,0.0,0.0,0.0,0.0,1,0,1.0,0.0,1,0.781831,0.62349,0,0.0,0.0,0.0,0.0,0.0,0.0,0.0,0.0,0.0,22
Omkar Nagar Square,2022-04-01,LOW,0.0,2022,4,0,0,0,0.0,0.0,0.0,0.0,0.0,0.0,0.0,2,0,0.866025,-0.5,4,-0.433884,-0.900969,0,0.0,0.0,0.0,0.0,0.0,0.0,0.0,0.0,0.0,22
Omkar Nagar Square,2022-05-01,LOW,0.0,2022,5,0,0,0,0.0,0.0,0.0,0.0,0.0,0.0,0.0,2,0,0.5,-0.866025,6,-0.781831,0.62349,1,0.0,0.0,0.0,0.0,0.0,0.0,0.0,0.0,0.0,22
Omkar Nagar Square,2022-06-01,LOW,0.0,2022,6,0,0,0,0.0,0.0,0.0,0.0,0.0,0.0,0.0,2,0,0.0,-1.0,2,0.974928,-0.222521,0,0.0,0.0,0.0,0.0,0.0,0.0,0.0,0.0,0.0,22
Omkar Nagar Square,2022-07-01,LOW,0.0,2022,7,0,0,0,0.0,0.0,0.0,0.0,0.0,0.0,0.0,3,0,-0.5,-0.866025,4,-0.433884,-0.900969,0,0.0,0.0,0.0,0.0,0.0,0.0,0.0,0.0,0.0,22
Omkar Nagar Square,2022-08-01,LOW,0.0,2022,8,0,0,0,0.0,0.0,0.0,0.0,0.0,0.0,0.0,3,0,-0.866025,-0.5,0,0.0,1.0,0,0.0,0.0,0.0,0.0,0.0,0.0,0.0,0.0,0.0,22
Omkar Nagar Square,2022-09-01,LOW,0.0,2022,9,0,0,0,0.0,0.0,0.0,0.0,0.0,0.0,0.0,3,0,-1.0,-0.0,3,0.433884,-0.900969,0,0.0,0.0,0.0,0.0,0.0,0.0,0.0,0.0,0.0,22
Omkar Nagar Square,2022-10-01,LOW,0.0,2022,10,0,0,0,0.0,0.0,0.0,0.0,0.0,0.0,0.0,4,0,-0.866025,0.5,5,-0.974928,-0.222521,1,0.0,0.0,0.0,0.0,0.0,0.0,0.0,0.0,0.0,22
Omkar Nagar Square,2022-11-01,LOW,0.0,2022,11,0,0,0,0.0,0.0,0.0,0.0,0.0,0.0,0.0,4,0,-0.5,0.866025,1,0.781831,0.62349,0,0.0,0.0,0.0,0.0,0.0,0.0,0.0,0.0,0.0,22
Omkar Nagar Square,2022-12-01,LOW,0.0,2022,12,0,0,0,0.0,0.0,0.0,0.0,0.0,0.0,0.0,4,0,-0.0,1.0,3,0.433884,-0.900969,0,0.0,0.0,0.0,0.0,0.0,0.0,0.0,0.0,0.0,22
Omkar Nagar Square,2023-01-01,LOW,0.0,2023,1,0,0,0,0.0,0.0,0.0,0.0,0.0,0.0,0.0,1,1,0.5,0.866025,6,-0.781831,0.62349,1,0.0,0.0,0.0,0.0,0.0,0.0,0.0,0.0,0.0,22
Omkar Nagar Square,2023-02-01,LOW,0.0,2023,2,0,0,0,0.0,0.0,0.0,0.0,0.0,0.0,0.0,1,0,0.866025,0.5,2,0.974928,-0.222521,0,0.0,0.0,0.0,0.0,0.0,0.0,0.0,0.0,0.0,22
Omkar Nagar Square,2023-03-01,LOW,0.0,2023,3,0,0,0,0.0,0.0,0.0,0.0,0.0,0.0,0.0,1,0,1.0,0.0,2,0.974928,-0.222521,0,0.0,0.0,0.0,0.0,0.0,0.0,0.0,0.0,0.0,22
Omkar Nagar Square,2023-04-01,LOW,0.0,2023,4,0,0,0,0.0,0.0,0.0,0.0,0.0,0.0,0.0,2,0,0.866025,-0.5,5,-0.974928,-0.222521,1,0.0,0.0,0.0,0.0,0.0,0.0,0.0,0.0,0.0,22
Omkar Nagar Square,2023-05-01,LOW,0.0,2023,5,0,0,0,0.0,0.0,0.0,0.0,0.0,0.0,0.0,2,0,0.5,-0.866025,0,0.0,1.0,0,0.0,0.0,0.0,0.0,0.0,0.0,0.0,0.0,0.0,22
Omkar Nagar Square,2023-06-01,LOW,0.0,2023,6,0,0,0,0.0,0.0,0.0,0.0,0.0,0.0,0.0,2,0,0.0,-1.0,3,0.433884,-0.900969,0,0.0,0.0,0.0,0.0,0.0,0.0,0.0,0.0,0.0,22
Omkar Nagar Square,2023-07-01,LOW,0.0,2023,7,0,0,0,0.0,0.0,0.0,0.0,0.0,0.0,0.0,3,0,-0.5,-0.866025,5,-0.974928,-0.222521,1,0.0,0.0,0.0,0.0,0.0,0.0,0.0,0.0,0.0,22
Omkar Nagar Square,2023-08-01,LOW,0.0,2023,8,0,0,0,0.0,0.0,0.0,0.0,0.0,0.0,0.0,3,0,-0.866025,-0.5,1,0.781831,0.62349,0,0.0,0.0,0.0,0.0,0.0,0.0,0.0,0.0,0.0,22
Omkar Nagar Square,2023-09-01,LOW,0.0,2023,9,0,0,0,0.0,0.0,0.0,0.0,0.0,0.0,0.0,3,0,-1.0,-0.0,4,-0.433884,-0.900969,0,0.0,0.0,0.0,0.0,0.0,0.0,0.0,0.0,0.0,22
Omkar Nagar Square,2023-10-01,LOW,0.0,2023,10,0,0,0,0.0,0.0,0.0,0.0,0.0,0.0,0.0,4,0,-0.866025,0.5,6,-0.781831,0.62349,1,0.0,0.0,0.0,0.0,0.0,0.0,0.0,0.0,0.0,22
Omkar Nagar Square,2023-11-01,LOW,0.0,2023,11,0,0,0,0.0,0.0,0.0,0.0,0.0,0.0,0.0,4,0,-0.5,0.866025,2,0.974928,-0.222521,0,0.0,0.0,0.0,0.0,0.0,0.0,0.0,0.0,0.0,22
Omkar Nagar Square,2023-12-01,LOW,0.0,2023,12,0,0,0,0.0,0.0,0.0,0.0,0.0,0.0,0.0,4,0,-0.0,1.0,4,-0.433884,-0.900969,0,0.0,0.0,0.0,0.0,0.0,0.0,0.0,0.0,0.0,22
Pardi Naka,2020-01-01,LOW,0.0,2020,1,0,0,0,0.0,0.0,0.0,0.0,0.0,0.0,0.0,1,1,0.5,0.866025,2,0.974928,-0.222521,0,0.0,0.0,0.0,0.0,0.0,0.0,0.0,0.0,2.2554166666666666,23
Pardi Naka,2020-02-01,LOW,0.0,2020,2,0,0,0,0.0,0.0,0.0,0.0,0.0,0.0,0.0,1,0,0.866025,0.5,5,-0.974928,-0.222521,1,0.0,0.0,0.0,0.0,0.0,0.0,0.0,0.0,2.2554166666666666,23
Pardi Naka,2020-03-01,LOW,0.0,2020,3,0,0,0,0.0,0.0,0.0,0.0,0.0,0.0,0.0,1,0,1.0,0.0,6,-0.781831,0.62349,1,0.0,0.0,0.0,0.0,0.0,0.0,0.0,0.0,2.2554166666666666,23
Pardi Naka,2020-04-01,LOW,2.76,2020,4,1,0,1,0.0,0.0,0.0,0.0,0.0,0.0,0.0,2,0,0.866025,-0.5,2,0.974928,-0.222521,0,0.0,0.0,0.0,0.0,0.0,0.0,0.0,0.0,2.2554166666666666,23
Pardi Naka,2020-05-01,LOW,0.0,2020,5,0,0,0,1.0,1.0,1.0,1.0,0.0,1.0,0.083,2,0,0.5,-0.866025,4,-0.433884,-0.900969,0,0.0,0.0,0.0,0.0,0.0,0.0,0.0,0.0,2.2554166666666666,23
Pardi Naka,2020-06-01,LOW,0.0,2020,6,0,0,0,0.0,0.0,1.0,1.0,0.0,1.0,0.083,2,0,0.0,-1.0,0,0.0,1.0,0,1.0,0.0,0.0,0.333,0.577,0.2,0.447,1.332,2.2554166666666666,23
Pardi Naka,2020-07-01,LOW,6.08,2020,7,1,0,1,0.0,0.0,1.0,1.0,0.0,1.0,0.083,3,0,-0.5,-0.866025,2,0.974928,-0.222521,0,0.0,1.0,0.0,0.333,0.577,0.167,0.408,1.332,2.2554166666666666,23
Pardi Naka,2020-08-01,LOW,2.76,2020,8,1,0,1,1.0,1.0,1.0,2.0,0.0,2.0,0.167,3,0,-0.866025,-0.5,5,-0.974928,-0.222521,1,0.0,0.0,1.0,0.333,0.577,0.167,0.408,0.666,2.2554166666666666,23
Pardi Naka,2020-09-01,LOW,0.0,2020,9,0,0,0,1.0,1.0,2.0,3.0,0.0,3.0,0.25,3,0,-1.0,-0.0,1,0.781831,0.62349,0,1.0,0.0,0.0,0.333,0.577,0.333,0.516,0.444,2.2554166666666666,23
Pardi Naka,2020-10-01,LOW,0.0,2020,10,0,0,0,0.0,0.0,2.0,3.0,0.0,3.0,0.25,4,0,-0.866025,0.5,3,0.433884,-0.900969,0,1.0,1.0,0.0,0.667,0.577,0.5,0.548,0.889,2.2554166666666666,23
Pardi Naka,2020-11-01,LOW,0.0,2020,11,0,0,0,0.0,0.0,1.0,3.0,0.0,3.0,0.25,4,0,-0.5,0.866025,6,-0.781831,0.62349,1,0.0,1.0,1.0,0.667,0.577,0.5,0.548,0.889,2.2554166666666666,23
Pardi Naka,2020-12-01,LOW,0.0,2020,12,0,0,0,0.0,0.0,0.0,3.0,0.0,3.0,0.25,4,0,-0.0,1.0,1,0.781831,0.62349,0,0.0,0.0,1.0,0.333,0.577,0.333,0.516,0.444,2.2554166666666666,23
Pardi Naka,2021-01-01,LOW,0.0,2021,1,0,0,0,0.0,0.0,0.0,3.0,0.0,3.0,0.25,1,1,0.5,0.866025,4,-0.433884,-0.900969,0,0.0,0.0,0.0,0.0,0.0,0.333,0.516,0.0,2.2554166666666666,23
Pardi Naka,2021-02-01,LOW,0.0,2021,2,0,0,0,0.0,0.0,0.0,3.0,0.0,3.0,0.25,1,0,0.866025,0.5,0,0.0,1.0,0,0.0,0.0,0.0,0.0,0.0,0.333,0.516,0.0,2.2554166666666666,23
Pardi Naka,2021-03-01,LOW,0.0,2021,3,0,0,0,0.0,0.0,0.0,3.0,0.0,3.0,0.25,1,0,1.0,0.0,0,0.0,1.0,0,0.0,0.0,0.0,0.0,0.0,0.167,0.408,0.0,2.2554166666666666,23
Pardi Naka,2021-04-01,LOW,0.0,2021,4,0,0,0,0.0,0.0,0.0,3.0,0.0,3.0,0.25,2,0,0.866025,-0.5,3,0.433884,-0.900969,0,0.0,0.0,0.0,0.0,0.0,0.0,0.0,0.0,2.2554166666666666,23
Pardi Naka,2021-05-01,LOW,0.0,2021,5,0,0,0,0.0,0.0,0.0,2.0,0.0,2.0,0.167,2,0,0.5,-0.866025,5,-0.974928,-0.222521,1,0.0,0.0,0.0,0.0,0.0,0.0,0.0,0.0,2.2554166666666666,23
Pardi Naka,2021-06-01,LOW,2.76,2021,6,1,0,1,0.0,0.0,0.0,2.0,0.0,2.0,0.167,2,0,0.0,-1.0,1,0.781831,0.62349,0,0.0,0.0,0.0,0.0,0.0,0.0,0.0,0.0,2.2554166666666666,23
Pardi Naka,2021-07-01,LOW,0.0,2021,7,0,0,0,1.0,1.0,1.0,3.0,0.0,3.0,0.25,3,0,-0.5,-0.866025,3,0.433884,-0.900969,0,0.0,0.0,0.0,0.0,0.0,0.0,0.0,0.0,2.2554166666666666,23
Pardi Naka,2021-08-01,LOW,2.76,2021,8,1,0,1,0.0,0.0,1.0,2.0,0.0,2.0,0.167,3,0,-0.866025,-0.5,6,-0.781831,0.62349,1,1.0,0.0,0.0,0.333,0.577,0.167,0.408,0.666,2.2554166666666666,23
Pardi Naka,2021-09-01,LOW,2.76,2021,9,1,0,1,1.0,1.0,2.0,2.0,0.0,2.0,0.167,3,0,-1.0,-0.0,2,0.974928,-0.222521,0,0.0,1.0,0.0,0.333,0.577,0.167,0.408,0.666,2.2554166666666666,23
Pardi Naka,2021-10-01,LOW,1.1,2021,10,1,0,0,1.0,1.0,2.0,3.0,0.0,3.0,0.25,4,0,-0.866025,0.5,4,-0.433884,-0.900969,0,1.0,0.0,1.0,0.667,0.577,0.333,0.516,0.889,2.2554166666666666,23
Pardi Naka,2021-11-01,LOW,2.21,2021,11,2,0,0,1.0,1.0,3.0,4.0,0.0,3.0,0.333,4,0,-0.5,0.866025,0,0.0,1.0,0,1.0,1.0,0.0,0.667,0.577,0.5,0.548,0.667,2.2554166666666666,23
Pardi Naka,2021-12-01,LOW,4.42,2021,12,1,0,1,2.0,2.0,4.0,6.0,0.0,3.0,0.5,4,0,-0.0,1.0,2,0.974928,-0.222521,0,1.0,1.0,1.0,1.0,0.0,0.667,0.516,0.667,2.2554166666666666,23
Pardi Naka,2022-01-01,LOW,6.08,2022,1,1,0,1,1.0,1.0,4.0,7.0,0.0,4.0,0.583,1,1,0.5,0.866025,5,-0.974928,-0.222521,1,2.0,1.0,1.0,1.333,0.577,1.0,0.632,0.762,2.2554166666666666,23
Pardi Naka,2022-02-01,LOW,0.0,2022,2,0,0,0,1.0,1.0,4.0,8.0,0.0,5.0,0.667,1,0,0.866025,0.5,1,0.781831,0.62349,0,1.0,2.0,1.0,1.333,0.577,1.0,0.632,0.666,2.2554166666666666,23
Pardi Naka,2022-03-01,LOW,0.0,2022,3,0,0,0,0.0,0.0,2.0,8.0,0.0,5.0,0.667,1,0,1.0,0.0,1,0.781831,0.62349,0,1.0,1.0,2.0,1.333,0.577,1.167,0.408,0.666,2.2554166666666666,23
Pardi Naka,2022-04-01,LOW,4.42,2022,4,1,0,1,0.0,0.0,1.0,8.0,0.0,5.0,0.667,2,0,0.866025,-0.5,4,-0.433884,-0.900969,0,0.0,1.0,1.0,0.667,0.577,1.0,0.632,0.334,2.2554166666666666,23
Pardi Naka,2022-05-01,LOW,0.0,2022,5,0,0,0,1.0,1.0,1.0,9.0,0.0,6.0,0.75,2,0,0.5,-0.866025,6,-0.781831,0.62349,1,0.0,0.0,1.0,0.333,0.577,0.833,0.753,0.148,2.2554166666666666,23
Pardi Naka,2022-06-01,LOW,6.08,2022,6,1,0,1,0.0,0.0,1.0,9.0,0.0,6.0,0.75,2,0,0.0,-1.0,2,0.974928,-0.222521,0,1.0,0.0,0.0,0.333,0.577,0.833,0.753,0.148,2.2554166666666666,23
Pardi Naka,2022-07-01,LOW,2.76,2022,7,1,0,1,1.0,1.0,2.0,9.0,0.0,6.0,0.75,3,0,-0.5,-0.866025,4,-0.433884,-0.900969,0,0.0,1.0,0.0,0.333,0.577,0.5,0.548,0.148,2.2554166666666666,23
Pardi Naka,2022-08-01,LOW,0.0,2022,8,0,0,0,1.0,1.0,2.0,10.0,0.0,7.0,0.833,3,0,-0.866025,-0.5,0,0.0,1.0,0,1.0,0.0,1.0,0.667,0.577,0.5,0.548,0.267,2.2554166666666666,23
Pardi Naka,2022-09-01,LOW,0.0,2022,9,0,0,0,0.0,0.0,2.0,9.0,0.0,6.0,0.75,3,0,-1.0,-0.0,3,0.433884,-0.900969,0,1.0,1.0,0.0,0.667,0.577,0.5,0.548,0.296,2.2554166666666666,23
Pardi Naka,2022-10-01,LOW,0.0,2022,10,0,0,0,0.0,0.0,1.0,8.0,0.0,5.0,0.667,4,0,-0.866025,0.5,5,-0.974928,-0.222521,1,0.0,1.0,1.0,0.667,0.577,0.5,0.548,0.334,2.2554166666666666,23
Pardi Naka,2022-11-01,LOW,0.0,2022,11,0,0,0,0.0,0.0,0.0,7.0,0.0,5.0,0.583,4,0,-0.5,0.866025,1,0.781831,0.62349,0,0.0,0.0,1.0,0.333,0.577,0.5,0.548,0.19,2.2554166666666666,23
Pardi Naka,2022-12-01,LOW,9.39,2022,12,1,0,1,0.0,0.0,0.0,5.0,0.0,5.0,0.417,4,0,-0.0,1.0,3,0.433884,-0.900969,0,0.0,0.0,0.0,0.0,0.0,0.333,0.516,0.0,2.2554166666666666,23
Pardi Naka,2023-01-01,LOW,0.0,2023,1,0,0,0,1.0,1.0,1.0,5.0,0.0,5.0,0.417,1,1,0.5,0.866025,6,-0.781831,0.62349,1,0.0,0.0,0.0,0.0,0.0,0.333,0.516,0.0,2.2554166666666666,23
Pardi Naka,2023-02-01,LOW,11.05,2023,2,4,0,3,0.0,0.0,1.0,4.0,0.0,4.0,0.333,1,0,0.866025,0.5,2,0.974928,-0.222521,0,1.0,0.0,0.0,0.333,0.577,0.333,0.516,0.333,2.2554166666666666,23
Pardi Naka,2023-03-01,LOW,1.1,2023,3,1,0,0,4.0,4.0,5.0,8.0,0.0,7.0,0.667,1,0,1.0,0.0,2,0.974928,-0.222521,0,0.0,1.0,0.0,0.333,0.577,0.167,0.408,0.166,2.2554166666666666,23
Pardi Naka,2023-04-01,LOW,2.76,2023,4,1,0,1,1.0,1.0,5.0,9.0,0.0,7.0,0.75,2,0,0.866025,-0.5,5,-0.974928,-0.222521,1,4.0,0.0,1.0,1.667,2.082,0.833,1.602,0.741,2.2554166666666666,23
Pardi Naka,2023-05-01,LOW,7.18,2023,5,2,0,1,1.0,1.0,6.0,9.0,0.0,7.0,0.75,2,0,0.5,-0.866025,0,0.0,1.0,0,1.0,4.0,0.0,1.667,2.082,1.0,1.549,0.741,2.2554166666666666,23
Pardi Naka,2023-06-01,LOW,0.0,2023,6,0,0,0,2.0,2.0,4.0,11.0,0.0,8.0,0.917,2,0,0.0,-1.0,3,0.433884,-0.900969,0,1.0,1.0,4.0,2.0,1.732,1.167,1.472,0.727,2.2554166666666666,23
Pardi Naka,2023-07-01,LOW,6.08,2023,7,1,0,1,0.0,0.0,3.0,10.0,0.0,7.0,0.833,3,0,-0.5,-0.866025,5,-0.974928,-0.222521,1,2.0,1.0,1.0,1.333,0.577,1.5,1.378,0.533,2.2554166666666666,23
Pardi Naka,2023-08-01,LOW,1.1,2023,8,1,0,0,1.0,1.0,3.0,10.0,0.0,7.0,0.833,3,0,-0.866025,-0.5,1,0.781831,0.62349,0,0.0,2.0,1.0,1.0,1.0,1.333,1.506,0.4,2.2554166666666666,23
Pardi Naka,2023-09-01,LOW,2.76,2023,9,1,0,1,1.0,1.0,2.0,11.0,0.0,7.0,0.917,3,0,-1.0,-0.0,4,-0.433884,-0.900969,0,1.0,0.0,2.0,1.0,1.0,1.5,1.378,0.364,2.2554166666666666,23
Pardi Naka,2023-10-01,LOW,9.39,2023,10,1,0,1,1.0,1.0,3.0,12.0,0.0,8.0,1.0,4,0,-0.866025,0.5,6,-0.781831,0.62349,1,1.0,1.0,0.0,0.667,0.577,1.0,0.632,0.222,2.2554166666666666,23
Pardi Naka,2023-11-01,LOW,0.0,2023,11,0,0,0,1.0,1.0,3.0,13.0,0.0,9.0,1.083,4,0,-0.5,0.866025,2,0.974928,-0.222521,0,1.0,1.0,1.0,1.0,0.0,1.0,0.632,0.308,2.2554166666666666,23
Pardi Naka,2023-12-01,LOW,10.5,2023,12,2,0,2,0.0,0.0,2.0,13.0,0.0,9.0,1.083,4,0,-0.0,1.0,4,-0.433884,-0.900969,0,1.0,1.0,1.0,1.0,0.0,1.0,0.632,0.308,2.2554166666666666,23
Pratap Nagar Square,2020-01-01,LOW,0.0,2020,1,0,0,0,0.0,0.0,0.0,0.0,0.0,0.0,0.0,1,1,0.5,0.866025,2,0.974928,-0.222521,0,0.0,0.0,0.0,0.0,0.0,0.0,0.0,0.0,0.0,24
Pratap Nagar Square,2020-02-01,LOW,0.0,2020,2,0,0,0,0.0,0.0,0.0,0.0,0.0,0.0,0.0,1,0,0.866025,0.5,5,-0.974928,-0.222521,1,0.0,0.0,0.0,0.0,0.0,0.0,0.0,0.0,0.0,24
Pratap Nagar Square,2020-03-01,LOW,0.0,2020,3,0,0,0,0.0,0.0,0.0,0.0,0.0,0.0,0.0,1,0,1.0,0.0,6,-0.781831,0.62349,1,0.0,0.0,0.0,0.0,0.0,0.0,0.0,0.0,0.0,24
Pratap Nagar Square,2020-04-01,LOW,0.0,2020,4,0,0,0,0.0,0.0,0.0,0.0,0.0,0.0,0.0,2,0,0.866025,-0.5,2,0.974928,-0.222521,0,0.0,0.0,0.0,0.0,0.0,0.0,0.0,0.0,0.0,24
Pratap Nagar Square,2020-05-01,LOW,0.0,2020,5,0,0,0,0.0,0.0,0.0,0.0,0.0,0.0,0.0,2,0,0.5,-0.866025,4,-0.433884,-0.900969,0,0.0,0.0,0.0,0.0,0.0,0.0,0.0,0.0,0.0,24
Pratap Nagar Square,2020-06-01,LOW,0.0,2020,6,0,0,0,0.0,0.0,0.0,0.0,0.0,0.0,0.0,2,0,0.0,-1.0,0,0.0,1.0,0,0.0,0.0,0.0,0.0,0.0,0.0,0.0,0.0,0.0,24
Pratap Nagar Square,2020-07-01,LOW,0.0,2020,7,0,0,0,0.0,0.0,0.0,0.0,0.0,0.0,0.0,3,0,-0.5,-0.866025,2,0.974928,-0.222521,0,0.0,0.0,0.0,0.0,0.0,0.0,0.0,0.0,0.0,24
Pratap Nagar Square,2020-08-01,LOW,0.0,2020,8,0,0,0,0.0,0.0,0.0,0.0,0.0,0.0,0.0,3,0,-0.866025,-0.5,5,-0.974928,-0.222521,1,0.0,0.0,0.0,0.0,0.0,0.0,0.0,0.0,0.0,24
Pratap Nagar Square,2020-09-01,LOW,0.0,2020,9,0,0,0,0.0,0.0,0.0,0.0,0.0,0.0,0.0,3,0,-1.0,-0.0,1,0.781831,0.62349,0,0.0,0.0,0.0,0.0,0.0,0.0,0.0,0.0,0.0,24
Pratap Nagar Square,2020-10-01,LOW,0.0,2020,10,0,0,0,0.0,0.0,0.0,0.0,0.0,0.0,0.0,4,0,-0.866025,0.5,3,0.433884,-0.900969,0,0.0,0.0,0.0,0.0,0.0,0.0,0.0,0.0,0.0,24
Pratap Nagar Square,2020-11-01,LOW,0.0,2020,11,0,0,0,0.0,0.0,0.0,0.0,0.0,0.0,0.0,4,0,-0.5,0.866025,6,-0.781831,0.62349,1,0.0,0.0,0.0,0.0,0.0,0.0,0.0,0.0,0.0,24
Pratap Nagar Square,2020-12-01,LOW,0.0,2020,12,0,0,0,0.0,0.0,0.0,0.0,0.0,0.0,0.0,4,0,-0.0,1.0,1,0.781831,0.62349,0,0.0,0.0,0.0,0.0,0.0,0.0,0.0,0.0,0.0,24
Pratap Nagar Square,2021-01-01,LOW,0.0,2021,1,0,0,0,0.0,0.0,0.0,0.0,0.0,0.0,0.0,1,1,0.5,0.866025,4,-0.433884,-0.900969,0,0.0,0.0,0.0,0.0,0.0,0.0,0.0,0.0,0.0,24
Pratap Nagar Square,2021-02-01,LOW,0.0,2021,2,0,0,0,0.0,0.0,0.0,0.0,0.0,0.0,0.0,1,0,0.866025,0.5,0,0.0,1.0,0,0.0,0.0,0.0,0.0,0.0,0.0,0.0,0.0,0.0,24
Pratap Nagar Square,2021-03-01,LOW,0.0,2021,3,0,0,0,0.0,0.0,0.0,0.0,0.0,0.0,0.0,1,0,1.0,0.0,0,0.0,1.0,0,0.0,0.0,0.0,0.0,0.0,0.0,0.0,0.0,0.0,24
Pratap Nagar Square,2021-04-01,LOW,0.0,2021,4,0,0,0,0.0,0.0,0.0,0.0,0.0,0.0,0.0,2,0,0.866025,-0.5,3,0.433884,-0.900969,0,0.0,0.0,0.0,0.0,0.0,0.0,0.0,0.0,0.0,24
Pratap Nagar Square,2021-05-01,LOW,0.0,2021,5,0,0,0,0.0,0.0,0.0,0.0,0.0,0.0,0.0,2,0,0.5,-0.866025,5,-0.974928,-0.222521,1,0.0,0.0,0.0,0.0,0.0,0.0,0.0,0.0,0.0,24
Pratap Nagar Square,2021-06-01,LOW,0.0,2021,6,0,0,0,0.0,0.0,0.0,0.0,0.0,0.0,0.0,2,0,0.0,-1.0,1,0.781831,0.62349,0,0.0,0.0,0.0,0.0,0.0,0.0,0.0,0.0,0.0,24
Pratap Nagar Square,2021-07-01,LOW,0.0,2021,7,0,0,0,0.0,0.0,0.0,0.0,0.0,0.0,0.0,3,0,-0.5,-0.866025,3,0.433884,-0.900969,0,0.0,0.0,0.0,0.0,0.0,0.0,0.0,0.0,0.0,24
Pratap Nagar Square,2021-08-01,LOW,0.0,2021,8,0,0,0,0.0,0.0,0.0,0.0,0.0,0.0,0.0,3,0,-0.866025,-0.5,6,-0.781831,0.62349,1,0.0,0.0,0.0,0.0,0.0,0.0,0.0,0.0,0.0,24
Pratap Nagar Square,2021-09-01,LOW,0.0,2021,9,0,0,0,0.0,0.0,0.0,0.0,0.0,0.0,0.0,3,0,-1.0,-0.0,2,0.974928,-0.222521,0,0.0,0.0,0.0,0.0,0.0,0.0,0.0,0.0,0.0,24
Pratap Nagar Square,2021-10-01,LOW,0.0,2021,10,0,0,0,0.0,0.0,0.0,0.0,0.0,0.0,0.0,4,0,-0.866025,0.5,4,-0.433884,-0.900969,0,0.0,0.0,0.0,0.0,0.0,0.0,0.0,0.0,0.0,24
Pratap Nagar Square,2021-11-01,LOW,0.0,2021,11,0,0,0,0.0,0.0,0.0,0.0,0.0,0.0,0.0,4,0,-0.5,0.866025,0,0.0,1.0,0,0.0,0.0,0.0,0.0,0.0,0.0,0.0,0.0,0.0,24
Pratap Nagar Square,2021-12-01,LOW,0.0,2021,12,0,0,0,0.0,0.0,0.0,0.0,0.0,0.0,0.0,4,0,-0.0,1.0,2,0.974928,-0.222521,0,0.0,0.0,0.0,0.0,0.0,0.0,0.0,0.0,0.0,24
Pratap Nagar Square,2022-01-01,LOW,0.0,2022,1,0,0,0,0.0,0.0,0.0,0.0,0.0,0.0,0.0,1,1,0.5,0.866025,5,-0.974928,-0.222521,1,0.0,0.0,0.0,0.0,0.0,0.0,0.0,0.0,0.0,24
Pratap Nagar Square,2022-02-01,LOW,0.0,2022,2,0,0,0,0.0,0.0,0.0,0.0,0.0,0.0,0.0,1,0,0.866025,0.5,1,0.781831,0.62349,0,0.0,0.0,0.0,0.0,0.0,0.0,0.0,0.0,0.0,24
Pratap Nagar Square,2022-03-01,LOW,0.0,2022,3,0,0,0,0.0,0.0,0.0,0.0,0.0,0.0,0.0,1,0,1.0,0.0,1,0.781831,0.62349,0,0.0,0.0,0.0,0.0,0.0,0.0,0.0,0.0,0.0,24
Pratap Nagar Square,2022-04-01,LOW,0.0,2022,4,0,0,0,0.0,0.0,0.0,0.0,0.0,0.0,0.0,2,0,0.866025,-0.5,4,-0.433884,-0.900969,0,0.0,0.0,0.0,0.0,0.0,0.0,0.0,0.0,0.0,24
Pratap Nagar Square,2022-05-01,LOW,0.0,2022,5,0,0,0,0.0,0.0,0.0,0.0,0.0,0.0,0.0,2,0,0.5,-0.866025,6,-0.781831,0.62349,1,0.0,0.0,0.0,0.0,0.0,0.0,0.0,0.0,0.0,24
Pratap Nagar Square,2022-06-01,LOW,0.0,2022,6,0,0,0,0.0,0.0,0.0,0.0,0.0,0.0,0.0,2,0,0.0,-1.0,2,0.974928,-0.222521,0,0.0,0.0,0.0,0.0,0.0,0.0,0.0,0.0,0.0,24
Pratap Nagar Square,2022-07-01,LOW,0.0,2022,7,0,0,0,0.0,0.0,0.0,0.0,0.0,0.0,0.0,3,0,-0.5,-0.866025,4,-0.433884,-0.900969,0,0.0,0.0,0.0,0.0,0.0,0.0,0.0,0.0,0.0,24
Pratap Nagar Square,2022-08-01,LOW,0.0,2022,8,0,0,0,0.0,0.0,0.0,0.0,0.0,0.0,0.0,3,0,-0.866025,-0.5,0,0.0,1.0,0,0.0,0.0,0.0,0.0,0.0,0.0,0.0,0.0,0.0,24
Pratap Nagar Square,2022-09-01,LOW,0.0,2022,9,0,0,0,0.0,0.0,0.0,0.0,0.0,0.0,0.0,3,0,-1.0,-0.0,3,0.433884,-0.900969,0,0.0,0.0,0.0,0.0,0.0,0.0,0.0,0.0,0.0,24
Pratap Nagar Square,2022-10-01,LOW,0.0,2022,10,0,0,0,0.0,0.0,0.0,0.0,0.0,0.0,0.0,4,0,-0.866025,0.5,5,-0.974928,-0.222521,1,0.0,0.0,0.0,0.0,0.0,0.0,0.0,0.0,0.0,24
Pratap Nagar Square,2022-11-01,LOW,0.0,2022,11,0,0,0,0.0,0.0,0.0,0.0,0.0,0.0,0.0,4,0,-0.5,0.866025,1,0.781831,0.62349,0,0.0,0.0,0.0,0.0,0.0,0.0,0.0,0.0,0.0,24
Pratap Nagar Square,2022-12-01,LOW,0.0,2022,12,0,0,0,0.0,0.0,0.0,0.0,0.0,0.0,0.0,4,0,-0.0,1.0,3,0.433884,-0.900969,0,0.0,0.0,0.0,0.0,0.0,0.0,0.0,0.0,0.0,24
Pratap Nagar Square,2023-01-01,LOW,0.0,2023,1,0,0,0,0.0,0.0,0.0,0.0,0.0,0.0,0.0,1,1,0.5,0.866025,6,-0.781831,0.62349,1,0.0,0.0,0.0,0.0,0.0,0.0,0.0,0.0,0.0,24
Pratap Nagar Square,2023-02-01,LOW,0.0,2023,2,0,0,0,0.0,0.0,0.0,0.0,0.0,0.0,0.0,1,0,0.866025,0.5,2,0.974928,-0.222521,0,0.0,0.0,0.0,0.0,0.0,0.0,0.0,0.0,0.0,24
Pratap Nagar Square,2023-03-01,LOW,0.0,2023,3,0,0,0,0.0,0.0,0.0,0.0,0.0,0.0,0.0,1,0,1.0,0.0,2,0.974928,-0.222521,0,0.0,0.0,0.0,0.0,0.0,0.0,0.0,0.0,0.0,24
Pratap Nagar Square,2023-04-01,LOW,0.0,2023,4,0,0,0,0.0,0.0,0.0,0.0,0.0,0.0,0.0,2,0,0.866025,-0.5,5,-0.974928,-0.222521,1,0.0,0.0,0.0,0.0,0.0,0.0,0.0,0.0,0.0,24
Pratap Nagar Square,2023-05-01,LOW,0.0,2023,5,0,0,0,0.0,0.0,0.0,0.0,0.0,0.0,0.0,2,0,0.5,-0.866025,0,0.0,1.0,0,0.0,0.0,0.0,0.0,0.0,0.0,0.0,0.0,0.0,24
Pratap Nagar Square,2023-06-01,LOW,0.0,2023,6,0,0,0,0.0,0.0,0.0,0.0,0.0,0.0,0.0,2,0,0.0,-1.0,3,0.433884,-0.900969,0,0.0,0.0,0.0,0.0,0.0,0.0,0.0,0.0,0.0,24
Pratap Nagar Square,2023-07-01,LOW,0.0,2023,7,0,0,0,0.0,0.0,0.0,0.0,0.0,0.0,0.0,3,0,-0.5,-0.866025,5,-0.974928,-0.222521,1,0.0,0.0,0.0,0.0,0.0,0.0,0.0,0.0,0.0,24
Pratap Nagar Square,2023-08-01,LOW,0.0,2023,8,0,0,0,0.0,0.0,0.0,0.0,0.0,0.0,0.0,3,0,-0.866025,-0.5,1,0.781831,0.62349,0,0.0,0.0,0.0,0.0,0.0,0.0,0.0,0.0,0.0,24
Pratap Nagar Square,2023-09-01,LOW,0.0,2023,9,0,0,0,0.0,0.0,0.0,0.0,0.0,0.0,0.0,3,0,-1.0,-0.0,4,-0.433884,-0.900969,0,0.0,0.0,0.0,0.0,0.0,0.0,0.0,0.0,0.0,24
Pratap Nagar Square,2023-10-01,LOW,0.0,2023,10,0,0,0,0.0,0.0,0.0,0.0,0.0,0.0,0.0,4,0,-0.866025,0.5,6,-0.781831,0.62349,1,0.0,0.0,0.0,0.0,0.0,0.0,0.0,0.0,0.0,24
Pratap Nagar Square,2023-11-01,LOW,0.0,2023,11,0,0,0,0.0,0.0,0.0,0.0,0.0,0.0,0.0,4,0,-0.5,0.866025,2,0.974928,-0.222521,0,0.0,0.0,0.0,0.0,0.0,0.0,0.0,0.0,0.0,24
Pratap Nagar Square,2023-12-01,LOW,0.0,2023,12,0,0,0,0.0,0.0,0.0,0.0,0.0,0.0,0.0,4,0,-0.0,1.0,4,-0.433884,-0.900969,0,0.0,0.0,0.0,0.0,0.0,0.0,0.0,0.0,0.0,24
Rachana Ring Road,2020-01-01,LOW,0.0,2020,1,0,0,0,0.0,0.0,0.0,0.0,0.0,0.0,0.0,1,1,0.5,0.866025,2,0.974928,-0.222521,0,0.0,0.0,0.0,0.0,0.0,0.0,0.0,0.0,0.0,25
Rachana Ring Road,2020-02-01,LOW,0.0,2020,2,0,0,0,0.0,0.0,0.0,0.0,0.0,0.0,0.0,1,0,0.866025,0.5,5,-0.974928,-0.222521,1,0.0,0.0,0.0,0.0,0.0,0.0,0.0,0.0,0.0,25
Rachana Ring Road,2020-03-01,LOW,0.0,2020,3,0,0,0,0.0,0.0,0.0,0.0,0.0,0.0,0.0,1,0,1.0,0.0,6,-0.781831,0.62349,1,0.0,0.0,0.0,0.0,0.0,0.0,0.0,0.0,0.0,25
Rachana Ring Road,2020-04-01,LOW,0.0,2020,4,0,0,0,0.0,0.0,0.0,0.0,0.0,0.0,0.0,2,0,0.866025,-0.5,2,0.974928,-0.222521,0,0.0,0.0,0.0,0.0,0.0,0.0,0.0,0.0,0.0,25
Rachana Ring Road,2020-05-01,LOW,0.0,2020,5,0,0,0,0.0,0.0,0.0,0.0,0.0,0.0,0.0,2,0,0.5,-0.866025,4,-0.433884,-0.900969,0,0.0,0.0,0.0,0.0,0.0,0.0,0.0,0.0,0.0,25
Rachana Ring Road,2020-06-01,LOW,0.0,2020,6,0,0,0,0.0,0.0,0.0,0.0,0.0,0.0,0.0,2,0,0.0,-1.0,0,0.0,1.0,0,0.0,0.0,0.0,0.0,0.0,0.0,0.0,0.0,0.0,25
Rachana Ring Road,2020-07-01,LOW,0.0,2020,7,0,0,0,0.0,0.0,0.0,0.0,0.0,0.0,0.0,3,0,-0.5,-0.866025,2,0.974928,-0.222521,0,0.0,0.0,0.0,0.0,0.0,0.0,0.0,0.0,0.0,25
Rachana Ring Road,2020-08-01,LOW,0.0,2020,8,0,0,0,0.0,0.0,0.0,0.0,0.0,0.0,0.0,3,0,-0.866025,-0.5,5,-0.974928,-0.222521,1,0.0,0.0,0.0,0.0,0.0,0.0,0.0,0.0,0.0,25
Rachana Ring Road,2020-09-01,LOW,0.0,2020,9,0,0,0,0.0,0.0,0.0,0.0,0.0,0.0,0.0,3,0,-1.0,-0.0,1,0.781831,0.62349,0,0.0,0.0,0.0,0.0,0.0,0.0,0.0,0.0,0.0,25
Rachana Ring Road,2020-10-01,LOW,0.0,2020,10,0,0,0,0.0,0.0,0.0,0.0,0.0,0.0,0.0,4,0,-0.866025,0.5,3,0.433884,-0.900969,0,0.0,0.0,0.0,0.0,0.0,0.0,0.0,0.0,0.0,25
Rachana Ring Road,2020-11-01,LOW,0.0,2020,11,0,0,0,0.0,0.0,0.0,0.0,0.0,0.0,0.0,4,0,-0.5,0.866025,6,-0.781831,0.62349,1,0.0,0.0,0.0,0.0,0.0,0.0,0.0,0.0,0.0,25
Rachana Ring Road,2020-12-01,LOW,0.0,2020,12,0,0,0,0.0,0.0,0.0,0.0,0.0,0.0,0.0,4,0,-0.0,1.0,1,0.781831,0.62349,0,0.0,0.0,0.0,0.0,0.0,0.0,0.0,0.0,0.0,25
Rachana Ring Road,2021-01-01,LOW,0.0,2021,1,0,0,0,0.0,0.0,0.0,0.0,0.0,0.0,0.0,1,1,0.5,0.866025,4,-0.433884,-0.900969,0,0.0,0.0,0.0,0.0,0.0,0.0,0.0,0.0,0.0,25
Rachana Ring Road,2021-02-01,LOW,0.0,2021,2,0,0,0,0.0,0.0,0.0,0.0,0.0,0.0,0.0,1,0,0.866025,0.5,0,0.0,1.0,0,0.0,0.0,0.0,0.0,0.0,0.0,0.0,0.0,0.0,25
Rachana Ring Road,2021-03-01,LOW,0.0,2021,3,0,0,0,0.0,0.0,0.0,0.0,0.0,0.0,0.0,1,0,1.0,0.0,0,0.0,1.0,0,0.0,0.0,0.0,0.0,0.0,0.0,0.0,0.0,0.0,25
Rachana Ring Road,2021-04-01,LOW,0.0,2021,4,0,0,0,0.0,0.0,0.0,0.0,0.0,0.0,0.0,2,0,0.866025,-0.5,3,0.433884,-0.900969,0,0.0,0.0,0.0,0.0,0.0,0.0,0.0,0.0,0.0,25
Rachana Ring Road,2021-05-01,LOW,0.0,2021,5,0,0,0,0.0,0.0,0.0,0.0,0.0,0.0,0.0,2,0,0.5,-0.866025,5,-0.974928,-0.222521,1,0.0,0.0,0.0,0.0,0.0,0.0,0.0,0.0,0.0,25
Rachana Ring Road,2021-06-01,LOW,0.0,2021,6,0,0,0,0.0,0.0,0.0,0.0,0.0,0.0,0.0,2,0,0.0,-1.0,1,0.781831,0.62349,0,0.0,0.0,0.0,0.0,0.0,0.0,0.0,0.0,0.0,25
Rachana Ring Road,2021-07-01,LOW,0.0,2021,7,0,0,0,0.0,0.0,0.0,0.0,0.0,0.0,0.0,3,0,-0.5,-0.866025,3,0.433884,-0.900969,0,0.0,0.0,0.0,0.0,0.0,0.0,0.0,0.0,0.0,25
Rachana Ring Road,2021-08-01,LOW,0.0,2021,8,0,0,0,0.0,0.0,0.0,0.0,0.0,0.0,0.0,3,0,-0.866025,-0.5,6,-0.781831,0.62349,1,0.0,0.0,0.0,0.0,0.0,0.0,0.0,0.0,0.0,25
Rachana Ring Road,2021-09-01,LOW,0.0,2021,9,0,0,0,0.0,0.0,0.0,0.0,0.0,0.0,0.0,3,0,-1.0,-0.0,2,0.974928,-0.222521,0,0.0,0.0,0.0,0.0,0.0,0.0,0.0,0.0,0.0,25
Rachana Ring Road,2021-10-01,LOW,0.0,2021,10,0,0,0,0.0,0.0,0.0,0.0,0.0,0.0,0.0,4,0,-0.866025,0.5,4,-0.433884,-0.900969,0,0.0,0.0,0.0,0.0,0.0,0.0,0.0,0.0,0.0,25
Rachana Ring Road,2021-11-01,LOW,0.0,2021,11,0,0,0,0.0,0.0,0.0,0.0,0.0,0.0,0.0,4,0,-0.5,0.866025,0,0.0,1.0,0,0.0,0.0,0.0,0.0,0.0,0.0,0.0,0.0,0.0,25
Rachana Ring Road,2021-12-01,LOW,0.0,2021,12,0,0,0,0.0,0.0,0.0,0.0,0.0,0.0,0.0,4,0,-0.0,1.0,2,0.974928,-0.222521,0,0.0,0.0,0.0,0.0,0.0,0.0,0.0,0.0,0.0,25
Rachana Ring Road,2022-01-01,LOW,0.0,2022,1,0,0,0,0.0,0.0,0.0,0.0,0.0,0.0,0.0,1,1,0.5,0.866025,5,-0.974928,-0.222521,1,0.0,0.0,0.0,0.0,0.0,0.0,0.0,0.0,0.0,25
Rachana Ring Road,2022-02-01,LOW,0.0,2022,2,0,0,0,0.0,0.0,0.0,0.0,0.0,0.0,0.0,1,0,0.866025,0.5,1,0.781831,0.62349,0,0.0,0.0,0.0,0.0,0.0,0.0,0.0,0.0,0.0,25
Rachana Ring Road,2022-03-01,LOW,0.0,2022,3,0,0,0,0.0,0.0,0.0,0.0,0.0,0.0,0.0,1,0,1.0,0.0,1,0.781831,0.62349,0,0.0,0.0,0.0,0.0,0.0,0.0,0.0,0.0,0.0,25
Rachana Ring Road,2022-04-01,LOW,0.0,2022,4,0,0,0,0.0,0.0,0.0,0.0,0.0,0.0,0.0,2,0,0.866025,-0.5,4,-0.433884,-0.900969,0,0.0,0.0,0.0,0.0,0.0,0.0,0.0,0.0,0.0,25
Rachana Ring Road,2022-05-01,LOW,0.0,2022,5,0,0,0,0.0,0.0,0.0,0.0,0.0,0.0,0.0,2,0,0.5,-0.866025,6,-0.781831,0.62349,1,0.0,0.0,0.0,0.0,0.0,0.0,0.0,0.0,0.0,25
Rachana Ring Road,2022-06-01,LOW,0.0,2022,6,0,0,0,0.0,0.0,0.0,0.0,0.0,0.0,0.0,2,0,0.0,-1.0,2,0.974928,-0.222521,0,0.0,0.0,0.0,0.0,0.0,0.0,0.0,0.0,0.0,25
Rachana Ring Road,2022-07-01,LOW,0.0,2022,7,0,0,0,0.0,0.0,0.0,0.0,0.0,0.0,0.0,3,0,-0.5,-0.866025,4,-0.433884,-0.900969,0,0.0,0.0,0.0,0.0,0.0,0.0,0.0,0.0,0.0,25
Rachana Ring Road,2022-08-01,LOW,0.0,2022,8,0,0,0,0.0,0.0,0.0,0.0,0.0,0.0,0.0,3,0,-0.866025,-0.5,0,0.0,1.0,0,0.0,0.0,0.0,0.0,0.0,0.0,0.0,0.0,0.0,25
Rachana Ring Road,2022-09-01,LOW,0.0,2022,9,0,0,0,0.0,0.0,0.0,0.0,0.0,0.0,0.0,3,0,-1.0,-0.0,3,0.433884,-0.900969,0,0.0,0.0,0.0,0.0,0.0,0.0,0.0,0.0,0.0,25
Rachana Ring Road,2022-10-01,LOW,0.0,2022,10,0,0,0,0.0,0.0,0.0,0.0,0.0,0.0,0.0,4,0,-0.866025,0.5,5,-0.974928,-0.222521,1,0.0,0.0,0.0,0.0,0.0,0.0,0.0,0.0,0.0,25
Rachana Ring Road,2022-11-01,LOW,0.0,2022,11,0,0,0,0.0,0.0,0.0,0.0,0.0,0.0,0.0,4,0,-0.5,0.866025,1,0.781831,0.62349,0,0.0,0.0,0.0,0.0,0.0,0.0,0.0,0.0,0.0,25
Rachana Ring Road,2022-12-01,LOW,0.0,2022,12,0,0,0,0.0,0.0,0.0,0.0,0.0,0.0,0.0,4,0,-0.0,1.0,3,0.433884,-0.900969,0,0.0,0.0,0.0,0.0,0.0,0.0,0.0,0.0,0.0,25
Rachana Ring Road,2023-01-01,LOW,0.0,2023,1,0,0,0,0.0,0.0,0.0,0.0,0.0,0.0,0.0,1,1,0.5,0.866025,6,-0.781831,0.62349,1,0.0,0.0,0.0,0.0,0.0,0.0,0.0,0.0,0.0,25
Rachana Ring Road,2023-02-01,LOW,0.0,2023,2,0,0,0,0.0,0.0,0.0,0.0,0.0,0.0,0.0,1,0,0.866025,0.5,2,0.974928,-0.222521,0,0.0,0.0,0.0,0.0,0.0,0.0,0.0,0.0,0.0,25
Rachana Ring Road,2023-03-01,LOW,0.0,2023,3,0,0,0,0.0,0.0,0.0,0.0,0.0,0.0,0.0,1,0,1.0,0.0,2,0.974928,-0.222521,0,0.0,0.0,0.0,0.0,0.0,0.0,0.0,0.0,0.0,25
Rachana Ring Road,2023-04-01,LOW,0.0,2023,4,0,0,0,0.0,0.0,0.0,0.0,0.0,0.0,0.0,2,0,0.866025,-0.5,5,-0.974928,-0.222521,1,0.0,0.0,0.0,0.0,0.0,0.0,0.0,0.0,0.0,25
Rachana Ring Road,2023-05-01,LOW,0.0,2023,5,0,0,0,0.0,0.0,0.0,0.0,0.0,0.0,0.0,2,0,0.5,-0.866025,0,0.0,1.0,0,0.0,0.0,0.0,0.0,0.0,0.0,0.0,0.0,0.0,25
Rachana Ring Road,2023-06-01,LOW,0.0,2023,6,0,0,0,0.0,0.0,0.0,0.0,0.0,0.0,0.0,2,0,0.0,-1.0,3,0.433884,-0.900969,0,0.0,0.0,0.0,0.0,0.0,0.0,0.0,0.0,0.0,25
Rachana Ring Road,2023-07-01,LOW,0.0,2023,7,0,0,0,0.0,0.0,0.0,0.0,0.0,0.0,0.0,3,0,-0.5,-0.866025,5,-0.974928,-0.222521,1,0.0,0.0,0.0,0.0,0.0,0.0,0.0,0.0,0.0,25
Rachana Ring Road,2023-08-01,LOW,0.0,2023,8,0,0,0,0.0,0.0,0.0,0.0,0.0,0.0,0.0,3,0,-0.866025,-0.5,1,0.781831,0.62349,0,0.0,0.0,0.0,0.0,0.0,0.0,0.0,0.0,0.0,25
Rachana Ring Road,2023-09-01,LOW,0.0,2023,9,0,0,0,0.0,0.0,0.0,0.0,0.0,0.0,0.0,3,0,-1.0,-0.0,4,-0.433884,-0.900969,0,0.0,0.0,0.0,0.0,0.0,0.0,0.0,0.0,0.0,25
Rachana Ring Road,2023-10-01,LOW,0.0,2023,10,0,0,0,0.0,0.0,0.0,0.0,0.0,0.0,0.0,4,0,-0.866025,0.5,6,-0.781831,0.62349,1,0.0,0.0,0.0,0.0,0.0,0.0,0.0,0.0,0.0,25
Rachana Ring Road,2023-11-01,LOW,0.0,2023,11,0,0,0,0.0,0.0,0.0,0.0,0.0,0.0,0.0,4,0,-0.5,0.866025,2,0.974928,-0.222521,0,0.0,0.0,0.0,0.0,0.0,0.0,0.0,0.0,0.0,25
Rachana Ring Road,2023-12-01,LOW,0.0,2023,12,0,0,0,0.0,0.0,0.0,0.0,0.0,0.0,0.0,4,0,-0.0,1.0,4,-0.433884,-0.900969,0,0.0,0.0,0.0,0.0,0.0,0.0,0.0,0.0,0.0,25
Ram Nagar Square,2020-01-01,LOW,0.0,2020,1,0,0,0,0.0,0.0,0.0,0.0,0.0,0.0,0.0,1,1,0.5,0.866025,2,0.974928,-0.222521,0,0.0,0.0,0.0,0.0,0.0,0.0,0.0,0.0,0.0,26
Ram Nagar Square,2020-02-01,LOW,0.0,2020,2,0,0,0,0.0,0.0,0.0,0.0,0.0,0.0,0.0,1,0,0.866025,0.5,5,-0.974928,-0.222521,1,0.0,0.0,0.0,0.0,0.0,0.0,0.0,0.0,0.0,26
Ram Nagar Square,2020-03-01,LOW,0.0,2020,3,0,0,0,0.0,0.0,0.0,0.0,0.0,0.0,0.0,1,0,1.0,0.0,6,-0.781831,0.62349,1,0.0,0.0,0.0,0.0,0.0,0.0,0.0,0.0,0.0,26
Ram Nagar Square,2020-04-01,LOW,0.0,2020,4,0,0,0,0.0,0.0,0.0,0.0,0.0,0.0,0.0,2,0,0.866025,-0.5,2,0.974928,-0.222521,0,0.0,0.0,0.0,0.0,0.0,0.0,0.0,0.0,0.0,26
Ram Nagar Square,2020-05-01,LOW,0.0,2020,5,0,0,0,0.0,0.0,0.0,0.0,0.0,0.0,0.0,2,0,0.5,-0.866025,4,-0.433884,-0.900969,0,0.0,0.0,0.0,0.0,0.0,0.0,0.0,0.0,0.0,26
Ram Nagar Square,2020-06-01,LOW,0.0,2020,6,0,0,0,0.0,0.0,0.0,0.0,0.0,0.0,0.0,2,0,0.0,-1.0,0,0.0,1.0,0,0.0,0.0,0.0,0.0,0.0,0.0,0.0,0.0,0.0,26
Ram Nagar Square,2020-07-01,LOW,0.0,2020,7,0,0,0,0.0,0.0,0.0,0.0,0.0,0.0,0.0,3,0,-0.5,-0.866025,2,0.974928,-0.222521,0,0.0,0.0,0.0,0.0,0.0,0.0,0.0,0.0,0.0,26
Ram Nagar Square,2020-08-01,LOW,0.0,2020,8,0,0,0,0.0,0.0,0.0,0.0,0.0,0.0,0.0,3,0,-0.866025,-0.5,5,-0.974928,-0.222521,1,0.0,0.0,0.0,0.0,0.0,0.0,0.0,0.0,0.0,26
Ram Nagar Square,2020-09-01,LOW,0.0,2020,9,0,0,0,0.0,0.0,0.0,0.0,0.0,0.0,0.0,3,0,-1.0,-0.0,1,0.781831,0.62349,0,0.0,0.0,0.0,0.0,0.0,0.0,0.0,0.0,0.0,26
Ram Nagar Square,2020-10-01,LOW,0.0,2020,10,0,0,0,0.0,0.0,0.0,0.0,0.0,0.0,0.0,4,0,-0.866025,0.5,3,0.433884,-0.900969,0,0.0,0.0,0.0,0.0,0.0,0.0,0.0,0.0,0.0,26
Ram Nagar Square,2020-11-01,LOW,0.0,2020,11,0,0,0,0.0,0.0,0.0,0.0,0.0,0.0,0.0,4,0,-0.5,0.866025,6,-0.781831,0.62349,1,0.0,0.0,0.0,0.0,0.0,0.0,0.0,0.0,0.0,26
Ram Nagar Square,2020-12-01,LOW,0.0,2020,12,0,0,0,0.0,0.0,0.0,0.0,0.0,0.0,0.0,4,0,-0.0,1.0,1,0.781831,0.62349,0,0.0,0.0,0.0,0.0,0.0,0.0,0.0,0.0,0.0,26
Ram Nagar Square,2021-01-01,LOW,0.0,2021,1,0,0,0,0.0,0.0,0.0,0.0,0.0,0.0,0.0,1,1,0.5,0.866025,4,-0.433884,-0.900969,0,0.0,0.0,0.0,0.0,0.0,0.0,0.0,0.0,0.0,26
Ram Nagar Square,2021-02-01,LOW,0.0,2021,2,0,0,0,0.0,0.0,0.0,0.0,0.0,0.0,0.0,1,0,0.866025,0.5,0,0.0,1.0,0,0.0,0.0,0.0,0.0,0.0,0.0,0.0,0.0,0.0,26
Ram Nagar Square,2021-03-01,LOW,0.0,2021,3,0,0,0,0.0,0.0,0.0,0.0,0.0,0.0,0.0,1,0,1.0,0.0,0,0.0,1.0,0,0.0,0.0,0.0,0.0,0.0,0.0,0.0,0.0,0.0,26
Ram Nagar Square,2021-04-01,LOW,0.0,2021,4,0,0,0,0.0,0.0,0.0,0.0,0.0,0.0,0.0,2,0,0.866025,-0.5,3,0.433884,-0.900969,0,0.0,0.0,0.0,0.0,0.0,0.0,0.0,0.0,0.0,26
Ram Nagar Square,2021-05-01,LOW,0.0,2021,5,0,0,0,0.0,0.0,0.0,0.0,0.0,0.0,0.0,2,0,0.5,-0.866025,5,-0.974928,-0.222521,1,0.0,0.0,0.0,0.0,0.0,0.0,0.0,0.0,0.0,26
Ram Nagar Square,2021-06-01,LOW,0.0,2021,6,0,0,0,0.0,0.0,0.0,0.0,0.0,0.0,0.0,2,0,0.0,-1.0,1,0.781831,0.62349,0,0.0,0.0,0.0,0.0,0.0,0.0,0.0,0.0,0.0,26
Ram Nagar Square,2021-07-01,LOW,0.0,2021,7,0,0,0,0.0,0.0,0.0,0.0,0.0,0.0,0.0,3,0,-0.5,-0.866025,3,0.433884,-0.900969,0,0.0,0.0,0.0,0.0,0.0,0.0,0.0,0.0,0.0,26
Ram Nagar Square,2021-08-01,LOW,0.0,2021,8,0,0,0,0.0,0.0,0.0,0.0,0.0,0.0,0.0,3,0,-0.866025,-0.5,6,-0.781831,0.62349,1,0.0,0.0,0.0,0.0,0.0,0.0,0.0,0.0,0.0,26
Ram Nagar Square,2021-09-01,LOW,0.0,2021,9,0,0,0,0.0,0.0,0.0,0.0,0.0,0.0,0.0,3,0,-1.0,-0.0,2,0.974928,-0.222521,0,0.0,0.0,0.0,0.0,0.0,0.0,0.0,0.0,0.0,26
Ram Nagar Square,2021-10-01,LOW,0.0,2021,10,0,0,0,0.0,0.0,0.0,0.0,0.0,0.0,0.0,4,0,-0.866025,0.5,4,-0.433884,-0.900969,0,0.0,0.0,0.0,0.0,0.0,0.0,0.0,0.0,0.0,26
Ram Nagar Square,2021-11-01,LOW,0.0,2021,11,0,0,0,0.0,0.0,0.0,0.0,0.0,0.0,0.0,4,0,-0.5,0.866025,0,0.0,1.0,0,0.0,0.0,0.0,0.0,0.0,0.0,0.0,0.0,0.0,26
Ram Nagar Square,2021-12-01,LOW,0.0,2021,12,0,0,0,0.0,0.0,0.0,0.0,0.0,0.0,0.0,4,0,-0.0,1.0,2,0.974928,-0.222521,0,0.0,0.0,0.0,0.0,0.0,0.0,0.0,0.0,0.0,26
Ram Nagar Square,2022-01-01,LOW,0.0,2022,1,0,0,0,0.0,0.0,0.0,0.0,0.0,0.0,0.0,1,1,0.5,0.866025,5,-0.974928,-0.222521,1,0.0,0.0,0.0,0.0,0.0,0.0,0.0,0.0,0.0,26
Ram Nagar Square,2022-02-01,LOW,0.0,2022,2,0,0,0,0.0,0.0,0.0,0.0,0.0,0.0,0.0,1,0,0.866025,0.5,1,0.781831,0.62349,0,0.0,0.0,0.0,0.0,0.0,0.0,0.0,0.0,0.0,26
Ram Nagar Square,2022-03-01,LOW,0.0,2022,3,0,0,0,0.0,0.0,0.0,0.0,0.0,0.0,0.0,1,0,1.0,0.0,1,0.781831,0.62349,0,0.0,0.0,0.0,0.0,0.0,0.0,0.0,0.0,0.0,26
Ram Nagar Square,2022-04-01,LOW,0.0,2022,4,0,0,0,0.0,0.0,0.0,0.0,0.0,0.0,0.0,2,0,0.866025,-0.5,4,-0.433884,-0.900969,0,0.0,0.0,0.0,0.0,0.0,0.0,0.0,0.0,0.0,26
Ram Nagar Square,2022-05-01,LOW,0.0,2022,5,0,0,0,0.0,0.0,0.0,0.0,0.0,0.0,0.0,2,0,0.5,-0.866025,6,-0.781831,0.62349,1,0.0,0.0,0.0,0.0,0.0,0.0,0.0,0.0,0.0,26
Ram Nagar Square,2022-06-01,LOW,0.0,2022,6,0,0,0,0.0,0.0,0.0,0.0,0.0,0.0,0.0,2,0,0.0,-1.0,2,0.974928,-0.222521,0,0.0,0.0,0.0,0.0,0.0,0.0,0.0,0.0,0.0,26
Ram Nagar Square,2022-07-01,LOW,0.0,2022,7,0,0,0,0.0,0.0,0.0,0.0,0.0,0.0,0.0,3,0,-0.5,-0.866025,4,-0.433884,-0.900969,0,0.0,0.0,0.0,0.0,0.0,0.0,0.0,0.0,0.0,26
Ram Nagar Square,2022-08-01,LOW,0.0,2022,8,0,0,0,0.0,0.0,0.0,0.0,0.0,0.0,0.0,3,0,-0.866025,-0.5,0,0.0,1.0,0,0.0,0.0,0.0,0.0,0.0,0.0,0.0,0.0,0.0,26
Ram Nagar Square,2022-09-01,LOW,0.0,2022,9,0,0,0,0.0,0.0,0.0,0.0,0.0,0.0,0.0,3,0,-1.0,-0.0,3,0.433884,-0.900969,0,0.0,0.0,0.0,0.0,0.0,0.0,0.0,0.0,0.0,26
Ram Nagar Square,2022-10-01,LOW,0.0,2022,10,0,0,0,0.0,0.0,0.0,0.0,0.0,0.0,0.0,4,0,-0.866025,0.5,5,-0.974928,-0.222521,1,0.0,0.0,0.0,0.0,0.0,0.0,0.0,0.0,0.0,26
Ram Nagar Square,2022-11-01,LOW,0.0,2022,11,0,0,0,0.0,0.0,0.0,0.0,0.0,0.0,0.0,4,0,-0.5,0.866025,1,0.781831,0.62349,0,0.0,0.0,0.0,0.0,0.0,0.0,0.0,0.0,0.0,26
Ram Nagar Square,2022-12-01,LOW,0.0,2022,12,0,0,0,0.0,0.0,0.0,0.0,0.0,0.0,0.0,4,0,-0.0,1.0,3,0.433884,-0.900969,0,0.0,0.0,0.0,0.0,0.0,0.0,0.0,0.0,0.0,26
Ram Nagar Square,2023-01-01,LOW,0.0,2023,1,0,0,0,0.0,0.0,0.0,0.0,0.0,0.0,0.0,1,1,0.5,0.866025,6,-0.781831,0.62349,1,0.0,0.0,0.0,0.0,0.0,0.0,0.0,0.0,0.0,26
Ram Nagar Square,2023-02-01,LOW,0.0,2023,2,0,0,0,0.0,0.0,0.0,0.0,0.0,0.0,0.0,1,0,0.866025,0.5,2,0.974928,-0.222521,0,0.0,0.0,0.0,0.0,0.0,0.0,0.0,0.0,0.0,26
Ram Nagar Square,2023-03-01,LOW,0.0,2023,3,0,0,0,0.0,0.0,0.0,0.0,0.0,0.0,0.0,1,0,1.0,0.0,2,0.974928,-0.222521,0,0.0,0.0,0.0,0.0,0.0,0.0,0.0,0.0,0.0,26
Ram Nagar Square,2023-04-01,LOW,0.0,2023,4,0,0,0,0.0,0.0,0.0,0.0,0.0,0.0,0.0,2,0,0.866025,-0.5,5,-0.974928,-0.222521,1,0.0,0.0,0.0,0.0,0.0,0.0,0.0,0.0,0.0,26
Ram Nagar Square,2023-05-01,LOW,0.0,2023,5,0,0,0,0.0,0.0,0.0,0.0,0.0,0.0,0.0,2,0,0.5,-0.866025,0,0.0,1.0,0,0.0,0.0,0.0,0.0,0.0,0.0,0.0,0.0,0.0,26
Ram Nagar Square,2023-06-01,LOW,0.0,2023,6,0,0,0,0.0,0.0,0.0,0.0,0.0,0.0,0.0,2,0,0.0,-1.0,3,0.433884,-0.900969,0,0.0,0.0,0.0,0.0,0.0,0.0,0.0,0.0,0.0,26
Ram Nagar Square,2023-07-01,LOW,0.0,2023,7,0,0,0,0.0,0.0,0.0,0.0,0.0,0.0,0.0,3,0,-0.5,-0.866025,5,-0.974928,-0.222521,1,0.0,0.0,0.0,0.0,0.0,0.0,0.0,0.0,0.0,26
Ram Nagar Square,2023-08-01,LOW,0.0,2023,8,0,0,0,0.0,0.0,0.0,0.0,0.0,0.0,0.0,3,0,-0.866025,-0.5,1,0.781831,0.62349,0,0.0,0.0,0.0,0.0,0.0,0.0,0.0,0.0,0.0,26
Ram Nagar Square,2023-09-01,LOW,0.0,2023,9,0,0,0,0.0,0.0,0.0,0.0,0.0,0.0,0.0,3,0,-1.0,-0.0,4,-0.433884,-0.900969,0,0.0,0.0,0.0,0.0,0.0,0.0,0.0,0.0,0.0,26
Ram Nagar Square,2023-10-01,LOW,0.0,2023,10,0,0,0,0.0,0.0,0.0,0.0,0.0,0.0,0.0,4,0,-0.866025,0.5,6,-0.781831,0.62349,1,0.0,0.0,0.0,0.0,0.0,0.0,0.0,0.0,0.0,26
Ram Nagar Square,2023-11-01,LOW,0.0,2023,11,0,0,0,0.0,0.0,0.0,0.0,0.0,0.0,0.0,4,0,-0.5,0.866025,2,0.974928,-0.222521,0,0.0,0.0,0.0,0.0,0.0,0.0,0.0,0.0,0.0,26
Ram Nagar Square,2023-12-01,LOW,0.0,2023,12,0,0,0,0.0,0.0,0.0,0.0,0.0,0.0,0.0,4,0,-0.0,1.0,4,-0.433884,-0.900969,0,0.0,0.0,0.0,0.0,0.0,0.0,0.0,0.0,0.0,26
Rambagh Chowk,2020-01-01,LOW,0.0,2020,1,0,0,0,0.0,0.0,0.0,0.0,0.0,0.0,0.0,1,1,0.5,0.866025,2,0.974928,-0.222521,0,0.0,0.0,0.0,0.0,0.0,0.0,0.0,0.0,0.0,27
Rambagh Chowk,2020-02-01,LOW,0.0,2020,2,0,0,0,0.0,0.0,0.0,0.0,0.0,0.0,0.0,1,0,0.866025,0.5,5,-0.974928,-0.222521,1,0.0,0.0,0.0,0.0,0.0,0.0,0.0,0.0,0.0,27
Rambagh Chowk,2020-03-01,LOW,0.0,2020,3,0,0,0,0.0,0.0,0.0,0.0,0.0,0.0,0.0,1,0,1.0,0.0,6,-0.781831,0.62349,1,0.0,0.0,0.0,0.0,0.0,0.0,0.0,0.0,0.0,27
Rambagh Chowk,2020-04-01,LOW,0.0,2020,4,0,0,0,0.0,0.0,0.0,0.0,0.0,0.0,0.0,2,0,0.866025,-0.5,2,0.974928,-0.222521,0,0.0,0.0,0.0,0.0,0.0,0.0,0.0,0.0,0.0,27
Rambagh Chowk,2020-05-01,LOW,0.0,2020,5,0,0,0,0.0,0.0,0.0,0.0,0.0,0.0,0.0,2,0,0.5,-0.866025,4,-0.433884,-0.900969,0,0.0,0.0,0.0,0.0,0.0,0.0,0.0,0.0,0.0,27
Rambagh Chowk,2020-06-01,LOW,0.0,2020,6,0,0,0,0.0,0.0,0.0,0.0,0.0,0.0,0.0,2,0,0.0,-1.0,0,0.0,1.0,0,0.0,0.0,0.0,0.0,0.0,0.0,0.0,0.0,0.0,27
Rambagh Chowk,2020-07-01,LOW,0.0,2020,7,0,0,0,0.0,0.0,0.0,0.0,0.0,0.0,0.0,3,0,-0.5,-0.866025,2,0.974928,-0.222521,0,0.0,0.0,0.0,0.0,0.0,0.0,0.0,0.0,0.0,27
Rambagh Chowk,2020-08-01,LOW,0.0,2020,8,0,0,0,0.0,0.0,0.0,0.0,0.0,0.0,0.0,3,0,-0.866025,-0.5,5,-0.974928,-0.222521,1,0.0,0.0,0.0,0.0,0.0,0.0,0.0,0.0,0.0,27
Rambagh Chowk,2020-09-01,LOW,0.0,2020,9,0,0,0,0.0,0.0,0.0,0.0,0.0,0.0,0.0,3,0,-1.0,-0.0,1,0.781831,0.62349,0,0.0,0.0,0.0,0.0,0.0,0.0,0.0,0.0,0.0,27
Rambagh Chowk,2020-10-01,LOW,0.0,2020,10,0,0,0,0.0,0.0,0.0,0.0,0.0,0.0,0.0,4,0,-0.866025,0.5,3,0.433884,-0.900969,0,0.0,0.0,0.0,0.0,0.0,0.0,0.0,0.0,0.0,27
Rambagh Chowk,2020-11-01,LOW,0.0,2020,11,0,0,0,0.0,0.0,0.0,0.0,0.0,0.0,0.0,4,0,-0.5,0.866025,6,-0.781831,0.62349,1,0.0,0.0,0.0,0.0,0.0,0.0,0.0,0.0,0.0,27
Rambagh Chowk,2020-12-01,LOW,0.0,2020,12,0,0,0,0.0,0.0,0.0,0.0,0.0,0.0,0.0,4,0,-0.0,1.0,1,0.781831,0.62349,0,0.0,0.0,0.0,0.0,0.0,0.0,0.0,0.0,0.0,27
Rambagh Chowk,2021-01-01,LOW,0.0,2021,1,0,0,0,0.0,0.0,0.0,0.0,0.0,0.0,0.0,1,1,0.5,0.866025,4,-0.433884,-0.900969,0,0.0,0.0,0.0,0.0,0.0,0.0,0.0,0.0,0.0,27
Rambagh Chowk,2021-02-01,LOW,0.0,2021,2,0,0,0,0.0,0.0,0.0,0.0,0.0,0.0,0.0,1,0,0.866025,0.5,0,0.0,1.0,0,0.0,0.0,0.0,0.0,0.0,0.0,0.0,0.0,0.0,27
Rambagh Chowk,2021-03-01,LOW,0.0,2021,3,0,0,0,0.0,0.0,0.0,0.0,0.0,0.0,0.0,1,0,1.0,0.0,0,0.0,1.0,0,0.0,0.0,0.0,0.0,0.0,0.0,0.0,0.0,0.0,27
Rambagh Chowk,2021-04-01,LOW,0.0,2021,4,0,0,0,0.0,0.0,0.0,0.0,0.0,0.0,0.0,2,0,0.866025,-0.5,3,0.433884,-0.900969,0,0.0,0.0,0.0,0.0,0.0,0.0,0.0,0.0,0.0,27
Rambagh Chowk,2021-05-01,LOW,0.0,2021,5,0,0,0,0.0,0.0,0.0,0.0,0.0,0.0,0.0,2,0,0.5,-0.866025,5,-0.974928,-0.222521,1,0.0,0.0,0.0,0.0,0.0,0.0,0.0,0.0,0.0,27
Rambagh Chowk,2021-06-01,LOW,0.0,2021,6,0,0,0,0.0,0.0,0.0,0.0,0.0,0.0,0.0,2,0,0.0,-1.0,1,0.781831,0.62349,0,0.0,0.0,0.0,0.0,0.0,0.0,0.0,0.0,0.0,27
Rambagh Chowk,2021-07-01,LOW,0.0,2021,7,0,0,0,0.0,0.0,0.0,0.0,0.0,0.0,0.0,3,0,-0.5,-0.866025,3,0.433884,-0.900969,0,0.0,0.0,0.0,0.0,0.0,0.0,0.0,0.0,0.0,27
Rambagh Chowk,2021-08-01,LOW,0.0,2021,8,0,0,0,0.0,0.0,0.0,0.0,0.0,0.0,0.0,3,0,-0.866025,-0.5,6,-0.781831,0.62349,1,0.0,0.0,0.0,0.0,0.0,0.0,0.0,0.0,0.0,27
Rambagh Chowk,2021-09-01,LOW,0.0,2021,9,0,0,0,0.0,0.0,0.0,0.0,0.0,0.0,0.0,3,0,-1.0,-0.0,2,0.974928,-0.222521,0,0.0,0.0,0.0,0.0,0.0,0.0,0.0,0.0,0.0,27
Rambagh Chowk,2021-10-01,LOW,0.0,2021,10,0,0,0,0.0,0.0,0.0,0.0,0.0,0.0,0.0,4,0,-0.866025,0.5,4,-0.433884,-0.900969,0,0.0,0.0,0.0,0.0,0.0,0.0,0.0,0.0,0.0,27
Rambagh Chowk,2021-11-01,LOW,0.0,2021,11,0,0,0,0.0,0.0,0.0,0.0,0.0,0.0,0.0,4,0,-0.5,0.866025,0,0.0,1.0,0,0.0,0.0,0.0,0.0,0.0,0.0,0.0,0.0,0.0,27
Rambagh Chowk,2021-12-01,LOW,0.0,2021,12,0,0,0,0.0,0.0,0.0,0.0,0.0,0.0,0.0,4,0,-0.0,1.0,2,0.974928,-0.222521,0,0.0,0.0,0.0,0.0,0.0,0.0,0.0,0.0,0.0,27
Rambagh Chowk,2022-01-01,LOW,0.0,2022,1,0,0,0,0.0,0.0,0.0,0.0,0.0,0.0,0.0,1,1,0.5,0.866025,5,-0.974928,-0.222521,1,0.0,0.0,0.0,0.0,0.0,0.0,0.0,0.0,0.0,27
Rambagh Chowk,2022-02-01,LOW,0.0,2022,2,0,0,0,0.0,0.0,0.0,0.0,0.0,0.0,0.0,1,0,0.866025,0.5,1,0.781831,0.62349,0,0.0,0.0,0.0,0.0,0.0,0.0,0.0,0.0,0.0,27
Rambagh Chowk,2022-03-01,LOW,0.0,2022,3,0,0,0,0.0,0.0,0.0,0.0,0.0,0.0,0.0,1,0,1.0,0.0,1,0.781831,0.62349,0,0.0,0.0,0.0,0.0,0.0,0.0,0.0,0.0,0.0,27
Rambagh Chowk,2022-04-01,LOW,0.0,2022,4,0,0,0,0.0,0.0,0.0,0.0,0.0,0.0,0.0,2,0,0.866025,-0.5,4,-0.433884,-0.900969,0,0.0,0.0,0.0,0.0,0.0,0.0,0.0,0.0,0.0,27
Rambagh Chowk,2022-05-01,LOW,0.0,2022,5,0,0,0,0.0,0.0,0.0,0.0,0.0,0.0,0.0,2,0,0.5,-0.866025,6,-0.781831,0.62349,1,0.0,0.0,0.0,0.0,0.0,0.0,0.0,0.0,0.0,27
Rambagh Chowk,2022-06-01,LOW,0.0,2022,6,0,0,0,0.0,0.0,0.0,0.0,0.0,0.0,0.0,2,0,0.0,-1.0,2,0.974928,-0.222521,0,0.0,0.0,0.0,0.0,0.0,0.0,0.0,0.0,0.0,27
Rambagh Chowk,2022-07-01,LOW,0.0,2022,7,0,0,0,0.0,0.0,0.0,0.0,0.0,0.0,0.0,3,0,-0.5,-0.866025,4,-0.433884,-0.900969,0,0.0,0.0,0.0,0.0,0.0,0.0,0.0,0.0,0.0,27
Rambagh Chowk,2022-08-01,LOW,0.0,2022,8,0,0,0,0.0,0.0,0.0,0.0,0.0,0.0,0.0,3,0,-0.866025,-0.5,0,0.0,1.0,0,0.0,0.0,0.0,0.0,0.0,0.0,0.0,0.0,0.0,27
Rambagh Chowk,2022-09-01,LOW,0.0,2022,9,0,0,0,0.0,0.0,0.0,0.0,0.0,0.0,0.0,3,0,-1.0,-0.0,3,0.433884,-0.900969,0,0.0,0.0,0.0,0.0,0.0,0.0,0.0,0.0,0.0,27
Rambagh Chowk,2022-10-01,LOW,0.0,2022,10,0,0,0,0.0,0.0,0.0,0.0,0.0,0.0,0.0,4,0,-0.866025,0.5,5,-0.974928,-0.222521,1,0.0,0.0,0.0,0.0,0.0,0.0,0.0,0.0,0.0,27
Rambagh Chowk,2022-11-01,LOW,0.0,2022,11,0,0,0,0.0,0.0,0.0,0.0,0.0,0.0,0.0,4,0,-0.5,0.866025,1,0.781831,0.62349,0,0.0,0.0,0.0,0.0,0.0,0.0,0.0,0.0,0.0,27
Rambagh Chowk,2022-12-01,LOW,0.0,2022,12,0,0,0,0.0,0.0,0.0,0.0,0.0,0.0,0.0,4,0,-0.0,1.0,3,0.433884,-0.900969,0,0.0,0.0,0.0,0.0,0.0,0.0,0.0,0.0,0.0,27
Rambagh Chowk,2023-01-01,LOW,0.0,2023,1,0,0,0,0.0,0.0,0.0,0.0,0.0,0.0,0.0,1,1,0.5,0.866025,6,-0.781831,0.62349,1,0.0,0.0,0.0,0.0,0.0,0.0,0.0,0.0,0.0,27
Rambagh Chowk,2023-02-01,LOW,0.0,2023,2,0,0,0,0.0,0.0,0.0,0.0,0.0,0.0,0.0,1,0,0.866025,0.5,2,0.974928,-0.222521,0,0.0,0.0,0.0,0.0,0.0,0.0,0.0,0.0,0.0,27
Rambagh Chowk,2023-03-01,LOW,0.0,2023,3,0,0,0,0.0,0.0,0.0,0.0,0.0,0.0,0.0,1,0,1.0,0.0,2,0.974928,-0.222521,0,0.0,0.0,0.0,0.0,0.0,0.0,0.0,0.0,0.0,27
Rambagh Chowk,2023-04-01,LOW,0.0,2023,4,0,0,0,0.0,0.0,0.0,0.0,0.0,0.0,0.0,2,0,0.866025,-0.5,5,-0.974928,-0.222521,1,0.0,0.0,0.0,0.0,0.0,0.0,0.0,0.0,0.0,27
Rambagh Chowk,2023-05-01,LOW,0.0,2023,5,0,0,0,0.0,0.0,0.0,0.0,0.0,0.0,0.0,2,0,0.5,-0.866025,0,0.0,1.0,0,0.0,0.0,0.0,0.0,0.0,0.0,0.0,0.0,0.0,27
Rambagh Chowk,2023-06-01,LOW,0.0,2023,6,0,0,0,0.0,0.0,0.0,0.0,0.0,0.0,0.0,2,0,0.0,-1.0,3,0.433884,-0.900969,0,0.0,0.0,0.0,0.0,0.0,0.0,0.0,0.0,0.0,27
Rambagh Chowk,2023-07-01,LOW,0.0,2023,7,0,0,0,0.0,0.0,0.0,0.0,0.0,0.0,0.0,3,0,-0.5,-0.866025,5,-0.974928,-0.222521,1,0.0,0.0,0.0,0.0,0.0,0.0,0.0,0.0,0.0,27
Rambagh Chowk,2023-08-01,LOW,0.0,2023,8,0,0,0,0.0,0.0,0.0,0.0,0.0,0.0,0.0,3,0,-0.866025,-0.5,1,0.781831,0.62349,0,0.0,0.0,0.0,0.0,0.0,0.0,0.0,0.0,0.0,27
Rambagh Chowk,2023-09-01,LOW,0.0,2023,9,0,0,0,0.0,0.0,0.0,0.0,0.0,0.0,0.0,3,0,-1.0,-0.0,4,-0.433884,-0.900969,0,0.0,0.0,0.0,0.0,0.0,0.0,0.0,0.0,0.0,27
Rambagh Chowk,2023-10-01,LOW,0.0,2023,10,0,0,0,0.0,0.0,0.0,0.0,0.0,0.0,0.0,4,0,-0.866025,0.5,6,-0.781831,0.62349,1,0.0,0.0,0.0,0.0,0.0,0.0,0.0,0.0,0.0,27
Rambagh Chowk,2023-11-01,LOW,0.0,2023,11,0,0,0,0.0,0.0,0.0,0.0,0.0,0.0,0.0,4,0,-0.5,0.866025,2,0.974928,-0.222521,0,0.0,0.0,0.0,0.0,0.0,0.0,0.0,0.0,0.0,27
Rambagh Chowk,2023-12-01,LOW,0.0,2023,12,0,0,0,0.0,0.0,0.0,0.0,0.0,0.0,0.0,4,0,-0.0,1.0,4,-0.433884,-0.900969,0,0.0,0.0,0.0,0.0,0.0,0.0,0.0,0.0,0.0,27
Reserve Bank Chowk,2020-01-01,LOW,0.0,2020,1,0,0,0,0.0,0.0,0.0,0.0,0.0,0.0,0.0,1,1,0.5,0.866025,2,0.974928,-0.222521,0,0.0,0.0,0.0,0.0,0.0,0.0,0.0,0.0,0.0,28
Reserve Bank Chowk,2020-02-01,LOW,0.0,2020,2,0,0,0,0.0,0.0,0.0,0.0,0.0,0.0,0.0,1,0,0.866025,0.5,5,-0.974928,-0.222521,1,0.0,0.0,0.0,0.0,0.0,0.0,0.0,0.0,0.0,28
Reserve Bank Chowk,2020-03-01,LOW,0.0,2020,3,0,0,0,0.0,0.0,0.0,0.0,0.0,0.0,0.0,1,0,1.0,0.0,6,-0.781831,0.62349,1,0.0,0.0,0.0,0.0,0.0,0.0,0.0,0.0,0.0,28
Reserve Bank Chowk,2020-04-01,LOW,0.0,2020,4,0,0,0,0.0,0.0,0.0,0.0,0.0,0.0,0.0,2,0,0.866025,-0.5,2,0.974928,-0.222521,0,0.0,0.0,0.0,0.0,0.0,0.0,0.0,0.0,0.0,28
Reserve Bank Chowk,2020-05-01,LOW,0.0,2020,5,0,0,0,0.0,0.0,0.0,0.0,0.0,0.0,0.0,2,0,0.5,-0.866025,4,-0.433884,-0.900969,0,0.0,0.0,0.0,0.0,0.0,0.0,0.0,0.0,0.0,28
Reserve Bank Chowk,2020-06-01,LOW,0.0,2020,6,0,0,0,0.0,0.0,0.0,0.0,0.0,0.0,0.0,2,0,0.0,-1.0,0,0.0,1.0,0,0.0,0.0,0.0,0.0,0.0,0.0,0.0,0.0,0.0,28
Reserve Bank Chowk,2020-07-01,LOW,0.0,2020,7,0,0,0,0.0,0.0,0.0,0.0,0.0,0.0,0.0,3,0,-0.5,-0.866025,2,0.974928,-0.222521,0,0.0,0.0,0.0,0.0,0.0,0.0,0.0,0.0,0.0,28
Reserve Bank Chowk,2020-08-01,LOW,0.0,2020,8,0,0,0,0.0,0.0,0.0,0.0,0.0,0.0,0.0,3,0,-0.866025,-0.5,5,-0.974928,-0.222521,1,0.0,0.0,0.0,0.0,0.0,0.0,0.0,0.0,0.0,28
Reserve Bank Chowk,2020-09-01,LOW,0.0,2020,9,0,0,0,0.0,0.0,0.0,0.0,0.0,0.0,0.0,3,0,-1.0,-0.0,1,0.781831,0.62349,0,0.0,0.0,0.0,0.0,0.0,0.0,0.0,0.0,0.0,28
Reserve Bank Chowk,2020-10-01,LOW,0.0,2020,10,0,0,0,0.0,0.0,0.0,0.0,0.0,0.0,0.0,4,0,-0.866025,0.5,3,0.433884,-0.900969,0,0.0,0.0,0.0,0.0,0.0,0.0,0.0,0.0,0.0,28
Reserve Bank Chowk,2020-11-01,LOW,0.0,2020,11,0,0,0,0.0,0.0,0.0,0.0,0.0,0.0,0.0,4,0,-0.5,0.866025,6,-0.781831,0.62349,1,0.0,0.0,0.0,0.0,0.0,0.0,0.0,0.0,0.0,28
Reserve Bank Chowk,2020-12-01,LOW,0.0,2020,12,0,0,0,0.0,0.0,0.0,0.0,0.0,0.0,0.0,4,0,-0.0,1.0,1,0.781831,0.62349,0,0.0,0.0,0.0,0.0,0.0,0.0,0.0,0.0,0.0,28
Reserve Bank Chowk,2021-01-01,LOW,0.0,2021,1,0,0,0,0.0,0.0,0.0,0.0,0.0,0.0,0.0,1,1,0.5,0.866025,4,-0.433884,-0.900969,0,0.0,0.0,0.0,0.0,0.0,0.0,0.0,0.0,0.0,28
Reserve Bank Chowk,2021-02-01,LOW,0.0,2021,2,0,0,0,0.0,0.0,0.0,0.0,0.0,0.0,0.0,1,0,0.866025,0.5,0,0.0,1.0,0,0.0,0.0,0.0,0.0,0.0,0.0,0.0,0.0,0.0,28
Reserve Bank Chowk,2021-03-01,LOW,0.0,2021,3,0,0,0,0.0,0.0,0.0,0.0,0.0,0.0,0.0,1,0,1.0,0.0,0,0.0,1.0,0,0.0,0.0,0.0,0.0,0.0,0.0,0.0,0.0,0.0,28
Reserve Bank Chowk,2021-04-01,LOW,0.0,2021,4,0,0,0,0.0,0.0,0.0,0.0,0.0,0.0,0.0,2,0,0.866025,-0.5,3,0.433884,-0.900969,0,0.0,0.0,0.0,0.0,0.0,0.0,0.0,0.0,0.0,28
Reserve Bank Chowk,2021-05-01,LOW,0.0,2021,5,0,0,0,0.0,0.0,0.0,0.0,0.0,0.0,0.0,2,0,0.5,-0.866025,5,-0.974928,-0.222521,1,0.0,0.0,0.0,0.0,0.0,0.0,0.0,0.0,0.0,28
Reserve Bank Chowk,2021-06-01,LOW,0.0,2021,6,0,0,0,0.0,0.0,0.0,0.0,0.0,0.0,0.0,2,0,0.0,-1.0,1,0.781831,0.62349,0,0.0,0.0,0.0,0.0,0.0,0.0,0.0,0.0,0.0,28
Reserve Bank Chowk,2021-07-01,LOW,0.0,2021,7,0,0,0,0.0,0.0,0.0,0.0,0.0,0.0,0.0,3,0,-0.5,-0.866025,3,0.433884,-0.900969,0,0.0,0.0,0.0,0.0,0.0,0.0,0.0,0.0,0.0,28
Reserve Bank Chowk,2021-08-01,LOW,0.0,2021,8,0,0,0,0.0,0.0,0.0,0.0,0.0,0.0,0.0,3,0,-0.866025,-0.5,6,-0.781831,0.62349,1,0.0,0.0,0.0,0.0,0.0,0.0,0.0,0.0,0.0,28
Reserve Bank Chowk,2021-09-01,LOW,0.0,2021,9,0,0,0,0.0,0.0,0.0,0.0,0.0,0.0,0.0,3,0,-1.0,-0.0,2,0.974928,-0.222521,0,0.0,0.0,0.0,0.0,0.0,0.0,0.0,0.0,0.0,28
Reserve Bank Chowk,2021-10-01,LOW,0.0,2021,10,0,0,0,0.0,0.0,0.0,0.0,0.0,0.0,0.0,4,0,-0.866025,0.5,4,-0.433884,-0.900969,0,0.0,0.0,0.0,0.0,0.0,0.0,0.0,0.0,0.0,28
Reserve Bank Chowk,2021-11-01,LOW,0.0,2021,11,0,0,0,0.0,0.0,0.0,0.0,0.0,0.0,0.0,4,0,-0.5,0.866025,0,0.0,1.0,0,0.0,0.0,0.0,0.0,0.0,0.0,0.0,0.0,0.0,28
Reserve Bank Chowk,2021-12-01,LOW,0.0,2021,12,0,0,0,0.0,0.0,0.0,0.0,0.0,0.0,0.0,4,0,-0.0,1.0,2,0.974928,-0.222521,0,0.0,0.0,0.0,0.0,0.0,0.0,0.0,0.0,0.0,28
Reserve Bank Chowk,2022-01-01,LOW,0.0,2022,1,0,0,0,0.0,0.0,0.0,0.0,0.0,0.0,0.0,1,1,0.5,0.866025,5,-0.974928,-0.222521,1,0.0,0.0,0.0,0.0,0.0,0.0,0.0,0.0,0.0,28
Reserve Bank Chowk,2022-02-01,LOW,0.0,2022,2,0,0,0,0.0,0.0,0.0,0.0,0.0,0.0,0.0,1,0,0.866025,0.5,1,0.781831,0.62349,0,0.0,0.0,0.0,0.0,0.0,0.0,0.0,0.0,0.0,28
Reserve Bank Chowk,2022-03-01,LOW,0.0,2022,3,0,0,0,0.0,0.0,0.0,0.0,0.0,0.0,0.0,1,0,1.0,0.0,1,0.781831,0.62349,0,0.0,0.0,0.0,0.0,0.0,0.0,0.0,0.0,0.0,28
Reserve Bank Chowk,2022-04-01,LOW,0.0,2022,4,0,0,0,0.0,0.0,0.0,0.0,0.0,0.0,0.0,2,0,0.866025,-0.5,4,-0.433884,-0.900969,0,0.0,0.0,0.0,0.0,0.0,0.0,0.0,0.0,0.0,28
Reserve Bank Chowk,2022-05-01,LOW,0.0,2022,5,0,0,0,0.0,0.0,0.0,0.0,0.0,0.0,0.0,2,0,0.5,-0.866025,6,-0.781831,0.62349,1,0.0,0.0,0.0,0.0,0.0,0.0,0.0,0.0,0.0,28
Reserve Bank Chowk,2022-06-01,LOW,0.0,2022,6,0,0,0,0.0,0.0,0.0,0.0,0.0,0.0,0.0,2,0,0.0,-1.0,2,0.974928,-0.222521,0,0.0,0.0,0.0,0.0,0.0,0.0,0.0,0.0,0.0,28
Reserve Bank Chowk,2022-07-01,LOW,0.0,2022,7,0,0,0,0.0,0.0,0.0,0.0,0.0,0.0,0.0,3,0,-0.5,-0.866025,4,-0.433884,-0.900969,0,0.0,0.0,0.0,0.0,0.0,0.0,0.0,0.0,0.0,28
Reserve Bank Chowk,2022-08-01,LOW,0.0,2022,8,0,0,0,0.0,0.0,0.0,0.0,0.0,0.0,0.0,3,0,-0.866025,-0.5,0,0.0,1.0,0,0.0,0.0,0.0,0.0,0.0,0.0,0.0,0.0,0.0,28
Reserve Bank Chowk,2022-09-01,LOW,0.0,2022,9,0,0,0,0.0,0.0,0.0,0.0,0.0,0.0,0.0,3,0,-1.0,-0.0,3,0.433884,-0.900969,0,0.0,0.0,0.0,0.0,0.0,0.0,0.0,0.0,0.0,28
Reserve Bank Chowk,2022-10-01,LOW,0.0,2022,10,0,0,0,0.0,0.0,0.0,0.0,0.0,0.0,0.0,4,0,-0.866025,0.5,5,-0.974928,-0.222521,1,0.0,0.0,0.0,0.0,0.0,0.0,0.0,0.0,0.0,28
Reserve Bank Chowk,2022-11-01,LOW,0.0,2022,11,0,0,0,0.0,0.0,0.0,0.0,0.0,0.0,0.0,4,0,-0.5,0.866025,1,0.781831,0.62349,0,0.0,0.0,0.0,0.0,0.0,0.0,0.0,0.0,0.0,28
Reserve Bank Chowk,2022-12-01,LOW,0.0,2022,12,0,0,0,0.0,0.0,0.0,0.0,0.0,0.0,0.0,4,0,-0.0,1.0,3,0.433884,-0.900969,0,0.0,0.0,0.0,0.0,0.0,0.0,0.0,0.0,0.0,28
Reserve Bank Chowk,2023-01-01,LOW,0.0,2023,1,0,0,0,0.0,0.0,0.0,0.0,0.0,0.0,0.0,1,1,0.5,0.866025,6,-0.781831,0.62349,1,0.0,0.0,0.0,0.0,0.0,0.0,0.0,0.0,0.0,28
Reserve Bank Chowk,2023-02-01,LOW,0.0,2023,2,0,0,0,0.0,0.0,0.0,0.0,0.0,0.0,0.0,1,0,0.866025,0.5,2,0.974928,-0.222521,0,0.0,0.0,0.0,0.0,0.0,0.0,0.0,0.0,0.0,28
Reserve Bank Chowk,2023-03-01,LOW,0.0,2023,3,0,0,0,0.0,0.0,0.0,0.0,0.0,0.0,0.0,1,0,1.0,0.0,2,0.974928,-0.222521,0,0.0,0.0,0.0,0.0,0.0,0.0,0.0,0.0,0.0,28
Reserve Bank Chowk,2023-04-01,LOW,0.0,2023,4,0,0,0,0.0,0.0,0.0,0.0,0.0,0.0,0.0,2,0,0.866025,-0.5,5,-0.974928,-0.222521,1,0.0,0.0,0.0,0.0,0.0,0.0,0.0,0.0,0.0,28
Reserve Bank Chowk,2023-05-01,LOW,0.0,2023,5,0,0,0,0.0,0.0,0.0,0.0,0.0,0.0,0.0,2,0,0.5,-0.866025,0,0.0,1.0,0,0.0,0.0,0.0,0.0,0.0,0.0,0.0,0.0,0.0,28
Reserve Bank Chowk,2023-06-01,LOW,0.0,2023,6,0,0,0,0.0,0.0,0.0,0.0,0.0,0.0,0.0,2,0,0.0,-1.0,3,0.433884,-0.900969,0,0.0,0.0,0.0,0.0,0.0,0.0,0.0,0.0,0.0,28
Reserve Bank Chowk,2023-07-01,LOW,0.0,2023,7,0,0,0,0.0,0.0,0.0,0.0,0.0,0.0,0.0,3,0,-0.5,-0.866025,5,-0.974928,-0.222521,1,0.0,0.0,0.0,0.0,0.0,0.0,0.0,0.0,0.0,28
Reserve Bank Chowk,2023-08-01,LOW,0.0,2023,8,0,0,0,0.0,0.0,0.0,0.0,0.0,0.0,0.0,3,0,-0.866025,-0.5,1,0.781831,0.62349,0,0.0,0.0,0.0,0.0,0.0,0.0,0.0,0.0,0.0,28
Reserve Bank Chowk,2023-09-01,LOW,0.0,2023,9,0,0,0,0.0,0.0,0.0,0.0,0.0,0.0,0.0,3,0,-1.0,-0.0,4,-0.433884,-0.900969,0,0.0,0.0,0.0,0.0,0.0,0.0,0.0,0.0,0.0,28
Reserve Bank Chowk,2023-10-01,LOW,0.0,2023,10,0,0,0,0.0,0.0,0.0,0.0,0.0,0.0,0.0,4,0,-0.866025,0.5,6,-0.781831,0.62349,1,0.0,0.0,0.0,0.0,0.0,0.0,0.0,0.0,0.0,28
Reserve Bank Chowk,2023-11-01,LOW,0.0,2023,11,0,0,0,0.0,0.0,0.0,0.0,0.0,0.0,0.0,4,0,-0.5,0.866025,2,0.974928,-0.222521,0,0.0,0.0,0.0,0.0,0.0,0.0,0.0,0.0,0.0,28
Reserve Bank Chowk,2023-12-01,LOW,0.0,2023,12,0,0,0,0.0,0.0,0.0,0.0,0.0,0.0,0.0,4,0,-0.0,1.0,4,-0.433884,-0.900969,0,0.0,0.0,0.0,0.0,0.0,0.0,0.0,0.0,0.0,28
Reshimbagh Square,2020-01-01,LOW,0.0,2020,1,0,0,0,0.0,0.0,0.0,0.0,0.0,0.0,0.0,1,1,0.5,0.866025,2,0.974928,-0.222521,0,0.0,0.0,0.0,0.0,0.0,0.0,0.0,0.0,0.0,29
Reshimbagh Square,2020-02-01,LOW,0.0,2020,2,0,0,0,0.0,0.0,0.0,0.0,0.0,0.0,0.0,1,0,0.866025,0.5,5,-0.974928,-0.222521,1,0.0,0.0,0.0,0.0,0.0,0.0,0.0,0.0,0.0,29
Reshimbagh Square,2020-03-01,LOW,0.0,2020,3,0,0,0,0.0,0.0,0.0,0.0,0.0,0.0,0.0,1,0,1.0,0.0,6,-0.781831,0.62349,1,0.0,0.0,0.0,0.0,0.0,0.0,0.0,0.0,0.0,29
Reshimbagh Square,2020-04-01,LOW,0.0,2020,4,0,0,0,0.0,0.0,0.0,0.0,0.0,0.0,0.0,2,0,0.866025,-0.5,2,0.974928,-0.222521,0,0.0,0.0,0.0,0.0,0.0,0.0,0.0,0.0,0.0,29
Reshimbagh Square,2020-05-01,LOW,0.0,2020,5,0,0,0,0.0,0.0,0.0,0.0,0.0,0.0,0.0,2,0,0.5,-0.866025,4,-0.433884,-0.900969,0,0.0,0.0,0.0,0.0,0.0,0.0,0.0,0.0,0.0,29
Reshimbagh Square,2020-06-01,LOW,0.0,2020,6,0,0,0,0.0,0.0,0.0,0.0,0.0,0.0,0.0,2,0,0.0,-1.0,0,0.0,1.0,0,0.0,0.0,0.0,0.0,0.0,0.0,0.0,0.0,0.0,29
Reshimbagh Square,2020-07-01,LOW,0.0,2020,7,0,0,0,0.0,0.0,0.0,0.0,0.0,0.0,0.0,3,0,-0.5,-0.866025,2,0.974928,-0.222521,0,0.0,0.0,0.0,0.0,0.0,0.0,0.0,0.0,0.0,29
Reshimbagh Square,2020-08-01,LOW,0.0,2020,8,0,0,0,0.0,0.0,0.0,0.0,0.0,0.0,0.0,3,0,-0.866025,-0.5,5,-0.974928,-0.222521,1,0.0,0.0,0.0,0.0,0.0,0.0,0.0,0.0,0.0,29
Reshimbagh Square,2020-09-01,LOW,0.0,2020,9,0,0,0,0.0,0.0,0.0,0.0,0.0,0.0,0.0,3,0,-1.0,-0.0,1,0.781831,0.62349,0,0.0,0.0,0.0,0.0,0.0,0.0,0.0,0.0,0.0,29
Reshimbagh Square,2020-10-01,LOW,0.0,2020,10,0,0,0,0.0,0.0,0.0,0.0,0.0,0.0,0.0,4,0,-0.866025,0.5,3,0.433884,-0.900969,0,0.0,0.0,0.0,0.0,0.0,0.0,0.0,0.0,0.0,29
Reshimbagh Square,2020-11-01,LOW,0.0,2020,11,0,0,0,0.0,0.0,0.0,0.0,0.0,0.0,0.0,4,0,-0.5,0.866025,6,-0.781831,0.62349,1,0.0,0.0,0.0,0.0,0.0,0.0,0.0,0.0,0.0,29
Reshimbagh Square,2020-12-01,LOW,0.0,2020,12,0,0,0,0.0,0.0,0.0,0.0,0.0,0.0,0.0,4,0,-0.0,1.0,1,0.781831,0.62349,0,0.0,0.0,0.0,0.0,0.0,0.0,0.0,0.0,0.0,29
Reshimbagh Square,2021-01-01,LOW,0.0,2021,1,0,0,0,0.0,0.0,0.0,0.0,0.0,0.0,0.0,1,1,0.5,0.866025,4,-0.433884,-0.900969,0,0.0,0.0,0.0,0.0,0.0,0.0,0.0,0.0,0.0,29
Reshimbagh Square,2021-02-01,LOW,0.0,2021,2,0,0,0,0.0,0.0,0.0,0.0,0.0,0.0,0.0,1,0,0.866025,0.5,0,0.0,1.0,0,0.0,0.0,0.0,0.0,0.0,0.0,0.0,0.0,0.0,29
Reshimbagh Square,2021-03-01,LOW,0.0,2021,3,0,0,0,0.0,0.0,0.0,0.0,0.0,0.0,0.0,1,0,1.0,0.0,0,0.0,1.0,0,0.0,0.0,0.0,0.0,0.0,0.0,0.0,0.0,0.0,29
Reshimbagh Square,2021-04-01,LOW,0.0,2021,4,0,0,0,0.0,0.0,0.0,0.0,0.0,0.0,0.0,2,0,0.866025,-0.5,3,0.433884,-0.900969,0,0.0,0.0,0.0,0.0,0.0,0.0,0.0,0.0,0.0,29
Reshimbagh Square,2021-05-01,LOW,0.0,2021,5,0,0,0,0.0,0.0,0.0,0.0,0.0,0.0,0.0,2,0,0.5,-0.866025,5,-0.974928,-0.222521,1,0.0,0.0,0.0,0.0,0.0,0.0,0.0,0.0,0.0,29
Reshimbagh Square,2021-06-01,LOW,0.0,2021,6,0,0,0,0.0,0.0,0.0,0.0,0.0,0.0,0.0,2,0,0.0,-1.0,1,0.781831,0.62349,0,0.0,0.0,0.0,0.0,0.0,0.0,0.0,0.0,0.0,29
Reshimbagh Square,2021-07-01,LOW,0.0,2021,7,0,0,0,0.0,0.0,0.0,0.0,0.0,0.0,0.0,3,0,-0.5,-0.866025,3,0.433884,-0.900969,0,0.0,0.0,0.0,0.0,0.0,0.0,0.0,0.0,0.0,29
Reshimbagh Square,2021-08-01,LOW,0.0,2021,8,0,0,0,0.0,0.0,0.0,0.0,0.0,0.0,0.0,3,0,-0.866025,-0.5,6,-0.781831,0.62349,1,0.0,0.0,0.0,0.0,0.0,0.0,0.0,0.0,0.0,29
Reshimbagh Square,2021-09-01,LOW,0.0,2021,9,0,0,0,0.0,0.0,0.0,0.0,0.0,0.0,0.0,3,0,-1.0,-0.0,2,0.974928,-0.222521,0,0.0,0.0,0.0,0.0,0.0,0.0,0.0,0.0,0.0,29
Reshimbagh Square,2021-10-01,LOW,0.0,2021,10,0,0,0,0.0,0.0,0.0,0.0,0.0,0.0,0.0,4,0,-0.866025,0.5,4,-0.433884,-0.900969,0,0.0,0.0,0.0,0.0,0.0,0.0,0.0,0.0,0.0,29
Reshimbagh Square,2021-11-01,LOW,0.0,2021,11,0,0,0,0.0,0.0,0.0,0.0,0.0,0.0,0.0,4,0,-0.5,0.866025,0,0.0,1.0,0,0.0,0.0,0.0,0.0,0.0,0.0,0.0,0.0,0.0,29
Reshimbagh Square,2021-12-01,LOW,0.0,2021,12,0,0,0,0.0,0.0,0.0,0.0,0.0,0.0,0.0,4,0,-0.0,1.0,2,0.974928,-0.222521,0,0.0,0.0,0.0,0.0,0.0,0.0,0.0,0.0,0.0,29
Reshimbagh Square,2022-01-01,LOW,0.0,2022,1,0,0,0,0.0,0.0,0.0,0.0,0.0,0.0,0.0,1,1,0.5,0.866025,5,-0.974928,-0.222521,1,0.0,0.0,0.0,0.0,0.0,0.0,0.0,0.0,0.0,29
Reshimbagh Square,2022-02-01,LOW,0.0,2022,2,0,0,0,0.0,0.0,0.0,0.0,0.0,0.0,0.0,1,0,0.866025,0.5,1,0.781831,0.62349,0,0.0,0.0,0.0,0.0,0.0,0.0,0.0,0.0,0.0,29
Reshimbagh Square,2022-03-01,LOW,0.0,2022,3,0,0,0,0.0,0.0,0.0,0.0,0.0,0.0,0.0,1,0,1.0,0.0,1,0.781831,0.62349,0,0.0,0.0,0.0,0.0,0.0,0.0,0.0,0.0,0.0,29
Reshimbagh Square,2022-04-01,LOW,0.0,2022,4,0,0,0,0.0,0.0,0.0,0.0,0.0,0.0,0.0,2,0,0.866025,-0.5,4,-0.433884,-0.900969,0,0.0,0.0,0.0,0.0,0.0,0.0,0.0,0.0,0.0,29
Reshimbagh Square,2022-05-01,LOW,0.0,2022,5,0,0,0,0.0,0.0,0.0,0.0,0.0,0.0,0.0,2,0,0.5,-0.866025,6,-0.781831,0.62349,1,0.0,0.0,0.0,0.0,0.0,0.0,0.0,0.0,0.0,29
Reshimbagh Square,2022-06-01,LOW,0.0,2022,6,0,0,0,0.0,0.0,0.0,0.0,0.0,0.0,0.0,2,0,0.0,-1.0,2,0.974928,-0.222521,0,0.0,0.0,0.0,0.0,0.0,0.0,0.0,0.0,0.0,29
Reshimbagh Square,2022-07-01,LOW,0.0,2022,7,0,0,0,0.0,0.0,0.0,0.0,0.0,0.0,0.0,3,0,-0.5,-0.866025,4,-0.433884,-0.900969,0,0.0,0.0,0.0,0.0,0.0,0.0,0.0,0.0,0.0,29
Reshimbagh Square,2022-08-01,LOW,0.0,2022,8,0,0,0,0.0,0.0,0.0,0.0,0.0,0.0,0.0,3,0,-0.866025,-0.5,0,0.0,1.0,0,0.0,0.0,0.0,0.0,0.0,0.0,0.0,0.0,0.0,29
Reshimbagh Square,2022-09-01,LOW,0.0,2022,9,0,0,0,0.0,0.0,0.0,0.0,0.0,0.0,0.0,3,0,-1.0,-0.0,3,0.433884,-0.900969,0,0.0,0.0,0.0,0.0,0.0,0.0,0.0,0.0,0.0,29
Reshimbagh Square,2022-10-01,LOW,0.0,2022,10,0,0,0,0.0,0.0,0.0,0.0,0.0,0.0,0.0,4,0,-0.866025,0.5,5,-0.974928,-0.222521,1,0.0,0.0,0.0,0.0,0.0,0.0,0.0,0.0,0.0,29
Reshimbagh Square,2022-11-01,LOW,0.0,2022,11,0,0,0,0.0,0.0,0.0,0.0,0.0,0.0,0.0,4,0,-0.5,0.866025,1,0.781831,0.62349,0,0.0,0.0,0.0,0.0,0.0,0.0,0.0,0.0,0.0,29
Reshimbagh Square,2022-12-01,LOW,0.0,2022,12,0,0,0,0.0,0.0,0.0,0.0,0.0,0.0,0.0,4,0,-0.0,1.0,3,0.433884,-0.900969,0,0.0,0.0,0.0,0.0,0.0,0.0,0.0,0.0,0.0,29
Reshimbagh Square,2023-01-01,LOW,0.0,2023,1,0,0,0,0.0,0.0,0.0,0.0,0.0,0.0,0.0,1,1,0.5,0.866025,6,-0.781831,0.62349,1,0.0,0.0,0.0,0.0,0.0,0.0,0.0,0.0,0.0,29
Reshimbagh Square,2023-02-01,LOW,0.0,2023,2,0,0,0,0.0,0.0,0.0,0.0,0.0,0.0,0.0,1,0,0.866025,0.5,2,0.974928,-0.222521,0,0.0,0.0,0.0,0.0,0.0,0.0,0.0,0.0,0.0,29
Reshimbagh Square,2023-03-01,LOW,0.0,2023,3,0,0,0,0.0,0.0,0.0,0.0,0.0,0.0,0.0,1,0,1.0,0.0,2,0.974928,-0.222521,0,0.0,0.0,0.0,0.0,0.0,0.0,0.0,0.0,0.0,29
Reshimbagh Square,2023-04-01,LOW,0.0,2023,4,0,0,0,0.0,0.0,0.0,0.0,0.0,0.0,0.0,2,0,0.866025,-0.5,5,-0.974928,-0.222521,1,0.0,0.0,0.0,0.0,0.0,0.0,0.0,0.0,0.0,29
Reshimbagh Square,2023-05-01,LOW,0.0,2023,5,0,0,0,0.0,0.0,0.0,0.0,0.0,0.0,0.0,2,0,0.5,-0.866025,0,0.0,1.0,0,0.0,0.0,0.0,0.0,0.0,0.0,0.0,0.0,0.0,29
Reshimbagh Square,2023-06-01,LOW,0.0,2023,6,0,0,0,0.0,0.0,0.0,0.0,0.0,0.0,0.0,2,0,0.0,-1.0,3,0.433884,-0.900969,0,0.0,0.0,0.0,0.0,0.0,0.0,0.0,0.0,0.0,29
Reshimbagh Square,2023-07-01,LOW,0.0,2023,7,0,0,0,0.0,0.0,0.0,0.0,0.0,0.0,0.0,3,0,-0.5,-0.866025,5,-0.974928,-0.222521,1,0.0,0.0,0.0,0.0,0.0,0.0,0.0,0.0,0.0,29
Reshimbagh Square,2023-08-01,LOW,0.0,2023,8,0,0,0,0.0,0.0,0.0,0.0,0.0,0.0,0.0,3,0,-0.866025,-0.5,1,0.781831,0.62349,0,0.0,0.0,0.0,0.0,0.0,0.0,0.0,0.0,0.0,29
Reshimbagh Square,2023-09-01,LOW,0.0,2023,9,0,0,0,0.0,0.0,0.0,0.0,0.0,0.0,0.0,3,0,-1.0,-0.0,4,-0.433884,-0.900969,0,0.0,0.0,0.0,0.0,0.0,0.0,0.0,0.0,0.0,29
Reshimbagh Square,2023-10-01,LOW,0.0,2023,10,0,0,0,0.0,0.0,0.0,0.0,0.0,0.0,0.0,4,0,-0.866025,0.5,6,-0.781831,0.62349,1,0.0,0.0,0.0,0.0,0.0,0.0,0.0,0.0,0.0,29
Reshimbagh Square,2023-11-01,LOW,0.0,2023,11,0,0,0,0.0,0.0,0.0,0.0,0.0,0.0,0.0,4,0,-0.5,0.866025,2,0.974928,-0.222521,0,0.0,0.0,0.0,0.0,0.0,0.0,0.0,0.0,0.0,29
Reshimbagh Square,2023-12-01,LOW,0.0,2023,12,0,0,0,0.0,0.0,0.0,0.0,0.0,0.0,0.0,4,0,-0.0,1.0,4,-0.433884,-0.900969,0,0.0,0.0,0.0,0.0,0.0,0.0,0.0,0.0,0.0,29
Sakkardara Square,2020-01-01,LOW,0.0,2020,1,0,0,0,0.0,0.0,0.0,0.0,0.0,0.0,0.0,1,1,0.5,0.866025,2,0.974928,-0.222521,0,0.0,0.0,0.0,0.0,0.0,0.0,0.0,0.0,1.5875000000000001,30
Sakkardara Square,2020-02-01,LOW,0.0,2020,2,0,0,0,0.0,0.0,0.0,0.0,0.0,0.0,0.0,1,0,0.866025,0.5,5,-0.974928,-0.222521,1,0.0,0.0,0.0,0.0,0.0,0.0,0.0,0.0,1.5875000000000001,30
Sakkardara Square,2020-03-01,LOW,0.0,2020,3,0,0,0,0.0,0.0,0.0,0.0,0.0,0.0,0.0,1,0,1.0,0.0,6,-0.781831,0.62349,1,0.0,0.0,0.0,0.0,0.0,0.0,0.0,0.0,1.5875000000000001,30
Sakkardara Square,2020-04-01,LOW,0.0,2020,4,0,0,0,0.0,0.0,0.0,0.0,0.0,0.0,0.0,2,0,0.866025,-0.5,2,0.974928,-0.222521,0,0.0,0.0,0.0,0.0,0.0,0.0,0.0,0.0,1.5875000000000001,30
Sakkardara Square,2020-05-01,LOW,0.0,2020,5,0,0,0,0.0,0.0,0.0,0.0,0.0,0.0,0.0,2,0,0.5,-0.866025,4,-0.433884,-0.900969,0,0.0,0.0,0.0,0.0,0.0,0.0,0.0,0.0,1.5875000000000001,30
Sakkardara Square,2020-06-01,LOW,2.76,2020,6,1,0,1,0.0,0.0,0.0,0.0,0.0,0.0,0.0,2,0,0.0,-1.0,0,0.0,1.0,0,0.0,0.0,0.0,0.0,0.0,0.0,0.0,0.0,1.5875000000000001,30
Sakkardara Square,2020-07-01,LOW,0.0,2020,7,0,0,0,1.0,1.0,1.0,1.0,0.0,1.0,0.083,3,0,-0.5,-0.866025,2,0.974928,-0.222521,0,0.0,0.0,0.0,0.0,0.0,0.0,0.0,0.0,1.5875000000000001,30
Sakkardara Square,2020-08-01,LOW,2.76,2020,8,1,0,1,0.0,0.0,1.0,1.0,0.0,1.0,0.083,3,0,-0.866025,-0.5,5,-0.974928,-0.222521,1,1.0,0.0,0.0,0.333,0.577,0.167,0.408,1.332,1.5875000000000001,30
Sakkardara Square,2020-09-01,LOW,0.0,2020,9,0,0,0,1.0,1.0,2.0,2.0,0.0,2.0,0.167,3,0,-1.0,-0.0,1,0.781831,0.62349,0,0.0,1.0,0.0,0.333,0.577,0.167,0.408,0.666,1.5875000000000001,30
Sakkardara Square,2020-10-01,LOW,0.0,2020,10,0,0,0,0.0,0.0,1.0,2.0,0.0,2.0,0.167,4,0,-0.866025,0.5,3,0.433884,-0.900969,0,1.0,0.0,1.0,0.667,0.577,0.333,0.516,1.334,1.5875000000000001,30
Sakkardara Square,2020-11-01,LOW,0.0,2020,11,0,0,0,0.0,0.0,1.0,2.0,0.0,2.0,0.167,4,0,-0.5,0.866025,6,-0.781831,0.62349,1,0.0,1.0,0.0,0.333,0.577,0.333,0.516,0.666,1.5875000000000001,30
Sakkardara Square,2020-12-01,LOW,5.52,2020,12,2,0,2,0.0,0.0,0.0,2.0,0.0,2.0,0.167,4,0,-0.0,1.0,1,0.781831,0.62349,0,0.0,0.0,1.0,0.333,0.577,0.333,0.516,0.666,1.5875000000000001,30
Sakkardara Square,2021-01-01,LOW,0.0,2021,1,0,0,0,2.0,2.0,2.0,4.0,0.0,4.0,0.333,1,1,0.5,0.866025,4,-0.433884,-0.900969,0,0.0,0.0,0.0,0.0,0.0,0.333,0.516,0.0,1.5875000000000001,30
Sakkardara Square,2021-02-01,LOW,1.1,2021,2,1,0,0,0.0,0.0,2.0,4.0,0.0,4.0,0.333,1,0,0.866025,0.5,0,0.0,1.0,0,2.0,0.0,0.0,0.667,1.155,0.5,0.837,0.667,1.5875000000000001,30
Sakkardara Square,2021-03-01,LOW,0.0,2021,3,0,0,0,1.0,1.0,3.0,5.0,0.0,4.0,0.417,1,0,1.0,0.0,0,0.0,1.0,0,0.0,2.0,0.0,0.667,1.155,0.5,0.837,0.534,1.5875000000000001,30
Sakkardara Square,2021-04-01,LOW,11.05,2021,4,1,1,1,0.0,0.0,1.0,5.0,0.0,4.0,0.417,2,0,0.866025,-0.5,3,0.433884,-0.900969,0,1.0,0.0,2.0,1.0,1.0,0.5,0.837,0.8,1.5875000000000001,30
Sakkardara Square,2021-05-01,LOW,0.0,2021,5,0,0,0,1.0,1.0,2.0,6.0,1.0,5.0,0.5,2,0,0.5,-0.866025,5,-0.974928,-0.222521,1,0.0,1.0,0.0,0.333,0.577,0.5,0.837,0.222,1.5875000000000001,30
Sakkardara Square,2021-06-01,LOW,3.87,2021,6,2,0,1,0.0,0.0,1.0,6.0,1.0,5.0,0.5,2,0,0.0,-1.0,1,0.781831,0.62349,0,1.0,0.0,1.0,0.667,0.577,0.667,0.816,0.445,1.5875000000000001,30
Sakkardara Square,2021-07-01,LOW,0.0,2021,7,0,0,0,2.0,2.0,3.0,7.0,1.0,5.0,0.583,3,0,-0.5,-0.866025,3,0.433884,-0.900969,0,0.0,1.0,0.0,0.333,0.577,0.667,0.816,0.19,1.5875000000000001,30
Sakkardara Square,2021-08-01,LOW,0.0,2021,8,0,0,0,0.0,0.0,2.0,7.0,1.0,5.0,0.583,3,0,-0.866025,-0.5,6,-0.781831,0.62349,1,2.0,0.0,1.0,1.0,1.0,0.667,0.816,0.571,1.5875000000000001,30
Sakkardara Square,2021-09-01,LOW,0.0,2021,9,0,0,0,0.0,0.0,2.0,6.0,1.0,4.0,0.5,3,0,-1.0,-0.0,2,0.974928,-0.222521,0,0.0,2.0,0.0,0.667,1.155,0.667,0.816,0.445,1.5875000000000001,30
Sakkardara Square,2021-10-01,LOW,1.1,2021,10,1,0,0,0.0,0.0,0.0,6.0,1.0,4.0,0.5,4,0,-0.866025,0.5,4,-0.433884,-0.900969,0,0.0,0.0,2.0,0.667,1.155,0.5,0.837,0.445,1.5875000000000001,30
Sakkardara Square,2021-11-01,LOW,2.76,2021,11,1,0,1,1.0,1.0,1.0,7.0,1.0,4.0,0.583,4,0,-0.5,0.866025,0,0.0,1.0,0,0.0,0.0,0.0,0.0,0.0,0.5,0.837,0.0,1.5875000000000001,30
Sakkardara Square,2021-12-01,LOW,2.76,2021,12,1,0,1,1.0,1.0,2.0,8.0,1.0,5.0,0.667,4,0,-0.0,1.0,2,0.974928,-0.222521,0,1.0,0.0,0.0,0.333,0.577,0.5,0.837,0.166,1.5875000000000001,30
Sakkardara Square,2022-01-01,LOW,1.1,2022,1,1,0,0,1.0,1.0,3.0,7.0,1.0,4.0,0.583,1,1,0.5,0.866025,5,-0.974928,-0.222521,1,1.0,1.0,0.0,0.667,0.577,0.667,0.816,0.381,1.5875000000000001,30
Sakkardara Square,2022-02-01,LOW,0.0,2022,2,0,0,0,1.0,1.0,3.0,8.0,1.0,4.0,0.667,1,0,0.866025,0.5,1,0.781831,0.62349,0,1.0,1.0,1.0,1.0,0.0,0.5,0.548,0.5,1.5875000000000001,30
Sakkardara Square,2022-03-01,LOW,0.0,2022,3,0,0,0,0.0,0.0,2.0,7.0,1.0,4.0,0.583,1,0,1.0,0.0,1,0.781831,0.62349,0,1.0,1.0,1.0,1.0,0.0,0.667,0.516,0.571,1.5875000000000001,30
Sakkardara Square,2022-04-01,LOW,0.0,2022,4,0,0,0,0.0,0.0,1.0,7.0,1.0,4.0,0.583,2,0,0.866025,-0.5,4,-0.433884,-0.900969,0,0.0,1.0,1.0,0.667,0.577,0.667,0.516,0.381,1.5875000000000001,30
Sakkardara Square,2022-05-01,LOW,2.76,2022,5,1,0,1,0.0,0.0,0.0,6.0,0.0,3.0,0.5,2,0,0.5,-0.866025,6,-0.781831,0.62349,1,0.0,0.0,1.0,0.333,0.577,0.667,0.516,0.222,1.5875000000000001,30
Sakkardara Square,2022-06-01,LOW,0.0,2022,6,0,0,0,1.0,1.0,1.0,7.0,0.0,4.0,0.583,2,0,0.0,-1.0,2,0.974928,-0.222521,0,0.0,0.0,0.0,0.0,0.0,0.5,0.548,0.0,1.5875000000000001,30
Sakkardara Square,2022-07-01,LOW,2.76,2022,7,1,0,1,0.0,0.0,1.0,5.0,0.0,3.0,0.417,3,0,-0.5,-0.866025,4,-0.433884,-0.900969,0,1.0,0.0,0.0,0.333,0.577,0.5,0.548,0.266,1.5875000000000001,30
Sakkardara Square,2022-08-01,LOW,0.0,2022,8,0,0,0,1.0,1.0,2.0,6.0,0.0,4.0,0.5,3,0,-0.866025,-0.5,0,0.0,1.0,0,0.0,1.0,0.0,0.333,0.577,0.333,0.516,0.222,1.5875000000000001,30
Sakkardara Square,2022-09-01,LOW,0.0,2022,9,0,0,0,0.0,0.0,1.0,6.0,0.0,4.0,0.5,3,0,-1.0,-0.0,3,0.433884,-0.900969,0,1.0,0.0,1.0,0.667,0.577,0.333,0.516,0.445,1.5875000000000001,30
Sakkardara Square,2022-10-01,LOW,4.42,2022,10,1,0,1,0.0,0.0,1.0,6.0,0.0,4.0,0.5,4,0,-0.866025,0.5,5,-0.974928,-0.222521,1,0.0,1.0,0.0,0.333,0.577,0.333,0.516,0.222,1.5875000000000001,30
Sakkardara Square,2022-11-01,LOW,2.76,2022,11,1,0,1,1.0,1.0,1.0,6.0,0.0,5.0,0.5,4,0,-0.5,0.866025,1,0.781831,0.62349,0,0.0,0.0,1.0,0.333,0.577,0.333,0.516,0.222,1.5875000000000001,30
Sakkardara Square,2022-12-01,LOW,0.0,2022,12,0,0,0,1.0,1.0,2.0,6.0,0.0,5.0,0.5,4,0,-0.0,1.0,3,0.433884,-0.900969,0,1.0,0.0,0.0,0.333,0.577,0.5,0.548,0.222,1.5875000000000001,30
Sakkardara Square,2023-01-01,LOW,3.87,2023,1,2,0,1,0.0,0.0,2.0,5.0,0.0,4.0,0.417,1,1,0.5,0.866025,6,-0.781831,0.62349,1,1.0,1.0,0.0,0.667,0.577,0.5,0.548,0.534,1.5875000000000001,30
Sakkardara Square,2023-02-01,LOW,0.0,2023,2,0,0,0,2.0,2.0,3.0,6.0,0.0,5.0,0.5,1,0,0.866025,0.5,2,0.974928,-0.222521,0,0.0,1.0,1.0,0.667,0.577,0.5,0.548,0.445,1.5875000000000001,30
Sakkardara Square,2023-03-01,LOW,0.0,2023,3,0,0,0,0.0,0.0,2.0,6.0,0.0,5.0,0.5,1,0,1.0,0.0,2,0.974928,-0.222521,0,2.0,0.0,1.0,1.0,1.0,0.667,0.816,0.667,1.5875000000000001,30
Sakkardara Square,2023-04-01,LOW,0.0,2023,4,0,0,0,0.0,0.0,2.0,6.0,0.0,5.0,0.5,2,0,0.866025,-0.5,5,-0.974928,-0.222521,1,0.0,2.0,0.0,0.667,1.155,0.667,0.816,0.445,1.5875000000000001,30
Sakkardara Square,2023-05-01,LOW,9.39,2023,5,1,0,1,0.0,0.0,0.0,6.0,0.0,5.0,0.5,2,0,0.5,-0.866025,0,0.0,1.0,0,0.0,0.0,2.0,0.667,1.155,0.667,0.816,0.445,1.5875000000000001,30
Sakkardara Square,2023-06-01,LOW,0.0,2023,6,0,0,0,1.0,1.0,1.0,6.0,0.0,5.0,0.5,2,0,0.0,-1.0,3,0.433884,-0.900969,0,0.0,0.0,0.0,0.0,0.0,0.5,0.837,0.0,1.5875000000000001,30
Sakkardara Square,2023-07-01,LOW,5.52,2023,7,2,0,2,0.0,0.0,1.0,6.0,0.0,5.0,0.5,3,0,-0.5,-0.866025,5,-0.974928,-0.222521,1,1.0,0.0,0.0,0.333,0.577,0.5,0.837,0.222,1.5875000000000001,30
Sakkardara Square,2023-08-01,LOW,7.18,2023,8,2,0,1,2.0,2.0,3.0,7.0,0.0,6.0,0.583,3,0,-0.866025,-0.5,1,0.781831,0.62349,0,0.0,1.0,0.0,0.333,0.577,0.5,0.837,0.19,1.5875000000000001,30
Sakkardara Square,2023-09-01,LOW,0.0,2023,9,0,0,0,2.0,2.0,4.0,9.0,0.0,7.0,0.75,3,0,-1.0,-0.0,4,-0.433884,-0.900969,0,2.0,0.0,1.0,1.0,1.0,0.5,0.837,0.444,1.5875000000000001,30
Sakkardara Square,2023-10-01,LOW,0.0,2023,10,0,0,0,0.0,0.0,4.0,9.0,0.0,7.0,0.75,4,0,-0.866025,0.5,6,-0.781831,0.62349,1,2.0,2.0,0.0,1.333,1.155,0.833,0.983,0.592,1.5875000000000001,30
Sakkardara Square,2023-11-01,LOW,0.0,2023,11,0,0,0,0.0,0.0,2.0,8.0,0.0,6.0,0.667,4,0,-0.5,0.866025,2,0.974928,-0.222521,0,0.0,2.0,2.0,1.333,1.155,0.833,0.983,0.666,1.5875000000000001,30
Sakkardara Square,2023-12-01,LOW,2.76,2023,12,1,0,1,0.0,0.0,0.0,7.0,0.0,5.0,0.583,4,0,-0.0,1.0,4,-0.433884,-0.900969,0,0.0,0.0,2.0,0.667,1.155,0.833,0.983,0.381,1.5875000000000001,30
Sanvidhan Square,2020-01-01,LOW,0.0,2020,1,0,0,0,0.0,0.0,0.0,0.0,0.0,0.0,0.0,1,1,0.5,0.866025,2,0.974928,-0.222521,0,0.0,0.0,0.0,0.0,0.0,0.0,0.0,0.0,0.0,31
Sanvidhan Square,2020-02-01,LOW,0.0,2020,2,0,0,0,0.0,0.0,0.0,0.0,0.0,0.0,0.0,1,0,0.866025,0.5,5,-0.974928,-0.222521,1,0.0,0.0,0.0,0.0,0.0,0.0,0.0,0.0,0.0,31
Sanvidhan Square,2020-03-01,LOW,0.0,2020,3,0,0,0,0.0,0.0,0.0,0.0,0.0,0.0,0.0,1,0,1.0,0.0,6,-0.781831,0.62349,1,0.0,0.0,0.0,0.0,0.0,0.0,0.0,0.0,0.0,31
Sanvidhan Square,2020-04-01,LOW,0.0,2020,4,0,0,0,0.0,0.0,0.0,0.0,0.0,0.0,0.0,2,0,0.866025,-0.5,2,0.974928,-0.222521,0,0.0,0.0,0.0,0.0,0.0,0.0,0.0,0.0,0.0,31
Sanvidhan Square,2020-05-01,LOW,0.0,2020,5,0,0,0,0.0,0.0,0.0,0.0,0.0,0.0,0.0,2,0,0.5,-0.866025,4,-0.433884,-0.900969,0,0.0,0.0,0.0,0.0,0.0,0.0,0.0,0.0,0.0,31
Sanvidhan Square,2020-06-01,LOW,0.0,2020,6,0,0,0,0.0,0.0,0.0,0.0,0.0,0.0,0.0,2,0,0.0,-1.0,0,0.0,1.0,0,0.0,0.0,0.0,0.0,0.0,0.0,0.0,0.0,0.0,31
Sanvidhan Square,2020-07-01,LOW,0.0,2020,7,0,0,0,0.0,0.0,0.0,0.0,0.0,0.0,0.0,3,0,-0.5,-0.866025,2,0.974928,-0.222521,0,0.0,0.0,0.0,0.0,0.0,0.0,0.0,0.0,0.0,31
Sanvidhan Square,2020-08-01,LOW,0.0,2020,8,0,0,0,0.0,0.0,0.0,0.0,0.0,0.0,0.0,3,0,-0.866025,-0.5,5,-0.974928,-0.222521,1,0.0,0.0,0.0,0.0,0.0,0.0,0.0,0.0,0.0,31
Sanvidhan Square,2020-09-01,LOW,0.0,2020,9,0,0,0,0.0,0.0,0.0,0.0,0.0,0.0,0.0,3,0,-1.0,-0.0,1,0.781831,0.62349,0,0.0,0.0,0.0,0.0,0.0,0.0,0.0,0.0,0.0,31
Sanvidhan Square,2020-10-01,LOW,0.0,2020,10,0,0,0,0.0,0.0,0.0,0.0,0.0,0.0,0.0,4,0,-0.866025,0.5,3,0.433884,-0.900969,0,0.0,0.0,0.0,0.0,0.0,0.0,0.0,0.0,0.0,31
Sanvidhan Square,2020-11-01,LOW,0.0,2020,11,0,0,0,0.0,0.0,0.0,0.0,0.0,0.0,0.0,4,0,-0.5,0.866025,6,-0.781831,0.62349,1,0.0,0.0,0.0,0.0,0.0,0.0,0.0,0.0,0.0,31
Sanvidhan Square,2020-12-01,LOW,0.0,2020,12,0,0,0,0.0,0.0,0.0,0.0,0.0,0.0,0.0,4,0,-0.0,1.0,1,0.781831,0.62349,0,0.0,0.0,0.0,0.0,0.0,0.0,0.0,0.0,0.0,31
Sanvidhan Square,2021-01-01,LOW,0.0,2021,1,0,0,0,0.0,0.0,0.0,0.0,0.0,0.0,0.0,1,1,0.5,0.866025,4,-0.433884,-0.900969,0,0.0,0.0,0.0,0.0,0.0,0.0,0.0,0.0,0.0,31
Sanvidhan Square,2021-02-01,LOW,0.0,2021,2,0,0,0,0.0,0.0,0.0,0.0,0.0,0.0,0.0,1,0,0.866025,0.5,0,0.0,1.0,0,0.0,0.0,0.0,0.0,0.0,0.0,0.0,0.0,0.0,31
Sanvidhan Square,2021-03-01,LOW,0.0,2021,3,0,0,0,0.0,0.0,0.0,0.0,0.0,0.0,0.0,1,0,1.0,0.0,0,0.0,1.0,0,0.0,0.0,0.0,0.0,0.0,0.0,0.0,0.0,0.0,31
Sanvidhan Square,2021-04-01,LOW,0.0,2021,4,0,0,0,0.0,0.0,0.0,0.0,0.0,0.0,0.0,2,0,0.866025,-0.5,3,0.433884,-0.900969,0,0.0,0.0,0.0,0.0,0.0,0.0,0.0,0.0,0.0,31
Sanvidhan Square,2021-05-01,LOW,0.0,2021,5,0,0,0,0.0,0.0,0.0,0.0,0.0,0.0,0.0,2,0,0.5,-0.866025,5,-0.974928,-0.222521,1,0.0,0.0,0.0,0.0,0.0,0.0,0.0,0.0,0.0,31
Sanvidhan Square,2021-06-01,LOW,0.0,2021,6,0,0,0,0.0,0.0,0.0,0.0,0.0,0.0,0.0,2,0,0.0,-1.0,1,0.781831,0.62349,0,0.0,0.0,0.0,0.0,0.0,0.0,0.0,0.0,0.0,31
Sanvidhan Square,2021-07-01,LOW,0.0,2021,7,0,0,0,0.0,0.0,0.0,0.0,0.0,0.0,0.0,3,0,-0.5,-0.866025,3,0.433884,-0.900969,0,0.0,0.0,0.0,0.0,0.0,0.0,0.0,0.0,0.0,31
Sanvidhan Square,2021-08-01,LOW,0.0,2021,8,0,0,0,0.0,0.0,0.0,0.0,0.0,0.0,0.0,3,0,-0.866025,-0.5,6,-0.781831,0.62349,1,0.0,0.0,0.0,0.0,0.0,0.0,0.0,0.0,0.0,31
Sanvidhan Square,2021-09-01,LOW,0.0,2021,9,0,0,0,0.0,0.0,0.0,0.0,0.0,0.0,0.0,3,0,-1.0,-0.0,2,0.974928,-0.222521,0,0.0,0.0,0.0,0.0,0.0,0.0,0.0,0.0,0.0,31
Sanvidhan Square,2021-10-01,LOW,0.0,2021,10,0,0,0,0.0,0.0,0.0,0.0,0.0,0.0,0.0,4,0,-0.866025,0.5,4,-0.433884,-0.900969,0,0.0,0.0,0.0,0.0,0.0,0.0,0.0,0.0,0.0,31
Sanvidhan Square,2021-11-01,LOW,0.0,2021,11,0,0,0,0.0,0.0,0.0,0.0,0.0,0.0,0.0,4,0,-0.5,0.866025,0,0.0,1.0,0,0.0,0.0,0.0,0.0,0.0,0.0,0.0,0.0,0.0,31
Sanvidhan Square,2021-12-01,LOW,0.0,2021,12,0,0,0,0.0,0.0,0.0,0.0,0.0,0.0,0.0,4,0,-0.0,1.0,2,0.974928,-0.222521,0,0.0,0.0,0.0,0.0,0.0,0.0,0.0,0.0,0.0,31
Sanvidhan Square,2022-01-01,LOW,0.0,2022,1,0,0,0,0.0,0.0,0.0,0.0,0.0,0.0,0.0,1,1,0.5,0.866025,5,-0.974928,-0.222521,1,0.0,0.0,0.0,0.0,0.0,0.0,0.0,0.0,0.0,31
Sanvidhan Square,2022-02-01,LOW,0.0,2022,2,0,0,0,0.0,0.0,0.0,0.0,0.0,0.0,0.0,1,0,0.866025,0.5,1,0.781831,0.62349,0,0.0,0.0,0.0,0.0,0.0,0.0,0.0,0.0,0.0,31
Sanvidhan Square,2022-03-01,LOW,0.0,2022,3,0,0,0,0.0,0.0,0.0,0.0,0.0,0.0,0.0,1,0,1.0,0.0,1,0.781831,0.62349,0,0.0,0.0,0.0,0.0,0.0,0.0,0.0,0.0,0.0,31
Sanvidhan Square,2022-04-01,LOW,0.0,2022,4,0,0,0,0.0,0.0,0.0,0.0,0.0,0.0,0.0,2,0,0.866025,-0.5,4,-0.433884,-0.900969,0,0.0,0.0,0.0,0.0,0.0,0.0,0.0,0.0,0.0,31
Sanvidhan Square,2022-05-01,LOW,0.0,2022,5,0,0,0,0.0,0.0,0.0,0.0,0.0,0.0,0.0,2,0,0.5,-0.866025,6,-0.781831,0.62349,1,0.0,0.0,0.0,0.0,0.0,0.0,0.0,0.0,0.0,31
Sanvidhan Square,2022-06-01,LOW,0.0,2022,6,0,0,0,0.0,0.0,0.0,0.0,0.0,0.0,0.0,2,0,0.0,-1.0,2,0.974928,-0.222521,0,0.0,0.0,0.0,0.0,0.0,0.0,0.0,0.0,0.0,31
Sanvidhan Square,2022-07-01,LOW,0.0,2022,7,0,0,0,0.0,0.0,0.0,0.0,0.0,0.0,0.0,3,0,-0.5,-0.866025,4,-0.433884,-0.900969,0,0.0,0.0,0.0,0.0,0.0,0.0,0.0,0.0,0.0,31
Sanvidhan Square,2022-08-01,LOW,0.0,2022,8,0,0,0,0.0,0.0,0.0,0.0,0.0,0.0,0.0,3,0,-0.866025,-0.5,0,0.0,1.0,0,0.0,0.0,0.0,0.0,0.0,0.0,0.0,0.0,0.0,31
Sanvidhan Square,2022-09-01,LOW,0.0,2022,9,0,0,0,0.0,0.0,0.0,0.0,0.0,0.0,0.0,3,0,-1.0,-0.0,3,0.433884,-0.900969,0,0.0,0.0,0.0,0.0,0.0,0.0,0.0,0.0,0.0,31
Sanvidhan Square,2022-10-01,LOW,0.0,2022,10,0,0,0,0.0,0.0,0.0,0.0,0.0,0.0,0.0,4,0,-0.866025,0.5,5,-0.974928,-0.222521,1,0.0,0.0,0.0,0.0,0.0,0.0,0.0,0.0,0.0,31
Sanvidhan Square,2022-11-01,LOW,0.0,2022,11,0,0,0,0.0,0.0,0.0,0.0,0.0,0.0,0.0,4,0,-0.5,0.866025,1,0.781831,0.62349,0,0.0,0.0,0.0,0.0,0.0,0.0,0.0,0.0,0.0,31
Sanvidhan Square,2022-12-01,LOW,0.0,2022,12,0,0,0,0.0,0.0,0.0,0.0,0.0,0.0,0.0,4,0,-0.0,1.0,3,0.433884,-0.900969,0,0.0,0.0,0.0,0.0,0.0,0.0,0.0,0.0,0.0,31
Sanvidhan Square,2023-01-01,LOW,0.0,2023,1,0,0,0,0.0,0.0,0.0,0.0,0.0,0.0,0.0,1,1,0.5,0.866025,6,-0.781831,0.62349,1,0.0,0.0,0.0,0.0,0.0,0.0,0.0,0.0,0.0,31
Sanvidhan Square,2023-02-01,LOW,0.0,2023,2,0,0,0,0.0,0.0,0.0,0.0,0.0,0.0,0.0,1,0,0.866025,0.5,2,0.974928,-0.222521,0,0.0,0.0,0.0,0.0,0.0,0.0,0.0,0.0,0.0,31
Sanvidhan Square,2023-03-01,LOW,0.0,2023,3,0,0,0,0.0,0.0,0.0,0.0,0.0,0.0,0.0,1,0,1.0,0.0,2,0.974928,-0.222521,0,0.0,0.0,0.0,0.0,0.0,0.0,0.0,0.0,0.0,31
Sanvidhan Square,2023-04-01,LOW,0.0,2023,4,0,0,0,0.0,0.0,0.0,0.0,0.0,0.0,0.0,2,0,0.866025,-0.5,5,-0.974928,-0.222521,1,0.0,0.0,0.0,0.0,0.0,0.0,0.0,0.0,0.0,31
Sanvidhan Square,2023-05-01,LOW,0.0,2023,5,0,0,0,0.0,0.0,0.0,0.0,0.0,0.0,0.0,2,0,0.5,-0.866025,0,0.0,1.0,0,0.0,0.0,0.0,0.0,0.0,0.0,0.0,0.0,0.0,31
Sanvidhan Square,2023-06-01,LOW,0.0,2023,6,0,0,0,0.0,0.0,0.0,0.0,0.0,0.0,0.0,2,0,0.0,-1.0,3,0.433884,-0.900969,0,0.0,0.0,0.0,0.0,0.0,0.0,0.0,0.0,0.0,31
Sanvidhan Square,2023-07-01,LOW,0.0,2023,7,0,0,0,0.0,0.0,0.0,0.0,0.0,0.0,0.0,3,0,-0.5,-0.866025,5,-0.974928,-0.222521,1,0.0,0.0,0.0,0.0,0.0,0.0,0.0,0.0,0.0,31
Sanvidhan Square,2023-08-01,LOW,0.0,2023,8,0,0,0,0.0,0.0,0.0,0.0,0.0,0.0,0.0,3,0,-0.866025,-0.5,1,0.781831,0.62349,0,0.0,0.0,0.0,0.0,0.0,0.0,0.0,0.0,0.0,31
Sanvidhan Square,2023-09-01,LOW,0.0,2023,9,0,0,0,0.0,0.0,0.0,0.0,0.0,0.0,0.0,3,0,-1.0,-0.0,4,-0.433884,-0.900969,0,0.0,0.0,0.0,0.0,0.0,0.0,0.0,0.0,0.0,31
Sanvidhan Square,2023-10-01,LOW,0.0,2023,10,0,0,0,0.0,0.0,0.0,0.0,0.0,0.0,0.0,4,0,-0.866025,0.5,6,-0.781831,0.62349,1,0.0,0.0,0.0,0.0,0.0,0.0,0.0,0.0,0.0,31
Sanvidhan Square,2023-11-01,LOW,0.0,2023,11,0,0,0,0.0,0.0,0.0,0.0,0.0,0.0,0.0,4,0,-0.5,0.866025,2,0.974928,-0.222521,0,0.0,0.0,0.0,0.0,0.0,0.0,0.0,0.0,0.0,31
Sanvidhan Square,2023-12-01,LOW,0.0,2023,12,0,0,0,0.0,0.0,0.0,0.0,0.0,0.0,0.0,4,0,-0.0,1.0,4,-0.433884,-0.900969,0,0.0,0.0,0.0,0.0,0.0,0.0,0.0,0.0,0.0,31
Shankar Nagar Square,2020-01-01,LOW,0.0,2020,1,0,0,0,0.0,0.0,0.0,0.0,0.0,0.0,0.0,1,1,0.5,0.866025,2,0.974928,-0.222521,0,0.0,0.0,0.0,0.0,0.0,0.0,0.0,0.0,1.3114583333333332,32
Shankar Nagar Square,2020-02-01,LOW,0.0,2020,2,0,0,0,0.0,0.0,0.0,0.0,0.0,0.0,0.0,1,0,0.866025,0.5,5,-0.974928,-0.222521,1,0.0,0.0,0.0,0.0,0.0,0.0,0.0,0.0,1.3114583333333332,32
Shankar Nagar Square,2020-03-01,LOW,0.0,2020,3,0,0,0,0.0,0.0,0.0,0.0,0.0,0.0,0.0,1,0,1.0,0.0,6,-0.781831,0.62349,1,0.0,0.0,0.0,0.0,0.0,0.0,0.0,0.0,1.3114583333333332,32
Shankar Nagar Square,2020-04-01,LOW,0.0,2020,4,0,0,0,0.0,0.0,0.0,0.0,0.0,0.0,0.0,2,0,0.866025,-0.5,2,0.974928,-0.222521,0,0.0,0.0,0.0,0.0,0.0,0.0,0.0,0.0,1.3114583333333332,32
Shankar Nagar Square,2020-05-01,LOW,6.08,2020,5,1,1,1,0.0,0.0,0.0,0.0,0.0,0.0,0.0,2,0,0.5,-0.866025,4,-0.433884,-0.900969,0,0.0,0.0,0.0,0.0,0.0,0.0,0.0,0.0,1.3114583333333332,32
Shankar Nagar Square,2020-06-01,LOW,0.0,2020,6,0,0,0,1.0,1.0,1.0,1.0,1.0,1.0,0.083,2,0,0.0,-1.0,0,0.0,1.0,0,0.0,0.0,0.0,0.0,0.0,0.0,0.0,0.0,1.3114583333333332,32
Shankar Nagar Square,2020-07-01,LOW,0.0,2020,7,0,0,0,0.0,0.0,1.0,1.0,1.0,1.0,0.083,3,0,-0.5,-0.866025,2,0.974928,-0.222521,0,1.0,0.0,0.0,0.333,0.577,0.167,0.408,1.332,1.3114583333333332,32
Shankar Nagar Square,2020-08-01,LOW,0.0,2020,8,0,0,0,0.0,0.0,1.0,1.0,1.0,1.0,0.083,3,0,-0.866025,-0.5,5,-0.974928,-0.222521,1,0.0,1.0,0.0,0.333,0.577,0.167,0.408,1.332,1.3114583333333332,32
Shankar Nagar Square,2020-09-01,LOW,0.0,2020,9,0,0,0,0.0,0.0,0.0,1.0,1.0,1.0,0.083,3,0,-1.0,-0.0,1,0.781831,0.62349,0,0.0,0.0,1.0,0.333,0.577,0.167,0.408,1.332,1.3114583333333332,32
Shankar Nagar Square,2020-10-01,LOW,0.0,2020,10,0,0,0,0.0,0.0,0.0,1.0,1.0,1.0,0.083,4,0,-0.866025,0.5,3,0.433884,-0.900969,0,0.0,0.0,0.0,0.0,0.0,0.167,0.408,0.0,1.3114583333333332,32
Shankar Nagar Square,2020-11-01,LOW,0.0,2020,11,0,0,0,0.0,0.0,0.0,1.0,1.0,1.0,0.083,4,0,-0.5,0.866025,6,-0.781831,0.62349,1,0.0,0.0,0.0,0.0,0.0,0.167,0.408,0.0,1.3114583333333332,32
Shankar Nagar Square,2020-12-01,LOW,0.0,2020,12,0,0,0,0.0,0.0,0.0,1.0,1.0,1.0,0.083,4,0,-0.0,1.0,1,0.781831,0.62349,0,0.0,0.0,0.0,0.0,0.0,0.167,0.408,0.0,1.3114583333333332,32
Shankar Nagar Square,2021-01-01,LOW,0.0,2021,1,0,0,0,0.0,0.0,0.0,1.0,1.0,1.0,0.083,1,1,0.5,0.866025,4,-0.433884,-0.900969,0,0.0,0.0,0.0,0.0,0.0,0.0,0.0,0.0,1.3114583333333332,32
Shankar Nagar Square,2021-02-01,LOW,0.0,2021,2,0,0,0,0.0,0.0,0.0,1.0,1.0,1.0,0.083,1,0,0.866025,0.5,0,0.0,1.0,0,0.0,0.0,0.0,0.0,0.0,0.0,0.0,0.0,1.3114583333333332,32
Shankar Nagar Square,2021-03-01,LOW,0.0,2021,3,0,0,0,0.0,0.0,0.0,1.0,1.0,1.0,0.083,1,0,1.0,0.0,0,0.0,1.0,0,0.0,0.0,0.0,0.0,0.0,0.0,0.0,0.0,1.3114583333333332,32
Shankar Nagar Square,2021-04-01,LOW,2.76,2021,4,1,0,1,0.0,0.0,0.0,1.0,1.0,1.0,0.083,2,0,0.866025,-0.5,3,0.433884,-0.900969,0,0.0,0.0,0.0,0.0,0.0,0.0,0.0,0.0,1.3114583333333332,32
Shankar Nagar Square,2021-05-01,LOW,4.42,2021,5,1,0,1,1.0,1.0,1.0,2.0,1.0,2.0,0.167,2,0,0.5,-0.866025,5,-0.974928,-0.222521,1,0.0,0.0,0.0,0.0,0.0,0.0,0.0,0.0,1.3114583333333332,32
Shankar Nagar Square,2021-06-01,LOW,0.0,2021,6,0,0,0,1.0,1.0,2.0,2.0,0.0,2.0,0.167,2,0,0.0,-1.0,1,0.781831,0.62349,0,1.0,0.0,0.0,0.333,0.577,0.167,0.408,0.666,1.3114583333333332,32
Shankar Nagar Square,2021-07-01,LOW,0.0,2021,7,0,0,0,0.0,0.0,2.0,2.0,0.0,2.0,0.167,3,0,-0.5,-0.866025,3,0.433884,-0.900969,0,1.0,1.0,0.0,0.667,0.577,0.333,0.516,1.334,1.3114583333333332,32
Shankar Nagar Square,2021-08-01,LOW,1.1,2021,8,1,0,0,0.0,0.0,1.0,2.0,0.0,2.0,0.167,3,0,-0.866025,-0.5,6,-0.781831,0.62349,1,0.0,1.0,1.0,0.667,0.577,0.333,0.516,1.334,1.3114583333333332,32
Shankar Nagar Square,2021-09-01,LOW,0.0,2021,9,0,0,0,1.0,1.0,1.0,3.0,0.0,2.0,0.25,3,0,-1.0,-0.0,2,0.974928,-0.222521,0,0.0,0.0,1.0,0.333,0.577,0.333,0.516,0.444,1.3114583333333332,32
Shankar Nagar Square,2021-10-01,LOW,0.0,2021,10,0,0,0,0.0,0.0,1.0,3.0,0.0,2.0,0.25,4,0,-0.866025,0.5,4,-0.433884,-0.900969,0,1.0,0.0,0.0,0.333,0.577,0.5,0.548,0.444,1.3114583333333332,32
Shankar Nagar Square,2021-11-01,LOW,4.42,2021,11,1,0,1,0.0,0.0,1.0,3.0,0.0,2.0,0.25,4,0,-0.5,0.866025,0,0.0,1.0,0,0.0,1.0,0.0,0.333,0.577,0.5,0.548,0.444,1.3114583333333332,32
Shankar Nagar Square,2021-12-01,LOW,0.0,2021,12,0,0,0,1.0,1.0,1.0,4.0,0.0,3.0,0.333,4,0,-0.0,1.0,2,0.974928,-0.222521,0,0.0,0.0,1.0,0.333,0.577,0.333,0.516,0.333,1.3114583333333332,32
Shankar Nagar Square,2022-01-01,LOW,2.76,2022,1,1,0,1,0.0,0.0,1.0,4.0,0.0,3.0,0.333,1,1,0.5,0.866025,5,-0.974928,-0.222521,1,1.0,0.0,0.0,0.333,0.577,0.333,0.516,0.333,1.3114583333333332,32
Shankar Nagar Square,2022-02-01,LOW,0.0,2022,2,0,0,0,1.0,1.0,2.0,5.0,0.0,4.0,0.417,1,0,0.866025,0.5,1,0.781831,0.62349,0,0.0,1.0,0.0,0.333,0.577,0.333,0.516,0.266,1.3114583333333332,32
Shankar Nagar Square,2022-03-01,LOW,0.0,2022,3,0,0,0,0.0,0.0,1.0,5.0,0.0,4.0,0.417,1,0,1.0,0.0,1,0.781831,0.62349,0,1.0,0.0,1.0,0.667,0.577,0.5,0.548,0.534,1.3114583333333332,32
Shankar Nagar Square,2022-04-01,LOW,0.0,2022,4,0,0,0,0.0,0.0,1.0,5.0,0.0,4.0,0.417,2,0,0.866025,-0.5,4,-0.433884,-0.900969,0,0.0,1.0,0.0,0.333,0.577,0.333,0.516,0.266,1.3114583333333332,32
Shankar Nagar Square,2022-05-01,LOW,1.1,2022,5,1,0,0,0.0,0.0,0.0,4.0,0.0,3.0,0.333,2,0,0.5,-0.866025,6,-0.781831,0.62349,1,0.0,0.0,1.0,0.333,0.577,0.333,0.516,0.333,1.3114583333333332,32
Shankar Nagar Square,2022-06-01,LOW,2.76,2022,6,1,0,1,1.0,1.0,1.0,4.0,0.0,2.0,0.333,2,0,0.0,-1.0,2,0.974928,-0.222521,0,0.0,0.0,0.0,0.0,0.0,0.333,0.516,0.0,1.3114583333333332,32
Shankar Nagar Square,2022-07-01,LOW,0.0,2022,7,0,0,0,1.0,1.0,2.0,5.0,0.0,3.0,0.417,3,0,-0.5,-0.866025,4,-0.433884,-0.900969,0,1.0,0.0,0.0,0.333,0.577,0.333,0.516,0.266,1.3114583333333332,32
Shankar Nagar Square,2022-08-01,LOW,0.0,2022,8,0,0,0,0.0,0.0,2.0,5.0,0.0,3.0,0.417,3,0,-0.866025,-0.5,0,0.0,1.0,0,1.0,1.0,0.0,0.667,0.577,0.5,0.548,0.534,1.3114583333333332,32
Shankar Nagar Square,2022-09-01,LOW,4.42,2022,9,1,0,1,0.0,0.0,1.0,4.0,0.0,3.0,0.333,3,0,-1.0,-0.0,3,0.433884,-0.900969,0,0.0,1.0,1.0,0.667,0.577,0.333,0.516,0.667,1.3114583333333332,32
Shankar Nagar Square,2022-10-01,LOW,0.0,2022,10,0,0,0,1.0,1.0,1.0,5.0,0.0,4.0,0.417,4,0,-0.866025,0.5,5,-0.974928,-0.222521,1,0.0,0.0,1.0,0.333,0.577,0.333,0.516,0.266,1.3114583333333332,32
Shankar Nagar Square,2022-11-01,LOW,0.0,2022,11,0,0,0,0.0,0.0,1.0,5.0,0.0,4.0,0.417,4,0,-0.5,0.866025,1,0.781831,0.62349,0,1.0,0.0,0.0,0.333,0.577,0.5,0.548,0.266,1.3114583333333332,32
Shankar Nagar Square,2022-12-01,LOW,2.76,2022,12,1,0,1,0.0,0.0,1.0,4.0,0.0,3.0,0.333,4,0,-0.0,1.0,3,0.433884,-0.900969,0,0.0,1.0,0.0,0.333,0.577,0.5,0.548,0.333,1.3114583333333332,32
Shankar Nagar Square,2023-01-01,LOW,0.0,2023,1,0,0,0,1.0,1.0,1.0,5.0,0.0,4.0,0.417,1,1,0.5,0.866025,6,-0.781831,0.62349,1,0.0,0.0,1.0,0.333,0.577,0.333,0.516,0.266,1.3114583333333332,32
Shankar Nagar Square,2023-02-01,LOW,1.1,2023,2,1,0,0,0.0,0.0,1.0,4.0,0.0,3.0,0.333,1,0,0.866025,0.5,2,0.974928,-0.222521,0,1.0,0.0,0.0,0.333,0.577,0.333,0.516,0.333,1.3114583333333332,32
Shankar Nagar Square,2023-03-01,LOW,5.52,2023,3,2,0,1,1.0,1.0,2.0,5.0,0.0,3.0,0.417,1,0,1.0,0.0,2,0.974928,-0.222521,0,0.0,1.0,0.0,0.333,0.577,0.333,0.516,0.266,1.3114583333333332,32
Shankar Nagar Square,2023-04-01,LOW,2.76,2023,4,1,0,1,2.0,2.0,3.0,7.0,0.0,4.0,0.583,2,0,0.866025,-0.5,5,-0.974928,-0.222521,1,1.0,0.0,1.0,0.667,0.577,0.5,0.548,0.381,1.3114583333333332,32
Shankar Nagar Square,2023-05-01,LOW,2.76,2023,5,1,0,1,1.0,1.0,4.0,8.0,0.0,5.0,0.667,2,0,0.5,-0.866025,0,0.0,1.0,0,2.0,1.0,0.0,1.0,1.0,0.667,0.816,0.5,1.3114583333333332,32
Shankar Nagar Square,2023-06-01,LOW,0.0,2023,6,0,0,0,1.0,1.0,4.0,8.0,0.0,6.0,0.667,2,0,0.0,-1.0,3,0.433884,-0.900969,0,1.0,2.0,1.0,1.333,0.577,0.833,0.753,0.666,1.3114583333333332,32
Shankar Nagar Square,2023-07-01,LOW,11.05,2023,7,1,1,1,0.0,0.0,2.0,7.0,0.0,5.0,0.583,3,0,-0.5,-0.866025,5,-0.974928,-0.222521,1,1.0,1.0,2.0,1.333,0.577,1.0,0.632,0.762,1.3114583333333332,32
Shankar Nagar Square,2023-08-01,LOW,0.0,2023,8,0,0,0,1.0,1.0,2.0,8.0,1.0,6.0,0.667,3,0,-0.866025,-0.5,1,0.781831,0.62349,0,0.0,1.0,1.0,0.667,0.577,0.833,0.753,0.334,1.3114583333333332,32
Shankar Nagar Square,2023-09-01,LOW,0.0,2023,9,0,0,0,0.0,0.0,1.0,8.0,1.0,6.0,0.667,3,0,-1.0,-0.0,4,-0.433884,-0.900969,0,1.0,0.0,1.0,0.667,0.577,1.0,0.632,0.334,1.3114583333333332,32
Shankar Nagar Square,2023-10-01,LOW,2.76,2023,10,1,0,1,0.0,0.0,1.0,7.0,1.0,5.0,0.583,4,0,-0.866025,0.5,6,-0.781831,0.62349,1,0.0,1.0,0.0,0.333,0.577,0.833,0.753,0.19,1.3114583333333332,32
Shankar Nagar Square,2023-11-01,LOW,0.0,2023,11,0,0,0,1.0,1.0,1.0,8.0,1.0,6.0,0.667,4,0,-0.5,0.866025,2,0.974928,-0.222521,0,0.0,0.0,1.0,0.333,0.577,0.5,0.548,0.166,1.3114583333333332,32
Shankar Nagar Square,2023-12-01,LOW,4.42,2023,12,1,0,1,0.0,0.0,1.0,8.0,1.0,6.0,0.667,4,0,-0.0,1.0,4,-0.433884,-0.900969,0,1.0,0.0,0.0,0.333,0.577,0.5,0.548,0.166,1.3114583333333332,32
Sitabuldi Interchange,2020-01-01,LOW,0.0,2020,1,0,0,0,0.0,0.0,0.0,0.0,0.0,0.0,0.0,1,1,0.5,0.866025,2,0.974928,-0.222521,0,0.0,0.0,0.0,0.0,0.0,0.0,0.0,0.0,0.0,33
Sitabuldi Interchange,2020-02-01,LOW,0.0,2020,2,0,0,0,0.0,0.0,0.0,0.0,0.0,0.0,0.0,1,0,0.866025,0.5,5,-0.974928,-0.222521,1,0.0,0.0,0.0,0.0,0.0,0.0,0.0,0.0,0.0,33
Sitabuldi Interchange,2020-03-01,LOW,0.0,2020,3,0,0,0,0.0,0.0,0.0,0.0,0.0,0.0,0.0,1,0,1.0,0.0,6,-0.781831,0.62349,1,0.0,0.0,0.0,0.0,0.0,0.0,0.0,0.0,0.0,33
Sitabuldi Interchange,2020-04-01,LOW,0.0,2020,4,0,0,0,0.0,0.0,0.0,0.0,0.0,0.0,0.0,2,0,0.866025,-0.5,2,0.974928,-0.222521,0,0.0,0.0,0.0,0.0,0.0,0.0,0.0,0.0,0.0,33
Sitabuldi Interchange,2020-05-01,LOW,0.0,2020,5,0,0,0,0.0,0.0,0.0,0.0,0.0,0.0,0.0,2,0,0.5,-0.866025,4,-0.433884,-0.900969,0,0.0,0.0,0.0,0.0,0.0,0.0,0.0,0.0,0.0,33
Sitabuldi Interchange,2020-06-01,LOW,0.0,2020,6,0,0,0,0.0,0.0,0.0,0.0,0.0,0.0,0.0,2,0,0.0,-1.0,0,0.0,1.0,0,0.0,0.0,0.0,0.0,0.0,0.0,0.0,0.0,0.0,33
Sitabuldi Interchange,2020-07-01,LOW,0.0,2020,7,0,0,0,0.0,0.0,0.0,0.0,0.0,0.0,0.0,3,0,-0.5,-0.866025,2,0.974928,-0.222521,0,0.0,0.0,0.0,0.0,0.0,0.0,0.0,0.0,0.0,33
Sitabuldi Interchange,2020-08-01,LOW,0.0,2020,8,0,0,0,0.0,0.0,0.0,0.0,0.0,0.0,0.0,3,0,-0.866025,-0.5,5,-0.974928,-0.222521,1,0.0,0.0,0.0,0.0,0.0,0.0,0.0,0.0,0.0,33
Sitabuldi Interchange,2020-09-01,LOW,0.0,2020,9,0,0,0,0.0,0.0,0.0,0.0,0.0,0.0,0.0,3,0,-1.0,-0.0,1,0.781831,0.62349,0,0.0,0.0,0.0,0.0,0.0,0.0,0.0,0.0,0.0,33
Sitabuldi Interchange,2020-10-01,LOW,0.0,2020,10,0,0,0,0.0,0.0,0.0,0.0,0.0,0.0,0.0,4,0,-0.866025,0.5,3,0.433884,-0.900969,0,0.0,0.0,0.0,0.0,0.0,0.0,0.0,0.0,0.0,33
Sitabuldi Interchange,2020-11-01,LOW,0.0,2020,11,0,0,0,0.0,0.0,0.0,0.0,0.0,0.0,0.0,4,0,-0.5,0.866025,6,-0.781831,0.62349,1,0.0,0.0,0.0,0.0,0.0,0.0,0.0,0.0,0.0,33
Sitabuldi Interchange,2020-12-01,LOW,0.0,2020,12,0,0,0,0.0,0.0,0.0,0.0,0.0,0.0,0.0,4,0,-0.0,1.0,1,0.781831,0.62349,0,0.0,0.0,0.0,0.0,0.0,0.0,0.0,0.0,0.0,33
Sitabuldi Interchange,2021-01-01,LOW,0.0,2021,1,0,0,0,0.0,0.0,0.0,0.0,0.0,0.0,0.0,1,1,0.5,0.866025,4,-0.433884,-0.900969,0,0.0,0.0,0.0,0.0,0.0,0.0,0.0,0.0,0.0,33
Sitabuldi Interchange,2021-02-01,LOW,0.0,2021,2,0,0,0,0.0,0.0,0.0,0.0,0.0,0.0,0.0,1,0,0.866025,0.5,0,0.0,1.0,0,0.0,0.0,0.0,0.0,0.0,0.0,0.0,0.0,0.0,33
Sitabuldi Interchange,2021-03-01,LOW,0.0,2021,3,0,0,0,0.0,0.0,0.0,0.0,0.0,0.0,0.0,1,0,1.0,0.0,0,0.0,1.0,0,0.0,0.0,0.0,0.0,0.0,0.0,0.0,0.0,0.0,33
Sitabuldi Interchange,2021-04-01,LOW,0.0,2021,4,0,0,0,0.0,0.0,0.0,0.0,0.0,0.0,0.0,2,0,0.866025,-0.5,3,0.433884,-0.900969,0,0.0,0.0,0.0,0.0,0.0,0.0,0.0,0.0,0.0,33
Sitabuldi Interchange,2021-05-01,LOW,0.0,2021,5,0,0,0,0.0,0.0,0.0,0.0,0.0,0.0,0.0,2,0,0.5,-0.866025,5,-0.974928,-0.222521,1,0.0,0.0,0.0,0.0,0.0,0.0,0.0,0.0,0.0,33
Sitabuldi Interchange,2021-06-01,LOW,0.0,2021,6,0,0,0,0.0,0.0,0.0,0.0,0.0,0.0,0.0,2,0,0.0,-1.0,1,0.781831,0.62349,0,0.0,0.0,0.0,0.0,0.0,0.0,0.0,0.0,0.0,33
Sitabuldi Interchange,2021-07-01,LOW,0.0,2021,7,0,0,0,0.0,0.0,0.0,0.0,0.0,0.0,0.0,3,0,-0.5,-0.866025,3,0.433884,-0.900969,0,0.0,0.0,0.0,0.0,0.0,0.0,0.0,0.0,0.0,33
Sitabuldi Interchange,2021-08-01,LOW,0.0,2021,8,0,0,0,0.0,0.0,0.0,0.0,0.0,0.0,0.0,3,0,-0.866025,-0.5,6,-0.781831,0.62349,1,0.0,0.0,0.0,0.0,0.0,0.0,0.0,0.0,0.0,33
Sitabuldi Interchange,2021-09-01,LOW,0.0,2021,9,0,0,0,0.0,0.0,0.0,0.0,0.0,0.0,0.0,3,0,-1.0,-0.0,2,0.974928,-0.222521,0,0.0,0.0,0.0,0.0,0.0,0.0,0.0,0.0,0.0,33
Sitabuldi Interchange,2021-10-01,LOW,0.0,2021,10,0,0,0,0.0,0.0,0.0,0.0,0.0,0.0,0.0,4,0,-0.866025,0.5,4,-0.433884,-0.900969,0,0.0,0.0,0.0,0.0,0.0,0.0,0.0,0.0,0.0,33
Sitabuldi Interchange,2021-11-01,LOW,0.0,2021,11,0,0,0,0.0,0.0,0.0,0.0,0.0,0.0,0.0,4,0,-0.5,0.866025,0,0.0,1.0,0,0.0,0.0,0.0,0.0,0.0,0.0,0.0,0.0,0.0,33
Sitabuldi Interchange,2021-12-01,LOW,0.0,2021,12,0,0,0,0.0,0.0,0.0,0.0,0.0,0.0,0.0,4,0,-0.0,1.0,2,0.974928,-0.222521,0,0.0,0.0,0.0,0.0,0.0,0.0,0.0,0.0,0.0,33
Sitabuldi Interchange,2022-01-01,LOW,0.0,2022,1,0,0,0,0.0,0.0,0.0,0.0,0.0,0.0,0.0,1,1,0.5,0.866025,5,-0.974928,-0.222521,1,0.0,0.0,0.0,0.0,0.0,0.0,0.0,0.0,0.0,33
Sitabuldi Interchange,2022-02-01,LOW,0.0,2022,2,0,0,0,0.0,0.0,0.0,0.0,0.0,0.0,0.0,1,0,0.866025,0.5,1,0.781831,0.62349,0,0.0,0.0,0.0,0.0,0.0,0.0,0.0,0.0,0.0,33
Sitabuldi Interchange,2022-03-01,LOW,0.0,2022,3,0,0,0,0.0,0.0,0.0,0.0,0.0,0.0,0.0,1,0,1.0,0.0,1,0.781831,0.62349,0,0.0,0.0,0.0,0.0,0.0,0.0,0.0,0.0,0.0,33
Sitabuldi Interchange,2022-04-01,LOW,0.0,2022,4,0,0,0,0.0,0.0,0.0,0.0,0.0,0.0,0.0,2,0,0.866025,-0.5,4,-0.433884,-0.900969,0,0.0,0.0,0.0,0.0,0.0,0.0,0.0,0.0,0.0,33
Sitabuldi Interchange,2022-05-01,LOW,0.0,2022,5,0,0,0,0.0,0.0,0.0,0.0,0.0,0.0,0.0,2,0,0.5,-0.866025,6,-0.781831,0.62349,1,0.0,0.0,0.0,0.0,0.0,0.0,0.0,0.0,0.0,33
Sitabuldi Interchange,2022-06-01,LOW,0.0,2022,6,0,0,0,0.0,0.0,0.0,0.0,0.0,0.0,0.0,2,0,0.0,-1.0,2,0.974928,-0.222521,0,0.0,0.0,0.0,0.0,0.0,0.0,0.0,0.0,0.0,33
Sitabuldi Interchange,2022-07-01,LOW,0.0,2022,7,0,0,0,0.0,0.0,0.0,0.0,0.0,0.0,0.0,3,0,-0.5,-0.866025,4,-0.433884,-0.900969,0,0.0,0.0,0.0,0.0,0.0,0.0,0.0,0.0,0.0,33
Sitabuldi Interchange,2022-08-01,LOW,0.0,2022,8,0,0,0,0.0,0.0,0.0,0.0,0.0,0.0,0.0,3,0,-0.866025,-0.5,0,0.0,1.0,0,0.0,0.0,0.0,0.0,0.0,0.0,0.0,0.0,0.0,33
Sitabuldi Interchange,2022-09-01,LOW,0.0,2022,9,0,0,0,0.0,0.0,0.0,0.0,0.0,0.0,0.0,3,0,-1.0,-0.0,3,0.433884,-0.900969,0,0.0,0.0,0.0,0.0,0.0,0.0,0.0,0.0,0.0,33
Sitabuldi Interchange,2022-10-01,LOW,0.0,2022,10,0,0,0,0.0,0.0,0.0,0.0,0.0,0.0,0.0,4,0,-0.866025,0.5,5,-0.974928,-0.222521,1,0.0,0.0,0.0,0.0,0.0,0.0,0.0,0.0,0.0,33
Sitabuldi Interchange,2022-11-01,LOW,0.0,2022,11,0,0,0,0.0,0.0,0.0,0.0,0.0,0.0,0.0,4,0,-0.5,0.866025,1,0.781831,0.62349,0,0.0,0.0,0.0,0.0,0.0,0.0,0.0,0.0,0.0,33
Sitabuldi Interchange,2022-12-01,LOW,0.0,2022,12,0,0,0,0.0,0.0,0.0,0.0,0.0,0.0,0.0,4,0,-0.0,1.0,3,0.433884,-0.900969,0,0.0,0.0,0.0,0.0,0.0,0.0,0.0,0.0,0.0,33
Sitabuldi Interchange,2023-01-01,LOW,0.0,2023,1,0,0,0,0.0,0.0,0.0,0.0,0.0,0.0,0.0,1,1,0.5,0.866025,6,-0.781831,0.62349,1,0.0,0.0,0.0,0.0,0.0,0.0,0.0,0.0,0.0,33
Sitabuldi Interchange,2023-02-01,LOW,0.0,2023,2,0,0,0,0.0,0.0,0.0,0.0,0.0,0.0,0.0,1,0,0.866025,0.5,2,0.974928,-0.222521,0,0.0,0.0,0.0,0.0,0.0,0.0,0.0,0.0,0.0,33
Sitabuldi Interchange,2023-03-01,LOW,0.0,2023,3,0,0,0,0.0,0.0,0.0,0.0,0.0,0.0,0.0,1,0,1.0,0.0,2,0.974928,-0.222521,0,0.0,0.0,0.0,0.0,0.0,0.0,0.0,0.0,0.0,33
Sitabuldi Interchange,2023-04-01,LOW,0.0,2023,4,0,0,0,0.0,0.0,0.0,0.0,0.0,0.0,0.0,2,0,0.866025,-0.5,5,-0.974928,-0.222521,1,0.0,0.0,0.0,0.0,0.0,0.0,0.0,0.0,0.0,33
Sitabuldi Interchange,2023-05-01,LOW,0.0,2023,5,0,0,0,0.0,0.0,0.0,0.0,0.0,0.0,0.0,2,0,0.5,-0.866025,0,0.0,1.0,0,0.0,0.0,0.0,0.0,0.0,0.0,0.0,0.0,0.0,33
Sitabuldi Interchange,2023-06-01,LOW,0.0,2023,6,0,0,0,0.0,0.0,0.0,0.0,0.0,0.0,0.0,2,0,0.0,-1.0,3,0.433884,-0.900969,0,0.0,0.0,0.0,0.0,0.0,0.0,0.0,0.0,0.0,33
Sitabuldi Interchange,2023-07-01,LOW,0.0,2023,7,0,0,0,0.0,0.0,0.0,0.0,0.0,0.0,0.0,3,0,-0.5,-0.866025,5,-0.974928,-0.222521,1,0.0,0.0,0.0,0.0,0.0,0.0,0.0,0.0,0.0,33
Sitabuldi Interchange,2023-08-01,LOW,0.0,2023,8,0,0,0,0.0,0.0,0.0,0.0,0.0,0.0,0.0,3,0,-0.866025,-0.5,1,0.781831,0.62349,0,0.0,0.0,0.0,0.0,0.0,0.0,0.0,0.0,0.0,33
Sitabuldi Interchange,2023-09-01,LOW,0.0,2023,9,0,0,0,0.0,0.0,0.0,0.0,0.0,0.0,0.0,3,0,-1.0,-0.0,4,-0.433884,-0.900969,0,0.0,0.0,0.0,0.0,0.0,0.0,0.0,0.0,0.0,33
Sitabuldi Interchange,2023-10-01,LOW,0.0,2023,10,0,0,0,0.0,0.0,0.0,0.0,0.0,0.0,0.0,4,0,-0.866025,0.5,6,-0.781831,0.62349,1,0.0,0.0,0.0,0.0,0.0,0.0,0.0,0.0,0.0,33
Sitabuldi Interchange,2023-11-01,LOW,0.0,2023,11,0,0,0,0.0,0.0,0.0,0.0,0.0,0.0,0.0,4,0,-0.5,0.866025,2,0.974928,-0.222521,0,0.0,0.0,0.0,0.0,0.0,0.0,0.0,0.0,0.0,33
Sitabuldi Interchange,2023-12-01,LOW,0.0,2023,12,0,0,0,0.0,0.0,0.0,0.0,0.0,0.0,0.0,4,0,-0.0,1.0,4,-0.433884,-0.900969,0,0.0,0.0,0.0,0.0,0.0,0.0,0.0,0.0,0.0,33
Somalwada Square,2020-01-01,LOW,0.0,2020,1,0,0,0,0.0,0.0,0.0,0.0,0.0,0.0,0.0,1,1,0.5,0.866025,2,0.974928,-0.222521,0,0.0,0.0,0.0,0.0,0.0,0.0,0.0,0.0,0.0,34
Somalwada Square,2020-02-01,LOW,0.0,2020,2,0,0,0,0.0,0.0,0.0,0.0,0.0,0.0,0.0,1,0,0.866025,0.5,5,-0.974928,-0.222521,1,0.0,0.0,0.0,0.0,0.0,0.0,0.0,0.0,0.0,34
Somalwada Square,2020-03-01,LOW,0.0,2020,3,0,0,0,0.0,0.0,0.0,0.0,0.0,0.0,0.0,1,0,1.0,0.0,6,-0.781831,0.62349,1,0.0,0.0,0.0,0.0,0.0,0.0,0.0,0.0,0.0,34
Somalwada Square,2020-04-01,LOW,0.0,2020,4,0,0,0,0.0,0.0,0.0,0.0,0.0,0.0,0.0,2,0,0.866025,-0.5,2,0.974928,-0.222521,0,0.0,0.0,0.0,0.0,0.0,0.0,0.0,0.0,0.0,34
Somalwada Square,2020-05-01,LOW,0.0,2020,5,0,0,0,0.0,0.0,0.0,0.0,0.0,0.0,0.0,2,0,0.5,-0.866025,4,-0.433884,-0.900969,0,0.0,0.0,0.0,0.0,0.0,0.0,0.0,0.0,0.0,34
Somalwada Square,2020-06-01,LOW,0.0,2020,6,0,0,0,0.0,0.0,0.0,0.0,0.0,0.0,0.0,2,0,0.0,-1.0,0,0.0,1.0,0,0.0,0.0,0.0,0.0,0.0,0.0,0.0,0.0,0.0,34
Somalwada Square,2020-07-01,LOW,0.0,2020,7,0,0,0,0.0,0.0,0.0,0.0,0.0,0.0,0.0,3,0,-0.5,-0.866025,2,0.974928,-0.222521,0,0.0,0.0,0.0,0.0,0.0,0.0,0.0,0.0,0.0,34
Somalwada Square,2020-08-01,LOW,0.0,2020,8,0,0,0,0.0,0.0,0.0,0.0,0.0,0.0,0.0,3,0,-0.866025,-0.5,5,-0.974928,-0.222521,1,0.0,0.0,0.0,0.0,0.0,0.0,0.0,0.0,0.0,34
Somalwada Square,2020-09-01,LOW,0.0,2020,9,0,0,0,0.0,0.0,0.0,0.0,0.0,0.0,0.0,3,0,-1.0,-0.0,1,0.781831,0.62349,0,0.0,0.0,0.0,0.0,0.0,0.0,0.0,0.0,0.0,34
Somalwada Square,2020-10-01,LOW,0.0,2020,10,0,0,0,0.0,0.0,0.0,0.0,0.0,0.0,0.0,4,0,-0.866025,0.5,3,0.433884,-0.900969,0,0.0,0.0,0.0,0.0,0.0,0.0,0.0,0.0,0.0,34
Somalwada Square,2020-11-01,LOW,0.0,2020,11,0,0,0,0.0,0.0,0.0,0.0,0.0,0.0,0.0,4,0,-0.5,0.866025,6,-0.781831,0.62349,1,0.0,0.0,0.0,0.0,0.0,0.0,0.0,0.0,0.0,34
Somalwada Square,2020-12-01,LOW,0.0,2020,12,0,0,0,0.0,0.0,0.0,0.0,0.0,0.0,0.0,4,0,-0.0,1.0,1,0.781831,0.62349,0,0.0,0.0,0.0,0.0,0.0,0.0,0.0,0.0,0.0,34
Somalwada Square,2021-01-01,LOW,0.0,2021,1,0,0,0,0.0,0.0,0.0,0.0,0.0,0.0,0.0,1,1,0.5,0.866025,4,-0.433884,-0.900969,0,0.0,0.0,0.0,0.0,0.0,0.0,0.0,0.0,0.0,34
Somalwada Square,2021-02-01,LOW,0.0,2021,2,0,0,0,0.0,0.0,0.0,0.0,0.0,0.0,0.0,1,0,0.866025,0.5,0,0.0,1.0,0,0.0,0.0,0.0,0.0,0.0,0.0,0.0,0.0,0.0,34
Somalwada Square,2021-03-01,LOW,0.0,2021,3,0,0,0,0.0,0.0,0.0,0.0,0.0,0.0,0.0,1,0,1.0,0.0,0,0.0,1.0,0,0.0,0.0,0.0,0.0,0.0,0.0,0.0,0.0,0.0,34
Somalwada Square,2021-04-01,LOW,0.0,2021,4,0,0,0,0.0,0.0,0.0,0.0,0.0,0.0,0.0,2,0,0.866025,-0.5,3,0.433884,-0.900969,0,0.0,0.0,0.0,0.0,0.0,0.0,0.0,0.0,0.0,34
Somalwada Square,2021-05-01,LOW,0.0,2021,5,0,0,0,0.0,0.0,0.0,0.0,0.0,0.0,0.0,2,0,0.5,-0.866025,5,-0.974928,-0.222521,1,0.0,0.0,0.0,0.0,0.0,0.0,0.0,0.0,0.0,34
Somalwada Square,2021-06-01,LOW,0.0,2021,6,0,0,0,0.0,0.0,0.0,0.0,0.0,0.0,0.0,2,0,0.0,-1.0,1,0.781831,0.62349,0,0.0,0.0,0.0,0.0,0.0,0.0,0.0,0.0,0.0,34
Somalwada Square,2021-07-01,LOW,0.0,2021,7,0,0,0,0.0,0.0,0.0,0.0,0.0,0.0,0.0,3,0,-0.5,-0.866025,3,0.433884,-0.900969,0,0.0,0.0,0.0,0.0,0.0,0.0,0.0,0.0,0.0,34
Somalwada Square,2021-08-01,LOW,0.0,2021,8,0,0,0,0.0,0.0,0.0,0.0,0.0,0.0,0.0,3,0,-0.866025,-0.5,6,-0.781831,0.62349,1,0.0,0.0,0.0,0.0,0.0,0.0,0.0,0.0,0.0,34
Somalwada Square,2021-09-01,LOW,0.0,2021,9,0,0,0,0.0,0.0,0.0,0.0,0.0,0.0,0.0,3,0,-1.0,-0.0,2,0.974928,-0.222521,0,0.0,0.0,0.0,0.0,0.0,0.0,0.0,0.0,0.0,34
Somalwada Square,2021-10-01,LOW,0.0,2021,10,0,0,0,0.0,0.0,0.0,0.0,0.0,0.0,0.0,4,0,-0.866025,0.5,4,-0.433884,-0.900969,0,0.0,0.0,0.0,0.0,0.0,0.0,0.0,0.0,0.0,34
Somalwada Square,2021-11-01,LOW,0.0,2021,11,0,0,0,0.0,0.0,0.0,0.0,0.0,0.0,0.0,4,0,-0.5,0.866025,0,0.0,1.0,0,0.0,0.0,0.0,0.0,0.0,0.0,0.0,0.0,0.0,34
Somalwada Square,2021-12-01,LOW,0.0,2021,12,0,0,0,0.0,0.0,0.0,0.0,0.0,0.0,0.0,4,0,-0.0,1.0,2,0.974928,-0.222521,0,0.0,0.0,0.0,0.0,0.0,0.0,0.0,0.0,0.0,34
Somalwada Square,2022-01-01,LOW,0.0,2022,1,0,0,0,0.0,0.0,0.0,0.0,0.0,0.0,0.0,1,1,0.5,0.866025,5,-0.974928,-0.222521,1,0.0,0.0,0.0,0.0,0.0,0.0,0.0,0.0,0.0,34
Somalwada Square,2022-02-01,LOW,0.0,2022,2,0,0,0,0.0,0.0,0.0,0.0,0.0,0.0,0.0,1,0,0.866025,0.5,1,0.781831,0.62349,0,0.0,0.0,0.0,0.0,0.0,0.0,0.0,0.0,0.0,34
Somalwada Square,2022-03-01,LOW,0.0,2022,3,0,0,0,0.0,0.0,0.0,0.0,0.0,0.0,0.0,1,0,1.0,0.0,1,0.781831,0.62349,0,0.0,0.0,0.0,0.0,0.0,0.0,0.0,0.0,0.0,34
Somalwada Square,2022-04-01,LOW,0.0,2022,4,0,0,0,0.0,0.0,0.0,0.0,0.0,0.0,0.0,2,0,0.866025,-0.5,4,-0.433884,-0.900969,0,0.0,0.0,0.0,0.0,0.0,0.0,0.0,0.0,0.0,34
Somalwada Square,2022-05-01,LOW,0.0,2022,5,0,0,0,0.0,0.0,0.0,0.0,0.0,0.0,0.0,2,0,0.5,-0.866025,6,-0.781831,0.62349,1,0.0,0.0,0.0,0.0,0.0,0.0,0.0,0.0,0.0,34
Somalwada Square,2022-06-01,LOW,0.0,2022,6,0,0,0,0.0,0.0,0.0,0.0,0.0,0.0,0.0,2,0,0.0,-1.0,2,0.974928,-0.222521,0,0.0,0.0,0.0,0.0,0.0,0.0,0.0,0.0,0.0,34
Somalwada Square,2022-07-01,LOW,0.0,2022,7,0,0,0,0.0,0.0,0.0,0.0,0.0,0.0,0.0,3,0,-0.5,-0.866025,4,-0.433884,-0.900969,0,0.0,0.0,0.0,0.0,0.0,0.0,0.0,0.0,0.0,34
Somalwada Square,2022-08-01,LOW,0.0,2022,8,0,0,0,0.0,0.0,0.0,0.0,0.0,0.0,0.0,3,0,-0.866025,-0.5,0,0.0,1.0,0,0.0,0.0,0.0,0.0,0.0,0.0,0.0,0.0,0.0,34
Somalwada Square,2022-09-01,LOW,0.0,2022,9,0,0,0,0.0,0.0,0.0,0.0,0.0,0.0,0.0,3,0,-1.0,-0.0,3,0.433884,-0.900969,0,0.0,0.0,0.0,0.0,0.0,0.0,0.0,0.0,0.0,34
Somalwada Square,2022-10-01,LOW,0.0,2022,10,0,0,0,0.0,0.0,0.0,0.0,0.0,0.0,0.0,4,0,-0.866025,0.5,5,-0.974928,-0.222521,1,0.0,0.0,0.0,0.0,0.0,0.0,0.0,0.0,0.0,34
Somalwada Square,2022-11-01,LOW,0.0,2022,11,0,0,0,0.0,0.0,0.0,0.0,0.0,0.0,0.0,4,0,-0.5,0.866025,1,0.781831,0.62349,0,0.0,0.0,0.0,0.0,0.0,0.0,0.0,0.0,0.0,34
Somalwada Square,2022-12-01,LOW,0.0,2022,12,0,0,0,0.0,0.0,0.0,0.0,0.0,0.0,0.0,4,0,-0.0,1.0,3,0.433884,-0.900969,0,0.0,0.0,0.0,0.0,0.0,0.0,0.0,0.0,0.0,34
Somalwada Square,2023-01-01,LOW,0.0,2023,1,0,0,0,0.0,0.0,0.0,0.0,0.0,0.0,0.0,1,1,0.5,0.866025,6,-0.781831,0.62349,1,0.0,0.0,0.0,0.0,0.0,0.0,0.0,0.0,0.0,34
Somalwada Square,2023-02-01,LOW,0.0,2023,2,0,0,0,0.0,0.0,0.0,0.0,0.0,0.0,0.0,1,0,0.866025,0.5,2,0.974928,-0.222521,0,0.0,0.0,0.0,0.0,0.0,0.0,0.0,0.0,0.0,34
Somalwada Square,2023-03-01,LOW,0.0,2023,3,0,0,0,0.0,0.0,0.0,0.0,0.0,0.0,0.0,1,0,1.0,0.0,2,0.974928,-0.222521,0,0.0,0.0,0.0,0.0,0.0,0.0,0.0,0.0,0.0,34
Somalwada Square,2023-04-01,LOW,0.0,2023,4,0,0,0,0.0,0.0,0.0,0.0,0.0,0.0,0.0,2,0,0.866025,-0.5,5,-0.974928,-0.222521,1,0.0,0.0,0.0,0.0,0.0,0.0,0.0,0.0,0.0,34
Somalwada Square,2023-05-01,LOW,0.0,2023,5,0,0,0,0.0,0.0,0.0,0.0,0.0,0.0,0.0,2,0,0.5,-0.866025,0,0.0,1.0,0,0.0,0.0,0.0,0.0,0.0,0.0,0.0,0.0,0.0,34
Somalwada Square,2023-06-01,LOW,0.0,2023,6,0,0,0,0.0,0.0,0.0,0.0,0.0,0.0,0.0,2,0,0.0,-1.0,3,0.433884,-0.900969,0,0.0,0.0,0.0,0.0,0.0,0.0,0.0,0.0,0.0,34
Somalwada Square,2023-07-01,LOW,0.0,2023,7,0,0,0,0.0,0.0,0.0,0.0,0.0,0.0,0.0,3,0,-0.5,-0.866025,5,-0.974928,-0.222521,1,0.0,0.0,0.0,0.0,0.0,0.0,0.0,0.0,0.0,34
Somalwada Square,2023-08-01,LOW,0.0,2023,8,0,0,0,0.0,0.0,0.0,0.0,0.0,0.0,0.0,3,0,-0.866025,-0.5,1,0.781831,0.62349,0,0.0,0.0,0.0,0.0,0.0,0.0,0.0,0.0,0.0,34
Somalwada Square,2023-09-01,LOW,0.0,2023,9,0,0,0,0.0,0.0,0.0,0.0,0.0,0.0,0.0,3,0,-1.0,-0.0,4,-0.433884,-0.900969,0,0.0,0.0,0.0,0.0,0.0,0.0,0.0,0.0,0.0,34
Somalwada Square,2023-10-01,LOW,0.0,2023,10,0,0,0,0.0,0.0,0.0,0.0,0.0,0.0,0.0,4,0,-0.866025,0.5,6,-0.781831,0.62349,1,0.0,0.0,0.0,0.0,0.0,0.0,0.0,0.0,0.0,34
Somalwada Square,2023-11-01,LOW,0.0,2023,11,0,0,0,0.0,0.0,0.0,0.0,0.0,0.0,0.0,4,0,-0.5,0.866025,2,0.974928,-0.222521,0,0.0,0.0,0.0,0.0,0.0,0.0,0.0,0.0,0.0,34
Somalwada Square,2023-12-01,LOW,0.0,2023,12,0,0,0,0.0,0.0,0.0,0.0,0.0,0.0,0.0,4,0,-0.0,1.0,4,-0.433884,-0.900969,0,0.0,0.0,0.0,0.0,0.0,0.0,0.0,0.0,0.0,34
Subhash Nagar Square,2020-01-01,LOW,0.0,2020,1,0,0,0,0.0,0.0,0.0,0.0,0.0,0.0,0.0,1,1,0.5,0.866025,2,0.974928,-0.222521,0,0.0,0.0,0.0,0.0,0.0,0.0,0.0,0.0,0.0,35
Subhash Nagar Square,2020-02-01,LOW,0.0,2020,2,0,0,0,0.0,0.0,0.0,0.0,0.0,0.0,0.0,1,0,0.866025,0.5,5,-0.974928,-0.222521,1,0.0,0.0,0.0,0.0,0.0,0.0,0.0,0.0,0.0,35
Subhash Nagar Square,2020-03-01,LOW,0.0,2020,3,0,0,0,0.0,0.0,0.0,0.0,0.0,0.0,0.0,1,0,1.0,0.0,6,-0.781831,0.62349,1,0.0,0.0,0.0,0.0,0.0,0.0,0.0,0.0,0.0,35
Subhash Nagar Square,2020-04-01,LOW,0.0,2020,4,0,0,0,0.0,0.0,0.0,0.0,0.0,0.0,0.0,2,0,0.866025,-0.5,2,0.974928,-0.222521,0,0.0,0.0,0.0,0.0,0.0,0.0,0.0,0.0,0.0,35
Subhash Nagar Square,2020-05-01,LOW,0.0,2020,5,0,0,0,0.0,0.0,0.0,0.0,0.0,0.0,0.0,2,0,0.5,-0.866025,4,-0.433884,-0.900969,0,0.0,0.0,0.0,0.0,0.0,0.0,0.0,0.0,0.0,35
Subhash Nagar Square,2020-06-01,LOW,0.0,2020,6,0,0,0,0.0,0.0,0.0,0.0,0.0,0.0,0.0,2,0,0.0,-1.0,0,0.0,1.0,0,0.0,0.0,0.0,0.0,0.0,0.0,0.0,0.0,0.0,35
Subhash Nagar Square,2020-07-01,LOW,0.0,2020,7,0,0,0,0.0,0.0,0.0,0.0,0.0,0.0,0.0,3,0,-0.5,-0.866025,2,0.974928,-0.222521,0,0.0,0.0,0.0,0.0,0.0,0.0,0.0,0.0,0.0,35
Subhash Nagar Square,2020-08-01,LOW,0.0,2020,8,0,0,0,0.0,0.0,0.0,0.0,0.0,0.0,0.0,3,0,-0.866025,-0.5,5,-0.974928,-0.222521,1,0.0,0.0,0.0,0.0,0.0,0.0,0.0,0.0,0.0,35
Subhash Nagar Square,2020-09-01,LOW,0.0,2020,9,0,0,0,0.0,0.0,0.0,0.0,0.0,0.0,0.0,3,0,-1.0,-0.0,1,0.781831,0.62349,0,0.0,0.0,0.0,0.0,0.0,0.0,0.0,0.0,0.0,35
Subhash Nagar Square,2020-10-01,LOW,0.0,2020,10,0,0,0,0.0,0.0,0.0,0.0,0.0,0.0,0.0,4,0,-0.866025,0.5,3,0.433884,-0.900969,0,0.0,0.0,0.0,0.0,0.0,0.0,0.0,0.0,0.0,35
Subhash Nagar Square,2020-11-01,LOW,0.0,2020,11,0,0,0,0.0,0.0,0.0,0.0,0.0,0.0,0.0,4,0,-0.5,0.866025,6,-0.781831,0.62349,1,0.0,0.0,0.0,0.0,0.0,0.0,0.0,0.0,0.0,35
Subhash Nagar Square,2020-12-01,LOW,0.0,2020,12,0,0,0,0.0,0.0,0.0,0.0,0.0,0.0,0.0,4,0,-0.0,1.0,1,0.781831,0.62349,0,0.0,0.0,0.0,0.0,0.0,0.0,0.0,0.0,0.0,35
Subhash Nagar Square,2021-01-01,LOW,0.0,2021,1,0,0,0,0.0,0.0,0.0,0.0,0.0,0.0,0.0,1,1,0.5,0.866025,4,-0.433884,-0.900969,0,0.0,0.0,0.0,0.0,0.0,0.0,0.0,0.0,0.0,35
Subhash Nagar Square,2021-02-01,LOW,0.0,2021,2,0,0,0,0.0,0.0,0.0,0.0,0.0,0.0,0.0,1,0,0.866025,0.5,0,0.0,1.0,0,0.0,0.0,0.0,0.0,0.0,0.0,0.0,0.0,0.0,35
Subhash Nagar Square,2021-03-01,LOW,0.0,2021,3,0,0,0,0.0,0.0,0.0,0.0,0.0,0.0,0.0,1,0,1.0,0.0,0,0.0,1.0,0,0.0,0.0,0.0,0.0,0.0,0.0,0.0,0.0,0.0,35
Subhash Nagar Square,2021-04-01,LOW,0.0,2021,4,0,0,0,0.0,0.0,0.0,0.0,0.0,0.0,0.0,2,0,0.866025,-0.5,3,0.433884,-0.900969,0,0.0,0.0,0.0,0.0,0.0,0.0,0.0,0.0,0.0,35
Subhash Nagar Square,2021-05-01,LOW,0.0,2021,5,0,0,0,0.0,0.0,0.0,0.0,0.0,0.0,0.0,2,0,0.5,-0.866025,5,-0.974928,-0.222521,1,0.0,0.0,0.0,0.0,0.0,0.0,0.0,0.0,0.0,35
Subhash Nagar Square,2021-06-01,LOW,0.0,2021,6,0,0,0,0.0,0.0,0.0,0.0,0.0,0.0,0.0,2,0,0.0,-1.0,1,0.781831,0.62349,0,0.0,0.0,0.0,0.0,0.0,0.0,0.0,0.0,0.0,35
Subhash Nagar Square,2021-07-01,LOW,0.0,2021,7,0,0,0,0.0,0.0,0.0,0.0,0.0,0.0,0.0,3,0,-0.5,-0.866025,3,0.433884,-0.900969,0,0.0,0.0,0.0,0.0,0.0,0.0,0.0,0.0,0.0,35
Subhash Nagar Square,2021-08-01,LOW,0.0,2021,8,0,0,0,0.0,0.0,0.0,0.0,0.0,0.0,0.0,3,0,-0.866025,-0.5,6,-0.781831,0.62349,1,0.0,0.0,0.0,0.0,0.0,0.0,0.0,0.0,0.0,35
Subhash Nagar Square,2021-09-01,LOW,0.0,2021,9,0,0,0,0.0,0.0,0.0,0.0,0.0,0.0,0.0,3,0,-1.0,-0.0,2,0.974928,-0.222521,0,0.0,0.0,0.0,0.0,0.0,0.0,0.0,0.0,0.0,35
Subhash Nagar Square,2021-10-01,LOW,0.0,2021,10,0,0,0,0.0,0.0,0.0,0.0,0.0,0.0,0.0,4,0,-0.866025,0.5,4,-0.433884,-0.900969,0,0.0,0.0,0.0,0.0,0.0,0.0,0.0,0.0,0.0,35
Subhash Nagar Square,2021-11-01,LOW,0.0,2021,11,0,0,0,0.0,0.0,0.0,0.0,0.0,0.0,0.0,4,0,-0.5,0.866025,0,0.0,1.0,0,0.0,0.0,0.0,0.0,0.0,0.0,0.0,0.0,0.0,35
Subhash Nagar Square,2021-12-01,LOW,0.0,2021,12,0,0,0,0.0,0.0,0.0,0.0,0.0,0.0,0.0,4,0,-0.0,1.0,2,0.974928,-0.222521,0,0.0,0.0,0.0,0.0,0.0,0.0,0.0,0.0,0.0,35
Subhash Nagar Square,2022-01-01,LOW,0.0,2022,1,0,0,0,0.0,0.0,0.0,0.0,0.0,0.0,0.0,1,1,0.5,0.866025,5,-0.974928,-0.222521,1,0.0,0.0,0.0,0.0,0.0,0.0,0.0,0.0,0.0,35
Subhash Nagar Square,2022-02-01,LOW,0.0,2022,2,0,0,0,0.0,0.0,0.0,0.0,0.0,0.0,0.0,1,0,0.866025,0.5,1,0.781831,0.62349,0,0.0,0.0,0.0,0.0,0.0,0.0,0.0,0.0,0.0,35
Subhash Nagar Square,2022-03-01,LOW,0.0,2022,3,0,0,0,0.0,0.0,0.0,0.0,0.0,0.0,0.0,1,0,1.0,0.0,1,0.781831,0.62349,0,0.0,0.0,0.0,0.0,0.0,0.0,0.0,0.0,0.0,35
Subhash Nagar Square,2022-04-01,LOW,0.0,2022,4,0,0,0,0.0,0.0,0.0,0.0,0.0,0.0,0.0,2,0,0.866025,-0.5,4,-0.433884,-0.900969,0,0.0,0.0,0.0,0.0,0.0,0.0,0.0,0.0,0.0,35
Subhash Nagar Square,2022-05-01,LOW,0.0,2022,5,0,0,0,0.0,0.0,0.0,0.0,0.0,0.0,0.0,2,0,0.5,-0.866025,6,-0.781831,0.62349,1,0.0,0.0,0.0,0.0,0.0,0.0,0.0,0.0,0.0,35
Subhash Nagar Square,2022-06-01,LOW,0.0,2022,6,0,0,0,0.0,0.0,0.0,0.0,0.0,0.0,0.0,2,0,0.0,-1.0,2,0.974928,-0.222521,0,0.0,0.0,0.0,0.0,0.0,0.0,0.0,0.0,0.0,35
Subhash Nagar Square,2022-07-01,LOW,0.0,2022,7,0,0,0,0.0,0.0,0.0,0.0,0.0,0.0,0.0,3,0,-0.5,-0.866025,4,-0.433884,-0.900969,0,0.0,0.0,0.0,0.0,0.0,0.0,0.0,0.0,0.0,35
Subhash Nagar Square,2022-08-01,LOW,0.0,2022,8,0,0,0,0.0,0.0,0.0,0.0,0.0,0.0,0.0,3,0,-0.866025,-0.5,0,0.0,1.0,0,0.0,0.0,0.0,0.0,0.0,0.0,0.0,0.0,0.0,35
Subhash Nagar Square,2022-09-01,LOW,0.0,2022,9,0,0,0,0.0,0.0,0.0,0.0,0.0,0.0,0.0,3,0,-1.0,-0.0,3,0.433884,-0.900969,0,0.0,0.0,0.0,0.0,0.0,0.0,0.0,0.0,0.0,35
Subhash Nagar Square,2022-10-01,LOW,0.0,2022,10,0,0,0,0.0,0.0,0.0,0.0,0.0,0.0,0.0,4,0,-0.866025,0.5,5,-0.974928,-0.222521,1,0.0,0.0,0.0,0.0,0.0,0.0,0.0,0.0,0.0,35
Subhash Nagar Square,2022-11-01,LOW,0.0,2022,11,0,0,0,0.0,0.0,0.0,0.0,0.0,0.0,0.0,4,0,-0.5,0.866025,1,0.781831,0.62349,0,0.0,0.0,0.0,0.0,0.0,0.0,0.0,0.0,0.0,35
Subhash Nagar Square,2022-12-01,LOW,0.0,2022,12,0,0,0,0.0,0.0,0.0,0.0,0.0,0.0,0.0,4,0,-0.0,1.0,3,0.433884,-0.900969,0,0.0,0.0,0.0,0.0,0.0,0.0,0.0,0.0,0.0,35
Subhash Nagar Square,2023-01-01,LOW,0.0,2023,1,0,0,0,0.0,0.0,0.0,0.0,0.0,0.0,0.0,1,1,0.5,0.866025,6,-0.781831,0.62349,1,0.0,0.0,0.0,0.0,0.0,0.0,0.0,0.0,0.0,35
Subhash Nagar Square,2023-02-01,LOW,0.0,2023,2,0,0,0,0.0,0.0,0.0,0.0,0.0,0.0,0.0,1,0,0.866025,0.5,2,0.974928,-0.222521,0,0.0,0.0,0.0,0.0,0.0,0.0,0.0,0.0,0.0,35
Subhash Nagar Square,2023-03-01,LOW,0.0,2023,3,0,0,0,0.0,0.0,0.0,0.0,0.0,0.0,0.0,1,0,1.0,0.0,2,0.974928,-0.222521,0,0.0,0.0,0.0,0.0,0.0,0.0,0.0,0.0,0.0,35
Subhash Nagar Square,2023-04-01,LOW,0.0,2023,4,0,0,0,0.0,0.0,0.0,0.0,0.0,0.0,0.0,2,0,0.866025,-0.5,5,-0.974928,-0.222521,1,0.0,0.0,0.0,0.0,0.0,0.0,0.0,0.0,0.0,35
Subhash Nagar Square,2023-05-01,LOW,0.0,2023,5,0,0,0,0.0,0.0,0.0,0.0,0.0,0.0,0.0,2,0,0.5,-0.866025,0,0.0,1.0,0,0.0,0.0,0.0,0.0,0.0,0.0,0.0,0.0,0.0,35
Subhash Nagar Square,2023-06-01,LOW,0.0,2023,6,0,0,0,0.0,0.0,0.0,0.0,0.0,0.0,0.0,2,0,0.0,-1.0,3,0.433884,-0.900969,0,0.0,0.0,0.0,0.0,0.0,0.0,0.0,0.0,0.0,35
Subhash Nagar Square,2023-07-01,LOW,0.0,2023,7,0,0,0,0.0,0.0,0.0,0.0,0.0,0.0,0.0,3,0,-0.5,-0.866025,5,-0.974928,-0.222521,1,0.0,0.0,0.0,0.0,0.0,0.0,0.0,0.0,0.0,35
Subhash Nagar Square,2023-08-01,LOW,0.0,2023,8,0,0,0,0.0,0.0,0.0,0.0,0.0,0.0,0.0,3,0,-0.866025,-0.5,1,0.781831,0.62349,0,0.0,0.0,0.0,0.0,0.0,0.0,0.0,0.0,0.0,35
Subhash Nagar Square,2023-09-01,LOW,0.0,2023,9,0,0,0,0.0,0.0,0.0,0.0,0.0,0.0,0.0,3,0,-1.0,-0.0,4,-0.433884,-0.900969,0,0.0,0.0,0.0,0.0,0.0,0.0,0.0,0.0,0.0,35
Subhash Nagar Square,2023-10-01,LOW,0.0,2023,10,0,0,0,0.0,0.0,0.0,0.0,0.0,0.0,0.0,4,0,-0.866025,0.5,6,-0.781831,0.62349,1,0.0,0.0,0.0,0.0,0.0,0.0,0.0,0.0,0.0,35
Subhash Nagar Square,2023-11-01,LOW,0.0,2023,11,0,0,0,0.0,0.0,0.0,0.0,0.0,0.0,0.0,4,0,-0.5,0.866025,2,0.974928,-0.222521,0,0.0,0.0,0.0,0.0,0.0,0.0,0.0,0.0,0.0,35
Subhash Nagar Square,2023-12-01,LOW,0.0,2023,12,0,0,0,0.0,0.0,0.0,0.0,0.0,0.0,0.0,4,0,-0.0,1.0,4,-0.433884,-0.900969,0,0.0,0.0,0.0,0.0,0.0,0.0,0.0,0.0,0.0,35
VCA Stadium Chowk,2020-01-01,LOW,0.0,2020,1,0,0,0,0.0,0.0,0.0,0.0,0.0,0.0,0.0,1,1,0.5,0.866025,2,0.974928,-0.222521,0,0.0,0.0,0.0,0.0,0.0,0.0,0.0,0.0,0.0,36
VCA Stadium Chowk,2020-02-01,LOW,0.0,2020,2,0,0,0,0.0,0.0,0.0,0.0,0.0,0.0,0.0,1,0,0.866025,0.5,5,-0.974928,-0.222521,1,0.0,0.0,0.0,0.0,0.0,0.0,0.0,0.0,0.0,36
VCA Stadium Chowk,2020-03-01,LOW,0.0,2020,3,0,0,0,0.0,0.0,0.0,0.0,0.0,0.0,0.0,1,0,1.0,0.0,6,-0.781831,0.62349,1,0.0,0.0,0.0,0.0,0.0,0.0,0.0,0.0,0.0,36
VCA Stadium Chowk,2020-04-01,LOW,0.0,2020,4,0,0,0,0.0,0.0,0.0,0.0,0.0,0.0,0.0,2,0,0.866025,-0.5,2,0.974928,-0.222521,0,0.0,0.0,0.0,0.0,0.0,0.0,0.0,0.0,0.0,36
VCA Stadium Chowk,2020-05-01,LOW,0.0,2020,5,0,0,0,0.0,0.0,0.0,0.0,0.0,0.0,0.0,2,0,0.5,-0.866025,4,-0.433884,-0.900969,0,0.0,0.0,0.0,0.0,0.0,0.0,0.0,0.0,0.0,36
VCA Stadium Chowk,2020-06-01,LOW,0.0,2020,6,0,0,0,0.0,0.0,0.0,0.0,0.0,0.0,0.0,2,0,0.0,-1.0,0,0.0,1.0,0,0.0,0.0,0.0,0.0,0.0,0.0,0.0,0.0,0.0,36
VCA Stadium Chowk,2020-07-01,LOW,0.0,2020,7,0,0,0,0.0,0.0,0.0,0.0,0.0,0.0,0.0,3,0,-0.5,-0.866025,2,0.974928,-0.222521,0,0.0,0.0,0.0,0.0,0.0,0.0,0.0,0.0,0.0,36
VCA Stadium Chowk,2020-08-01,LOW,0.0,2020,8,0,0,0,0.0,0.0,0.0,0.0,0.0,0.0,0.0,3,0,-0.866025,-0.5,5,-0.974928,-0.222521,1,0.0,0.0,0.0,0.0,0.0,0.0,0.0,0.0,0.0,36
VCA Stadium Chowk,2020-09-01,LOW,0.0,2020,9,0,0,0,0.0,0.0,0.0,0.0,0.0,0.0,0.0,3,0,-1.0,-0.0,1,0.781831,0.62349,0,0.0,0.0,0.0,0.0,0.0,0.0,0.0,0.0,0.0,36
VCA Stadium Chowk,2020-10-01,LOW,0.0,2020,10,0,0,0,0.0,0.0,0.0,0.0,0.0,0.0,0.0,4,0,-0.866025,0.5,3,0.433884,-0.900969,0,0.0,0.0,0.0,0.0,0.0,0.0,0.0,0.0,0.0,36
VCA Stadium Chowk,2020-11-01,LOW,0.0,2020,11,0,0,0,0.0,0.0,0.0,0.0,0.0,0.0,0.0,4,0,-0.5,0.866025,6,-0.781831,0.62349,1,0.0,0.0,0.0,0.0,0.0,0.0,0.0,0.0,0.0,36
VCA Stadium Chowk,2020-12-01,LOW,0.0,2020,12,0,0,0,0.0,0.0,0.0,0.0,0.0,0.0,0.0,4,0,-0.0,1.0,1,0.781831,0.62349,0,0.0,0.0,0.0,0.0,0.0,0.0,0.0,0.0,0.0,36
VCA Stadium Chowk,2021-01-01,LOW,0.0,2021,1,0,0,0,0.0,0.0,0.0,0.0,0.0,0.0,0.0,1,1,0.5,0.866025,4,-0.433884,-0.900969,0,0.0,0.0,0.0,0.0,0.0,0.0,0.0,0.0,0.0,36
VCA Stadium Chowk,2021-02-01,LOW,0.0,2021,2,0,0,0,0.0,0.0,0.0,0.0,0.0,0.0,0.0,1,0,0.866025,0.5,0,0.0,1.0,0,0.0,0.0,0.0,0.0,0.0,0.0,0.0,0.0,0.0,36
VCA Stadium Chowk,2021-03-01,LOW,0.0,2021,3,0,0,0,0.0,0.0,0.0,0.0,0.0,0.0,0.0,1,0,1.0,0.0,0,0.0,1.0,0,0.0,0.0,0.0,0.0,0.0,0.0,0.0,0.0,0.0,36
VCA Stadium Chowk,2021-04-01,LOW,0.0,2021,4,0,0,0,0.0,0.0,0.0,0.0,0.0,0.0,0.0,2,0,0.866025,-0.5,3,0.433884,-0.900969,0,0.0,0.0,0.0,0.0,0.0,0.0,0.0,0.0,0.0,36
VCA Stadium Chowk,2021-05-01,LOW,0.0,2021,5,0,0,0,0.0,0.0,0.0,0.0,0.0,0.0,0.0,2,0,0.5,-0.866025,5,-0.974928,-0.222521,1,0.0,0.0,0.0,0.0,0.0,0.0,0.0,0.0,0.0,36
VCA Stadium Chowk,2021-06-01,LOW,0.0,2021,6,0,0,0,0.0,0.0,0.0,0.0,0.0,0.0,0.0,2,0,0.0,-1.0,1,0.781831,0.62349,0,0.0,0.0,0.0,0.0,0.0,0.0,0.0,0.0,0.0,36
VCA Stadium Chowk,2021-07-01,LOW,0.0,2021,7,0,0,0,0.0,0.0,0.0,0.0,0.0,0.0,0.0,3,0,-0.5,-0.866025,3,0.433884,-0.900969,0,0.0,0.0,0.0,0.0,0.0,0.0,0.0,0.0,0.0,36
VCA Stadium Chowk,2021-08-01,LOW,0.0,2021,8,0,0,0,0.0,0.0,0.0,0.0,0.0,0.0,0.0,3,0,-0.866025,-0.5,6,-0.781831,0.62349,1,0.0,0.0,0.0,0.0,0.0,0.0,0.0,0.0,0.0,36
VCA Stadium Chowk,2021-09-01,LOW,0.0,2021,9,0,0,0,0.0,0.0,0.0,0.0,0.0,0.0,0.0,3,0,-1.0,-0.0,2,0.974928,-0.222521,0,0.0,0.0,0.0,0.0,0.0,0.0,0.0,0.0,0.0,36
VCA Stadium Chowk,2021-10-01,LOW,0.0,2021,10,0,0,0,0.0,0.0,0.0,0.0,0.0,0.0,0.0,4,0,-0.866025,0.5,4,-0.433884,-0.900969,0,0.0,0.0,0.0,0.0,0.0,0.0,0.0,0.0,0.0,36
VCA Stadium Chowk,2021-11-01,LOW,0.0,2021,11,0,0,0,0.0,0.0,0.0,0.0,0.0,0.0,0.0,4,0,-0.5,0.866025,0,0.0,1.0,0,0.0,0.0,0.0,0.0,0.0,0.0,0.0,0.0,0.0,36
VCA Stadium Chowk,2021-12-01,LOW,0.0,2021,12,0,0,0,0.0,0.0,0.0,0.0,0.0,0.0,0.0,4,0,-0.0,1.0,2,0.974928,-0.222521,0,0.0,0.0,0.0,0.0,0.0,0.0,0.0,0.0,0.0,36
VCA Stadium Chowk,2022-01-01,LOW,0.0,2022,1,0,0,0,0.0,0.0,0.0,0.0,0.0,0.0,0.0,1,1,0.5,0.866025,5,-0.974928,-0.222521,1,0.0,0.0,0.0,0.0,0.0,0.0,0.0,0.0,0.0,36
VCA Stadium Chowk,2022-02-01,LOW,0.0,2022,2,0,0,0,0.0,0.0,0.0,0.0,0.0,0.0,0.0,1,0,0.866025,0.5,1,0.781831,0.62349,0,0.0,0.0,0.0,0.0,0.0,0.0,0.0,0.0,0.0,36
VCA Stadium Chowk,2022-03-01,LOW,0.0,2022,3,0,0,0,0.0,0.0,0.0,0.0,0.0,0.0,0.0,1,0,1.0,0.0,1,0.781831,0.62349,0,0.0,0.0,0.0,0.0,0.0,0.0,0.0,0.0,0.0,36
VCA Stadium Chowk,2022-04-01,LOW,0.0,2022,4,0,0,0,0.0,0.0,0.0,0.0,0.0,0.0,0.0,2,0,0.866025,-0.5,4,-0.433884,-0.900969,0,0.0,0.0,0.0,0.0,0.0,0.0,0.0,0.0,0.0,36
VCA Stadium Chowk,2022-05-01,LOW,0.0,2022,5,0,0,0,0.0,0.0,0.0,0.0,0.0,0.0,0.0,2,0,0.5,-0.866025,6,-0.781831,0.62349,1,0.0,0.0,0.0,0.0,0.0,0.0,0.0,0.0,0.0,36
VCA Stadium Chowk,2022-06-01,LOW,0.0,2022,6,0,0,0,0.0,0.0,0.0,0.0,0.0,0.0,0.0,2,0,0.0,-1.0,2,0.974928,-0.222521,0,0.0,0.0,0.0,0.0,0.0,0.0,0.0,0.0,0.0,36
VCA Stadium Chowk,2022-07-01,LOW,0.0,2022,7,0,0,0,0.0,0.0,0.0,0.0,0.0,0.0,0.0,3,0,-0.5,-0.866025,4,-0.433884,-0.900969,0,0.0,0.0,0.0,0.0,0.0,0.0,0.0,0.0,0.0,36
VCA Stadium Chowk,2022-08-01,LOW,0.0,2022,8,0,0,0,0.0,0.0,0.0,0.0,0.0,0.0,0.0,3,0,-0.866025,-0.5,0,0.0,1.0,0,0.0,0.0,0.0,0.0,0.0,0.0,0.0,0.0,0.0,36
VCA Stadium Chowk,2022-09-01,LOW,0.0,2022,9,0,0,0,0.0,0.0,0.0,0.0,0.0,0.0,0.0,3,0,-1.0,-0.0,3,0.433884,-0.900969,0,0.0,0.0,0.0,0.0,0.0,0.0,0.0,0.0,0.0,36
VCA Stadium Chowk,2022-10-01,LOW,0.0,2022,10,0,0,0,0.0,0.0,0.0,0.0,0.0,0.0,0.0,4,0,-0.866025,0.5,5,-0.974928,-0.222521,1,0.0,0.0,0.0,0.0,0.0,0.0,0.0,0.0,0.0,36
VCA Stadium Chowk,2022-11-01,LOW,0.0,2022,11,0,0,0,0.0,0.0,0.0,0.0,0.0,0.0,0.0,4,0,-0.5,0.866025,1,0.781831,0.62349,0,0.0,0.0,0.0,0.0,0.0,0.0,0.0,0.0,0.0,36
VCA Stadium Chowk,2022-12-01,LOW,0.0,2022,12,0,0,0,0.0,0.0,0.0,0.0,0.0,0.0,0.0,4,0,-0.0,1.0,3,0.433884,-0.900969,0,0.0,0.0,0.0,0.0,0.0,0.0,0.0,0.0,0.0,36
VCA Stadium Chowk,2023-01-01,LOW,0.0,2023,1,0,0,0,0.0,0.0,0.0,0.0,0.0,0.0,0.0,1,1,0.5,0.866025,6,-0.781831,0.62349,1,0.0,0.0,0.0,0.0,0.0,0.0,0.0,0.0,0.0,36
VCA Stadium Chowk,2023-02-01,LOW,0.0,2023,2,0,0,0,0.0,0.0,0.0,0.0,0.0,0.0,0.0,1,0,0.866025,0.5,2,0.974928,-0.222521,0,0.0,0.0,0.0,0.0,0.0,0.0,0.0,0.0,0.0,36
VCA Stadium Chowk,2023-03-01,LOW,0.0,2023,3,0,0,0,0.0,0.0,0.0,0.0,0.0,0.0,0.0,1,0,1.0,0.0,2,0.974928,-0.222521,0,0.0,0.0,0.0,0.0,0.0,0.0,0.0,0.0,0.0,36
VCA Stadium Chowk,2023-04-01,LOW,0.0,2023,4,0,0,0,0.0,0.0,0.0,0.0,0.0,0.0,0.0,2,0,0.866025,-0.5,5,-0.974928,-0.222521,1,0.0,0.0,0.0,0.0,0.0,0.0,0.0,0.0,0.0,36
VCA Stadium Chowk,2023-05-01,LOW,0.0,2023,5,0,0,0,0.0,0.0,0.0,0.0,0.0,0.0,0.0,2,0,0.5,-0.866025,0,0.0,1.0,0,0.0,0.0,0.0,0.0,0.0,0.0,0.0,0.0,0.0,36
VCA Stadium Chowk,2023-06-01,LOW,0.0,2023,6,0,0,0,0.0,0.0,0.0,0.0,0.0,0.0,0.0,2,0,0.0,-1.0,3,0.433884,-0.900969,0,0.0,0.0,0.0,0.0,0.0,0.0,0.0,0.0,0.0,36
VCA Stadium Chowk,2023-07-01,LOW,0.0,2023,7,0,0,0,0.0,0.0,0.0,0.0,0.0,0.0,0.0,3,0,-0.5,-0.866025,5,-0.974928,-0.222521,1,0.0,0.0,0.0,0.0,0.0,0.0,0.0,0.0,0.0,36
VCA Stadium Chowk,2023-08-01,LOW,0.0,2023,8,0,0,0,0.0,0.0,0.0,0.0,0.0,0.0,0.0,3,0,-0.866025,-0.5,1,0.781831,0.62349,0,0.0,0.0,0.0,0.0,0.0,0.0,0.0,0.0,0.0,36
VCA Stadium Chowk,2023-09-01,LOW,0.0,2023,9,0,0,0,0.0,0.0,0.0,0.0,0.0,0.0,0.0,3,0,-1.0,-0.0,4,-0.433884,-0.900969,0,0.0,0.0,0.0,0.0,0.0,0.0,0.0,0.0,0.0,36
VCA Stadium Chowk,2023-10-01,LOW,0.0,2023,10,0,0,0,0.0,0.0,0.0,0.0,0.0,0.0,0.0,4,0,-0.866025,0.5,6,-0.781831,0.62349,1,0.0,0.0,0.0,0.0,0.0,0.0,0.0,0.0,0.0,36
VCA Stadium Chowk,2023-11-01,LOW,0.0,2023,11,0,0,0,0.0,0.0,0.0,0.0,0.0,0.0,0.0,4,0,-0.5,0.866025,2,0.974928,-0.222521,0,0.0,0.0,0.0,0.0,0.0,0.0,0.0,0.0,0.0,36
VCA Stadium Chowk,2023-12-01,LOW,0.0,2023,12,0,0,0,0.0,0.0,0.0,0.0,0.0,0.0,0.0,4,0,-0.0,1.0,4,-0.433884,-0.900969,0,0.0,0.0,0.0,0.0,0.0,0.0,0.0,0.0,0.0,36
Variety Square,2020-01-01,LOW,0.0,2020,1,0,0,0,0.0,0.0,0.0,0.0,0.0,0.0,0.0,1,1,0.5,0.866025,2,0.974928,-0.222521,0,0.0,0.0,0.0,0.0,0.0,0.0,0.0,0.0,3.2447916666666665,37
Variety Square,2020-02-01,LOW,0.0,2020,2,0,0,0,0.0,0.0,0.0,0.0,0.0,0.0,0.0,1,0,0.866025,0.5,5,-0.974928,-0.222521,1,0.0,0.0,0.0,0.0,0.0,0.0,0.0,0.0,3.2447916666666665,37
Variety Square,2020-03-01,LOW,1.1,2020,3,1,0,0,0.0,0.0,0.0,0.0,0.0,0.0,0.0,1,0,1.0,0.0,6,-0.781831,0.62349,1,0.0,0.0,0.0,0.0,0.0,0.0,0.0,0.0,3.2447916666666665,37
Variety Square,2020-04-01,LOW,6.08,2020,4,1,0,1,1.0,1.0,1.0,1.0,0.0,0.0,0.083,2,0,0.866025,-0.5,2,0.974928,-0.222521,0,0.0,0.0,0.0,0.0,0.0,0.0,0.0,0.0,3.2447916666666665,37
Variety Square,2020-05-01,LOW,2.76,2020,5,1,0,1,1.0,1.0,2.0,2.0,0.0,1.0,0.167,2,0,0.5,-0.866025,4,-0.433884,-0.900969,0,1.0,0.0,0.0,0.333,0.577,0.25,0.5,0.666,3.2447916666666665,37
Variety Square,2020-06-01,LOW,2.76,2020,6,1,0,1,1.0,1.0,3.0,3.0,0.0,2.0,0.25,2,0,0.0,-1.0,0,0.0,1.0,0,1.0,1.0,0.0,0.667,0.577,0.4,0.548,0.889,3.2447916666666665,37
Variety Square,2020-07-01,LOW,4.42,2020,7,1,0,1,1.0,1.0,3.0,4.0,0.0,3.0,0.333,3,0,-0.5,-0.866025,2,0.974928,-0.222521,0,1.0,1.0,1.0,1.0,0.0,0.5,0.548,1.0,3.2447916666666665,37
Variety Square,2020-08-01,LOW,7.73,2020,8,1,1,1,1.0,1.0,3.0,5.0,0.0,4.0,0.417,3,0,-0.866025,-0.5,5,-0.974928,-0.222521,1,1.0,1.0,1.0,1.0,0.0,0.667,0.516,0.8,3.2447916666666665,37
Variety Square,2020-09-01,LOW,0.0,2020,9,0,0,0,1.0,1.0,3.0,6.0,1.0,5.0,0.5,3,0,-1.0,-0.0,1,0.781831,0.62349,0,1.0,1.0,1.0,1.0,0.0,0.833,0.408,0.667,3.2447916666666665,37
Variety Square,2020-10-01,LOW,0.0,2020,10,0,0,0,0.0,0.0,2.0,6.0,1.0,5.0,0.5,4,0,-0.866025,0.5,3,0.433884,-0.900969,0,1.0,1.0,1.0,1.0,0.0,1.0,0.0,0.667,3.2447916666666665,37
Variety Square,2020-11-01,LOW,0.0,2020,11,0,0,0,0.0,0.0,1.0,6.0,1.0,5.0,0.5,4,0,-0.5,0.866025,6,-0.781831,0.62349,1,0.0,1.0,1.0,0.667,0.577,0.833,0.408,0.445,3.2447916666666665,37
Variety Square,2020-12-01,LOW,1.1,2020,12,1,0,0,0.0,0.0,0.0,6.0,1.0,5.0,0.5,4,0,-0.0,1.0,1,0.781831,0.62349,0,0.0,0.0,1.0,0.333,0.577,0.667,0.516,0.222,3.2447916666666665,37
Variety Square,2021-01-01,LOW,0.0,2021,1,0,0,0,1.0,1.0,1.0,7.0,1.0,5.0,0.583,1,1,0.5,0.866025,4,-0.433884,-0.900969,0,0.0,0.0,0.0,0.0,0.0,0.5,0.548,0.0,3.2447916666666665,37
Variety Square,2021-02-01,LOW,12.15,2021,2,5,0,3,0.0,0.0,1.0,7.0,1.0,5.0,0.583,1,0,0.866025,0.5,0,0.0,1.0,0,1.0,0.0,0.0,0.333,0.577,0.5,0.548,0.19,3.2447916666666665,37
Variety Square,2021-03-01,LOW,0.0,2021,3,0,0,0,5.0,5.0,6.0,12.0,1.0,8.0,1.0,1,0,1.0,0.0,0,0.0,1.0,0,0.0,1.0,0.0,0.333,0.577,0.333,0.516,0.111,3.2447916666666665,37
Variety Square,2021-04-01,LOW,0.0,2021,4,0,0,0,0.0,0.0,5.0,11.0,1.0,8.0,0.917,2,0,0.866025,-0.5,3,0.433884,-0.900969,0,5.0,0.0,1.0,2.0,2.646,1.0,2.0,0.727,3.2447916666666665,37
Variety Square,2021-05-01,LOW,0.0,2021,5,0,0,0,0.0,0.0,5.0,10.0,1.0,7.0,0.833,2,0,0.5,-0.866025,5,-0.974928,-0.222521,1,0.0,5.0,0.0,1.667,2.887,1.0,2.0,0.667,3.2447916666666665,37
Variety Square,2021-06-01,LOW,7.73,2021,6,1,0,1,0.0,0.0,0.0,9.0,1.0,6.0,0.75,2,0,0.0,-1.0,1,0.781831,0.62349,0,0.0,0.0,5.0,1.667,2.887,1.0,2.0,0.741,3.2447916666666665,37
Variety Square,2021-07-01,LOW,2.76,2021,7,1,0,1,1.0,1.0,1.0,9.0,1.0,6.0,0.75,3,0,-0.5,-0.866025,3,0.433884,-0.900969,0,0.0,0.0,0.0,0.0,0.0,1.0,2.0,0.0,3.2447916666666665,37
Variety Square,2021-08-01,LOW,18.23,2021,8,3,1,2,1.0,1.0,2.0,9.0,1.0,6.0,0.75,3,0,-0.866025,-0.5,6,-0.781831,0.62349,1,1.0,0.0,0.0,0.333,0.577,1.0,2.0,0.148,3.2447916666666665,37
Variety Square,2021-09-01,LOW,0.0,2021,9,0,0,0,3.0,3.0,5.0,11.0,1.0,7.0,0.917,3,0,-1.0,-0.0,2,0.974928,-0.222521,0,1.0,1.0,0.0,0.667,0.577,1.167,1.941,0.243,3.2447916666666665,37
Variety Square,2021-10-01,LOW,0.0,2021,10,0,0,0,0.0,0.0,4.0,11.0,1.0,7.0,0.917,4,0,-0.866025,0.5,4,-0.433884,-0.900969,0,3.0,1.0,1.0,1.667,1.155,0.833,1.169,0.606,3.2447916666666665,37
Variety Square,2021-11-01,LOW,0.0,2021,11,0,0,0,0.0,0.0,3.0,11.0,1.0,7.0,0.917,4,0,-0.5,0.866025,0,0.0,1.0,0,0.0,3.0,1.0,1.333,1.528,0.833,1.169,0.485,3.2447916666666665,37
Variety Square,2021-12-01,LOW,0.0,2021,12,0,0,0,0.0,0.0,0.0,11.0,1.0,7.0,0.917,4,0,-0.0,1.0,2,0.974928,-0.222521,0,0.0,0.0,3.0,1.0,1.732,0.833,1.169,0.364,3.2447916666666665,37
Variety Square,2022-01-01,LOW,7.73,2022,1,1,0,1,0.0,0.0,0.0,10.0,1.0,7.0,0.833,1,1,0.5,0.866025,5,-0.974928,-0.222521,1,0.0,0.0,0.0,0.0,0.0,0.833,1.169,0.0,3.2447916666666665,37
Variety Square,2022-02-01,LOW,0.0,2022,2,0,0,0,1.0,1.0,1.0,11.0,1.0,8.0,0.917,1,0,0.866025,0.5,1,0.781831,0.62349,0,0.0,0.0,0.0,0.0,0.0,0.667,1.211,0.0,3.2447916666666665,37
Variety Square,2022-03-01,LOW,6.08,2022,3,1,0,1,0.0,0.0,1.0,6.0,1.0,5.0,0.5,1,0,1.0,0.0,1,0.781831,0.62349,0,1.0,0.0,0.0,0.333,0.577,0.667,1.211,0.222,3.2447916666666665,37
Variety Square,2022-04-01,LOW,0.0,2022,4,0,0,0,1.0,1.0,2.0,7.0,1.0,6.0,0.583,2,0,0.866025,-0.5,4,-0.433884,-0.900969,0,0.0,1.0,0.0,0.333,0.577,0.167,0.408,0.19,3.2447916666666665,37
Variety Square,2022-05-01,LOW,0.0,2022,5,0,0,0,0.0,0.0,1.0,7.0,1.0,6.0,0.583,2,0,0.5,-0.866025,6,-0.781831,0.62349,1,1.0,0.0,1.0,0.667,0.577,0.333,0.516,0.381,3.2447916666666665,37
Variety Square,2022-06-01,LOW,0.0,2022,6,0,0,0,0.0,0.0,1.0,7.0,1.0,6.0,0.583,2,0,0.0,-1.0,2,0.974928,-0.222521,0,0.0,1.0,0.0,0.333,0.577,0.333,0.516,0.19,3.2447916666666665,37
Variety Square,2022-07-01,LOW,4.42,2022,7,1,0,1,0.0,0.0,0.0,6.0,1.0,5.0,0.5,3,0,-0.5,-0.866025,4,-0.433884,-0.900969,0,0.0,0.0,1.0,0.333,0.577,0.333,0.516,0.222,3.2447916666666665,37
Variety Square,2022-08-01,LOW,5.52,2022,8,2,0,2,1.0,1.0,1.0,6.0,1.0,5.0,0.5,3,0,-0.866025,-0.5,0,0.0,1.0,0,0.0,0.0,0.0,0.0,0.0,0.333,0.516,0.0,3.2447916666666665,37
Variety Square,2022-09-01,LOW,3.87,2022,9,2,0,1,2.0,2.0,3.0,5.0,0.0,5.0,0.417,3,0,-1.0,-0.0,3,0.433884,-0.900969,0,1.0,0.0,0.0,0.333,0.577,0.333,0.516,0.266,3.2447916666666665,37
Variety Square,2022-10-01,LOW,7.18,2022,10,2,0,2,2.0,2.0,5.0,7.0,0.0,6.0,0.583,4,0,-0.866025,0.5,5,-0.974928,-0.222521,1,2.0,1.0,0.0,1.0,1.0,0.667,0.816,0.571,3.2447916666666665,37
Variety Square,2022-11-01,LOW,0.0,2022,11,0,0,0,2.0,2.0,6.0,9.0,0.0,8.0,0.75,4,0,-0.5,0.866025,1,0.781831,0.62349,0,2.0,2.0,1.0,1.667,0.577,0.833,0.983,0.741,3.2447916666666665,37
Variety Square,2022-12-01,LOW,5.52,2022,12,2,0,1,0.0,0.0,4.0,9.0,0.0,8.0,0.75,4,0,-0.0,1.0,3,0.433884,-0.900969,0,2.0,2.0,2.0,2.0,0.0,1.167,0.983,0.889,3.2447916666666665,37
Variety Square,2023-01-01,LOW,3.87,2023,1,2,0,1,2.0,2.0,4.0,11.0,0.0,9.0,0.917,1,1,0.5,0.866025,6,-0.781831,0.62349,1,0.0,2.0,2.0,1.333,1.155,1.167,0.983,0.485,3.2447916666666665,37
Variety Square,2023-02-01,LOW,0.0,2023,2,0,0,0,2.0,2.0,4.0,12.0,0.0,9.0,1.0,1,0,0.866025,0.5,2,0.974928,-0.222521,0,2.0,0.0,2.0,1.333,1.155,1.5,0.837,0.444,3.2447916666666665,37
Variety Square,2023-03-01,LOW,5.52,2023,3,2,0,1,0.0,0.0,4.0,12.0,0.0,9.0,1.0,1,0,1.0,0.0,2,0.974928,-0.222521,0,2.0,2.0,0.0,1.333,1.155,1.667,0.816,0.444,3.2447916666666665,37
Variety Square,2023-04-01,LOW,4.42,2023,4,1,0,1,2.0,2.0,4.0,13.0,0.0,9.0,1.083,2,0,0.866025,-0.5,5,-0.974928,-0.222521,1,0.0,2.0,2.0,1.333,1.155,1.333,1.033,0.41,3.2447916666666665,37
Variety Square,2023-05-01,LOW,0.0,2023,5,0,0,0,1.0,1.0,3.0,14.0,0.0,10.0,1.167,2,0,0.5,-0.866025,0,0.0,1.0,0,2.0,0.0,2.0,1.333,1.155,1.333,1.033,0.381,3.2447916666666665,37
Variety Square,2023-06-01,LOW,2.76,2023,6,1,0,1,0.0,0.0,3.0,14.0,0.0,10.0,1.167,2,0,0.0,-1.0,3,0.433884,-0.900969,0,1.0,2.0,0.0,1.0,1.0,1.167,0.983,0.286,3.2447916666666665,37
Variety Square,2023-07-01,LOW,3.87,2023,7,2,0,1,1.0,1.0,2.0,15.0,0.0,11.0,1.25,3,0,-0.5,-0.866025,5,-0.974928,-0.222521,1,0.0,1.0,2.0,1.0,1.0,1.167,0.983,0.267,3.2447916666666665,37
Variety Square,2023-08-01,LOW,22.65,2023,8,4,0,4,2.0,2.0,3.0,16.0,0.0,11.0,1.333,3,0,-0.866025,-0.5,1,0.781831,0.62349,0,1.0,0.0,1.0,0.667,0.577,1.0,0.894,0.167,3.2447916666666665,37
Variety Square,2023-09-01,LOW,0.0,2023,9,0,0,0,4.0,4.0,7.0,18.0,0.0,13.0,1.5,3,0,-1.0,-0.0,4,-0.433884,-0.900969,0,2.0,1.0,0.0,1.0,1.0,1.0,0.894,0.222,3.2447916666666665,37
Variety Square,2023-10-01,LOW,1.1,2023,10,1,0,0,0.0,0.0,6.0,16.0,0.0,12.0,1.333,4,0,-0.866025,0.5,6,-0.781831,0.62349,1,4.0,2.0,1.0,2.333,1.528,1.667,1.366,0.583,3.2447916666666665,37
Variety Square,2023-11-01,LOW,0.0,2023,11,0,0,0,1.0,1.0,5.0,15.0,0.0,10.0,1.25,4,0,-0.5,0.866025,2,0.974928,-0.222521,0,0.0,4.0,2.0,2.0,2.0,1.333,1.506,0.533,3.2447916666666665,37
Variety Square,2023-12-01,LOW,4.42,2023,12,1,0,1,0.0,0.0,1.0,15.0,0.0,10.0,1.25,4,0,-0.0,1.0,4,-0.433884,-0.900969,0,1.0,0.0,4.0,1.667,2.082,1.333,1.506,0.445,3.2447916666666665,37
Wardha Road Toll Plaza,2020-01-01,LOW,0.0,2020,1,0,0,0,0.0,0.0,0.0,0.0,0.0,0.0,0.0,1,1,0.5,0.866025,2,0.974928,-0.222521,0,0.0,0.0,0.0,0.0,0.0,0.0,0.0,0.0,0.0,38
Wardha Road Toll Plaza,2020-02-01,LOW,0.0,2020,2,0,0,0,0.0,0.0,0.0,0.0,0.0,0.0,0.0,1,0,0.866025,0.5,5,-0.974928,-0.222521,1,0.0,0.0,0.0,0.0,0.0,0.0,0.0,0.0,0.0,38
Wardha Road Toll Plaza,2020-03-01,LOW,0.0,2020,3,0,0,0,0.0,0.0,0.0,0.0,0.0,0.0,0.0,1,0,1.0,0.0,6,-0.781831,0.62349,1,0.0,0.0,0.0,0.0,0.0,0.0,0.0,0.0,0.0,38
Wardha Road Toll Plaza,2020-04-01,LOW,0.0,2020,4,0,0,0,0.0,0.0,0.0,0.0,0.0,0.0,0.0,2,0,0.866025,-0.5,2,0.974928,-0.222521,0,0.0,0.0,0.0,0.0,0.0,0.0,0.0,0.0,0.0,38
Wardha Road Toll Plaza,2020-05-01,LOW,0.0,2020,5,0,0,0,0.0,0.0,0.0,0.0,0.0,0.0,0.0,2,0,0.5,-0.866025,4,-0.433884,-0.900969,0,0.0,0.0,0.0,0.0,0.0,0.0,0.0,0.0,0.0,38
Wardha Road Toll Plaza,2020-06-01,LOW,0.0,2020,6,0,0,0,0.0,0.0,0.0,0.0,0.0,0.0,0.0,2,0,0.0,-1.0,0,0.0,1.0,0,0.0,0.0,0.0,0.0,0.0,0.0,0.0,0.0,0.0,38
Wardha Road Toll Plaza,2020-07-01,LOW,0.0,2020,7,0,0,0,0.0,0.0,0.0,0.0,0.0,0.0,0.0,3,0,-0.5,-0.866025,2,0.974928,-0.222521,0,0.0,0.0,0.0,0.0,0.0,0.0,0.0,0.0,0.0,38
Wardha Road Toll Plaza,2020-08-01,LOW,0.0,2020,8,0,0,0,0.0,0.0,0.0,0.0,0.0,0.0,0.0,3,0,-0.866025,-0.5,5,-0.974928,-0.222521,1,0.0,0.0,0.0,0.0,0.0,0.0,0.0,0.0,0.0,38
Wardha Road Toll Plaza,2020-09-01,LOW,0.0,2020,9,0,0,0,0.0,0.0,0.0,0.0,0.0,0.0,0.0,3,0,-1.0,-0.0,1,0.781831,0.62349,0,0.0,0.0,0.0,0.0,0.0,0.0,0.0,0.0,0.0,38
Wardha Road Toll Plaza,2020-10-01,LOW,0.0,2020,10,0,0,0,0.0,0.0,0.0,0.0,0.0,0.0,0.0,4,0,-0.866025,0.5,3,0.433884,-0.900969,0,0.0,0.0,0.0,0.0,0.0,0.0,0.0,0.0,0.0,38
Wardha Road Toll Plaza,2020-11-01,LOW,0.0,2020,11,0,0,0,0.0,0.0,0.0,0.0,0.0,0.0,0.0,4,0,-0.5,0.866025,6,-0.781831,0.62349,1,0.0,0.0,0.0,0.0,0.0,0.0,0.0,0.0,0.0,38
Wardha Road Toll Plaza,2020-12-01,LOW,0.0,2020,12,0,0,0,0.0,0.0,0.0,0.0,0.0,0.0,0.0,4,0,-0.0,1.0,1,0.781831,0.62349,0,0.0,0.0,0.0,0.0,0.0,0.0,0.0,0.0,0.0,38
Wardha Road Toll Plaza,2021-01-01,LOW,0.0,2021,1,0,0,0,0.0,0.0,0.0,0.0,0.0,0.0,0.0,1,1,0.5,0.866025,4,-0.433884,-0.900969,0,0.0,0.0,0.0,0.0,0.0,0.0,0.0,0.0,0.0,38
Wardha Road Toll Plaza,2021-02-01,LOW,0.0,2021,2,0,0,0,0.0,0.0,0.0,0.0,0.0,0.0,0.0,1,0,0.866025,0.5,0,0.0,1.0,0,0.0,0.0,0.0,0.0,0.0,0.0,0.0,0.0,0.0,38
Wardha Road Toll Plaza,2021-03-01,LOW,0.0,2021,3,0,0,0,0.0,0.0,0.0,0.0,0.0,0.0,0.0,1,0,1.0,0.0,0,0.0,1.0,0,0.0,0.0,0.0,0.0,0.0,0.0,0.0,0.0,0.0,38
Wardha Road Toll Plaza,2021-04-01,LOW,0.0,2021,4,0,0,0,0.0,0.0,0.0,0.0,0.0,0.0,0.0,2,0,0.866025,-0.5,3,0.433884,-0.900969,0,0.0,0.0,0.0,0.0,0.0,0.0,0.0,0.0,0.0,38
Wardha Road Toll Plaza,2021-05-01,LOW,0.0,2021,5,0,0,0,0.0,0.0,0.0,0.0,0.0,0.0,0.0,2,0,0.5,-0.866025,5,-0.974928,-0.222521,1,0.0,0.0,0.0,0.0,0.0,0.0,0.0,0.0,0.0,38
Wardha Road Toll Plaza,2021-06-01,LOW,0.0,2021,6,0,0,0,0.0,0.0,0.0,0.0,0.0,0.0,0.0,2,0,0.0,-1.0,1,0.781831,0.62349,0,0.0,0.0,0.0,0.0,0.0,0.0,0.0,0.0,0.0,38
Wardha Road Toll Plaza,2021-07-01,LOW,0.0,2021,7,0,0,0,0.0,0.0,0.0,0.0,0.0,0.0,0.0,3,0,-0.5,-0.866025,3,0.433884,-0.900969,0,0.0,0.0,0.0,0.0,0.0,0.0,0.0,0.0,0.0,38
Wardha Road Toll Plaza,2021-08-01,LOW,0.0,2021,8,0,0,0,0.0,0.0,0.0,0.0,0.0,0.0,0.0,3,0,-0.866025,-0.5,6,-0.781831,0.62349,1,0.0,0.0,0.0,0.0,0.0,0.0,0.0,0.0,0.0,38
Wardha Road Toll Plaza,2021-09-01,LOW,0.0,2021,9,0,0,0,0.0,0.0,0.0,0.0,0.0,0.0,0.0,3,0,-1.0,-0.0,2,0.974928,-0.222521,0,0.0,0.0,0.0,0.0,0.0,0.0,0.0,0.0,0.0,38
Wardha Road Toll Plaza,2021-10-01,LOW,0.0,2021,10,0,0,0,0.0,0.0,0.0,0.0,0.0,0.0,0.0,4,0,-0.866025,0.5,4,-0.433884,-0.900969,0,0.0,0.0,0.0,0.0,0.0,0.0,0.0,0.0,0.0,38
Wardha Road Toll Plaza,2021-11-01,LOW,0.0,2021,11,0,0,0,0.0,0.0,0.0,0.0,0.0,0.0,0.0,4,0,-0.5,0.866025,0,0.0,1.0,0,0.0,0.0,0.0,0.0,0.0,0.0,0.0,0.0,0.0,38
Wardha Road Toll Plaza,2021-12-01,LOW,0.0,2021,12,0,0,0,0.0,0.0,0.0,0.0,0.0,0.0,0.0,4,0,-0.0,1.0,2,0.974928,-0.222521,0,0.0,0.0,0.0,0.0,0.0,0.0,0.0,0.0,0.0,38
Wardha Road Toll Plaza,2022-01-01,LOW,0.0,2022,1,0,0,0,0.0,0.0,0.0,0.0,0.0,0.0,0.0,1,1,0.5,0.866025,5,-0.974928,-0.222521,1,0.0,0.0,0.0,0.0,0.0,0.0,0.0,0.0,0.0,38
Wardha Road Toll Plaza,2022-02-01,LOW,0.0,2022,2,0,0,0,0.0,0.0,0.0,0.0,0.0,0.0,0.0,1,0,0.866025,0.5,1,0.781831,0.62349,0,0.0,0.0,0.0,0.0,0.0,0.0,0.0,0.0,0.0,38
Wardha Road Toll Plaza,2022-03-01,LOW,0.0,2022,3,0,0,0,0.0,0.0,0.0,0.0,0.0,0.0,0.0,1,0,1.0,0.0,1,0.781831,0.62349,0,0.0,0.0,0.0,0.0,0.0,0.0,0.0,0.0,0.0,38
Wardha Road Toll Plaza,2022-04-01,LOW,0.0,2022,4,0,0,0,0.0,0.0,0.0,0.0,0.0,0.0,0.0,2,0,0.866025,-0.5,4,-0.433884,-0.900969,0,0.0,0.0,0.0,0.0,0.0,0.0,0.0,0.0,0.0,38
Wardha Road Toll Plaza,2022-05-01,LOW,0.0,2022,5,0,0,0,0.0,0.0,0.0,0.0,0.0,0.0,0.0,2,0,0.5,-0.866025,6,-0.781831,0.62349,1,0.0,0.0,0.0,0.0,0.0,0.0,0.0,0.0,0.0,38
Wardha Road Toll Plaza,2022-06-01,LOW,0.0,2022,6,0,0,0,0.0,0.0,0.0,0.0,0.0,0.0,0.0,2,0,0.0,-1.0,2,0.974928,-0.222521,0,0.0,0.0,0.0,0.0,0.0,0.0,0.0,0.0,0.0,38
Wardha Road Toll Plaza,2022-07-01,LOW,0.0,2022,7,0,0,0,0.0,0.0,0.0,0.0,0.0,0.0,0.0,3,0,-0.5,-0.866025,4,-0.433884,-0.900969,0,0.0,0.0,0.0,0.0,0.0,0.0,0.0,0.0,0.0,38
Wardha Road Toll Plaza,2022-08-01,LOW,0.0,2022,8,0,0,0,0.0,0.0,0.0,0.0,0.0,0.0,0.0,3,0,-0.866025,-0.5,0,0.0,1.0,0,0.0,0.0,0.0,0.0,0.0,0.0,0.0,0.0,0.0,38
Wardha Road Toll Plaza,2022-09-01,LOW,0.0,2022,9,0,0,0,0.0,0.0,0.0,0.0,0.0,0.0,0.0,3,0,-1.0,-0.0,3,0.433884,-0.900969,0,0.0,0.0,0.0,0.0,0.0,0.0,0.0,0.0,0.0,38
Wardha Road Toll Plaza,2022-10-01,LOW,0.0,2022,10,0,0,0,0.0,0.0,0.0,0.0,0.0,0.0,0.0,4,0,-0.866025,0.5,5,-0.974928,-0.222521,1,0.0,0.0,0.0,0.0,0.0,0.0,0.0,0.0,0.0,38
Wardha Road Toll Plaza,2022-11-01,LOW,0.0,2022,11,0,0,0,0.0,0.0,0.0,0.0,0.0,0.0,0.0,4,0,-0.5,0.866025,1,0.781831,0.62349,0,0.0,0.0,0.0,0.0,0.0,0.0,0.0,0.0,0.0,38
Wardha Road Toll Plaza,2022-12-01,LOW,0.0,2022,12,0,0,0,0.0,0.0,0.0,0.0,0.0,0.0,0.0,4,0,-0.0,1.0,3,0.433884,-0.900969,0,0.0,0.0,0.0,0.0,0.0,0.0,0.0,0.0,0.0,38
Wardha Road Toll Plaza,2023-01-01,LOW,0.0,2023,1,0,0,0,0.0,0.0,0.0,0.0,0.0,0.0,0.0,1,1,0.5,0.866025,6,-0.781831,0.62349,1,0.0,0.0,0.0,0.0,0.0,0.0,0.0,0.0,0.0,38
Wardha Road Toll Plaza,2023-02-01,LOW,0.0,2023,2,0,0,0,0.0,0.0,0.0,0.0,0.0,0.0,0.0,1,0,0.866025,0.5,2,0.974928,-0.222521,0,0.0,0.0,0.0,0.0,0.0,0.0,0.0,0.0,0.0,38
Wardha Road Toll Plaza,2023-03-01,LOW,0.0,2023,3,0,0,0,0.0,0.0,0.0,0.0,0.0,0.0,0.0,1,0,1.0,0.0,2,0.974928,-0.222521,0,0.0,0.0,0.0,0.0,0.0,0.0,0.0,0.0,0.0,38
Wardha Road Toll Plaza,2023-04-01,LOW,0.0,2023,4,0,0,0,0.0,0.0,0.0,0.0,0.0,0.0,0.0,2,0,0.866025,-0.5,5,-0.974928,-0.222521,1,0.0,0.0,0.0,0.0,0.0,0.0,0.0,0.0,0.0,38
Wardha Road Toll Plaza,2023-05-01,LOW,0.0,2023,5,0,0,0,0.0,0.0,0.0,0.0,0.0,0.0,0.0,2,0,0.5,-0.866025,0,0.0,1.0,0,0.0,0.0,0.0,0.0,0.0,0.0,0.0,0.0,0.0,38
Wardha Road Toll Plaza,2023-06-01,LOW,0.0,2023,6,0,0,0,0.0,0.0,0.0,0.0,0.0,0.0,0.0,2,0,0.0,-1.0,3,0.433884,-0.900969,0,0.0,0.0,0.0,0.0,0.0,0.0,0.0,0.0,0.0,38
Wardha Road Toll Plaza,2023-07-01,LOW,0.0,2023,7,0,0,0,0.0,0.0,0.0,0.0,0.0,0.0,0.0,3,0,-0.5,-0.866025,5,-0.974928,-0.222521,1,0.0,0.0,0.0,0.0,0.0,0.0,0.0,0.0,0.0,38
Wardha Road Toll Plaza,2023-08-01,LOW,0.0,2023,8,0,0,0,0.0,0.0,0.0,0.0,0.0,0.0,0.0,3,0,-0.866025,-0.5,1,0.781831,0.62349,0,0.0,0.0,0.0,0.0,0.0,0.0,0.0,0.0,0.0,38
Wardha Road Toll Plaza,2023-09-01,LOW,0.0,2023,9,0,0,0,0.0,0.0,0.0,0.0,0.0,0.0,0.0,3,0,-1.0,-0.0,4,-0.433884,-0.900969,0,0.0,0.0,0.0,0.0,0.0,0.0,0.0,0.0,0.0,38
Wardha Road Toll Plaza,2023-10-01,LOW,0.0,2023,10,0,0,0,0.0,0.0,0.0,0.0,0.0,0.0,0.0,4,0,-0.866025,0.5,6,-0.781831,0.62349,1,0.0,0.0,0.0,0.0,0.0,0.0,0.0,0.0,0.0,38
Wardha Road Toll Plaza,2023-11-01,LOW,0.0,2023,11,0,0,0,0.0,0.0,0.0,0.0,0.0,0.0,0.0,4,0,-0.5,0.866025,2,0.974928,-0.222521,0,0.0,0.0,0.0,0.0,0.0,0.0,0.0,0.0,0.0,38
Wardha Road Toll Plaza,2023-12-01,LOW,0.0,2023,12,0,0,0,0.0,0.0,0.0,0.0,0.0,0.0,0.0,4,0,-0.0,1.0,4,-0.433884,-0.900969,0,0.0,0.0,0.0,0.0,0.0,0.0,0.0,0.0,0.0,38
Zero Mile Freedom Park,2020-01-01,LOW,0.0,2020,1,0,0,0,0.0,0.0,0.0,0.0,0.0,0.0,0.0,1,1,0.5,0.866025,2,0.974928,-0.222521,0,0.0,0.0,0.0,0.0,0.0,0.0,0.0,0.0,0.0,39
Zero Mile Freedom Park,2020-02-01,LOW,0.0,2020,2,0,0,0,0.0,0.0,0.0,0.0,0.0,0.0,0.0,1,0,0.866025,0.5,5,-0.974928,-0.222521,1,0.0,0.0,0.0,0.0,0.0,0.0,0.0,0.0,0.0,39
Zero Mile Freedom Park,2020-03-01,LOW,0.0,2020,3,0,0,0,0.0,0.0,0.0,0.0,0.0,0.0,0.0,1,0,1.0,0.0,6,-0.781831,0.62349,1,0.0,0.0,0.0,0.0,0.0,0.0,0.0,0.0,0.0,39
Zero Mile Freedom Park,2020-04-01,LOW,0.0,2020,4,0,0,0,0.0,0.0,0.0,0.0,0.0,0.0,0.0,2,0,0.866025,-0.5,2,0.974928,-0.222521,0,0.0,0.0,0.0,0.0,0.0,0.0,0.0,0.0,0.0,39
Zero Mile Freedom Park,2020-05-01,LOW,0.0,2020,5,0,0,0,0.0,0.0,0.0,0.0,0.0,0.0,0.0,2,0,0.5,-0.866025,4,-0.433884,-0.900969,0,0.0,0.0,0.0,0.0,0.0,0.0,0.0,0.0,0.0,39
Zero Mile Freedom Park,2020-06-01,LOW,0.0,2020,6,0,0,0,0.0,0.0,0.0,0.0,0.0,0.0,0.0,2,0,0.0,-1.0,0,0.0,1.0,0,0.0,0.0,0.0,0.0,0.0,0.0,0.0,0.0,0.0,39
Zero Mile Freedom Park,2020-07-01,LOW,0.0,2020,7,0,0,0,0.0,0.0,0.0,0.0,0.0,0.0,0.0,3,0,-0.5,-0.866025,2,0.974928,-0.222521,0,0.0,0.0,0.0,0.0,0.0,0.0,0.0,0.0,0.0,39
Zero Mile Freedom Park,2020-08-01,LOW,0.0,2020,8,0,0,0,0.0,0.0,0.0,0.0,0.0,0.0,0.0,3,0,-0.866025,-0.5,5,-0.974928,-0.222521,1,0.0,0.0,0.0,0.0,0.0,0.0,0.0,0.0,0.0,39
Zero Mile Freedom Park,2020-09-01,LOW,0.0,2020,9,0,0,0,0.0,0.0,0.0,0.0,0.0,0.0,0.0,3,0,-1.0,-0.0,1,0.781831,0.62349,0,0.0,0.0,0.0,0.0,0.0,0.0,0.0,0.0,0.0,39
Zero Mile Freedom Park,2020-10-01,LOW,0.0,2020,10,0,0,0,0.0,0.0,0.0,0.0,0.0,0.0,0.0,4,0,-0.866025,0.5,3,0.433884,-0.900969,0,0.0,0.0,0.0,0.0,0.0,0.0,0.0,0.0,0.0,39
Zero Mile Freedom Park,2020-11-01,LOW,0.0,2020,11,0,0,0,0.0,0.0,0.0,0.0,0.0,0.0,0.0,4,0,-0.5,0.866025,6,-0.781831,0.62349,1,0.0,0.0,0.0,0.0,0.0,0.0,0.0,0.0,0.0,39
Zero Mile Freedom Park,2020-12-01,LOW,0.0,2020,12,0,0,0,0.0,0.0,0.0,0.0,0.0,0.0,0.0,4,0,-0.0,1.0,1,0.781831,0.62349,0,0.0,0.0,0.0,0.0,0.0,0.0,0.0,0.0,0.0,39
Zero Mile Freedom Park,2021-01-01,LOW,0.0,2021,1,0,0,0,0.0,0.0,0.0,0.0,0.0,0.0,0.0,1,1,0.5,0.866025,4,-0.433884,-0.900969,0,0.0,0.0,0.0,0.0,0.0,0.0,0.0,0.0,0.0,39
Zero Mile Freedom Park,2021-02-01,LOW,0.0,2021,2,0,0,0,0.0,0.0,0.0,0.0,0.0,0.0,0.0,1,0,0.866025,0.5,0,0.0,1.0,0,0.0,0.0,0.0,0.0,0.0,0.0,0.0,0.0,0.0,39
Zero Mile Freedom Park,2021-03-01,LOW,0.0,2021,3,0,0,0,0.0,0.0,0.0,0.0,0.0,0.0,0.0,1,0,1.0,0.0,0,0.0,1.0,0,0.0,0.0,0.0,0.0,0.0,0.0,0.0,0.0,0.0,39
Zero Mile Freedom Park,2021-04-01,LOW,0.0,2021,4,0,0,0,0.0,0.0,0.0,0.0,0.0,0.0,0.0,2,0,0.866025,-0.5,3,0.433884,-0.900969,0,0.0,0.0,0.0,0.0,0.0,0.0,0.0,0.0,0.0,39
Zero Mile Freedom Park,2021-05-01,LOW,0.0,2021,5,0,0,0,0.0,0.0,0.0,0.0,0.0,0.0,0.0,2,0,0.5,-0.866025,5,-0.974928,-0.222521,1,0.0,0.0,0.0,0.0,0.0,0.0,0.0,0.0,0.0,39
Zero Mile Freedom Park,2021-06-01,LOW,0.0,2021,6,0,0,0,0.0,0.0,0.0,0.0,0.0,0.0,0.0,2,0,0.0,-1.0,1,0.781831,0.62349,0,0.0,0.0,0.0,0.0,0.0,0.0,0.0,0.0,0.0,39
Zero Mile Freedom Park,2021-07-01,LOW,0.0,2021,7,0,0,0,0.0,0.0,0.0,0.0,0.0,0.0,0.0,3,0,-0.5,-0.866025,3,0.433884,-0.900969,0,0.0,0.0,0.0,0.0,0.0,0.0,0.0,0.0,0.0,39
Zero Mile Freedom Park,2021-08-01,LOW,0.0,2021,8,0,0,0,0.0,0.0,0.0,0.0,0.0,0.0,0.0,3,0,-0.866025,-0.5,6,-0.781831,0.62349,1,0.0,0.0,0.0,0.0,0.0,0.0,0.0,0.0,0.0,39
Zero Mile Freedom Park,2021-09-01,LOW,0.0,2021,9,0,0,0,0.0,0.0,0.0,0.0,0.0,0.0,0.0,3,0,-1.0,-0.0,2,0.974928,-0.222521,0,0.0,0.0,0.0,0.0,0.0,0.0,0.0,0.0,0.0,39
Zero Mile Freedom Park,2021-10-01,LOW,0.0,2021,10,0,0,0,0.0,0.0,0.0,0.0,0.0,0.0,0.0,4,0,-0.866025,0.5,4,-0.433884,-0.900969,0,0.0,0.0,0.0,0.0,0.0,0.0,0.0,0.0,0.0,39
Zero Mile Freedom Park,2021-11-01,LOW,0.0,2021,11,0,0,0,0.0,0.0,0.0,0.0,0.0,0.0,0.0,4,0,-0.5,0.866025,0,0.0,1.0,0,0.0,0.0,0.0,0.0,0.0,0.0,0.0,0.0,0.0,39
Zero Mile Freedom Park,2021-12-01,LOW,0.0,2021,12,0,0,0,0.0,0.0,0.0,0.0,0.0,0.0,0.0,4,0,-0.0,1.0,2,0.974928,-0.222521,0,0.0,0.0,0.0,0.0,0.0,0.0,0.0,0.0,0.0,39
Zero Mile Freedom Park,2022-01-01,LOW,0.0,2022,1,0,0,0,0.0,0.0,0.0,0.0,0.0,0.0,0.0,1,1,0.5,0.866025,5,-0.974928,-0.222521,1,0.0,0.0,0.0,0.0,0.0,0.0,0.0,0.0,0.0,39
Zero Mile Freedom Park,2022-02-01,LOW,0.0,2022,2,0,0,0,0.0,0.0,0.0,0.0,0.0,0.0,0.0,1,0,0.866025,0.5,1,0.781831,0.62349,0,0.0,0.0,0.0,0.0,0.0,0.0,0.0,0.0,0.0,39
Zero Mile Freedom Park,2022-03-01,LOW,0.0,2022,3,0,0,0,0.0,0.0,0.0,0.0,0.0,0.0,0.0,1,0,1.0,0.0,1,0.781831,0.62349,0,0.0,0.0,0.0,0.0,0.0,0.0,0.0,0.0,0.0,39
Zero Mile Freedom Park,2022-04-01,LOW,0.0,2022,4,0,0,0,0.0,0.0,0.0,0.0,0.0,0.0,0.0,2,0,0.866025,-0.5,4,-0.433884,-0.900969,0,0.0,0.0,0.0,0.0,0.0,0.0,0.0,0.0,0.0,39
Zero Mile Freedom Park,2022-05-01,LOW,0.0,2022,5,0,0,0,0.0,0.0,0.0,0.0,0.0,0.0,0.0,2,0,0.5,-0.866025,6,-0.781831,0.62349,1,0.0,0.0,0.0,0.0,0.0,0.0,0.0,0.0,0.0,39
Zero Mile Freedom Park,2022-06-01,LOW,0.0,2022,6,0,0,0,0.0,0.0,0.0,0.0,0.0,0.0,0.0,2,0,0.0,-1.0,2,0.974928,-0.222521,0,0.0,0.0,0.0,0.0,0.0,0.0,0.0,0.0,0.0,39
Zero Mile Freedom Park,2022-07-01,LOW,0.0,2022,7,0,0,0,0.0,0.0,0.0,0.0,0.0,0.0,0.0,3,0,-0.5,-0.866025,4,-0.433884,-0.900969,0,0.0,0.0,0.0,0.0,0.0,0.0,0.0,0.0,0.0,39
Zero Mile Freedom Park,2022-08-01,LOW,0.0,2022,8,0,0,0,0.0,0.0,0.0,0.0,0.0,0.0,0.0,3,0,-0.866025,-0.5,0,0.0,1.0,0,0.0,0.0,0.0,0.0,0.0,0.0,0.0,0.0,0.0,39
Zero Mile Freedom Park,2022-09-01,LOW,0.0,2022,9,0,0,0,0.0,0.0,0.0,0.0,0.0,0.0,0.0,3,0,-1.0,-0.0,3,0.433884,-0.900969,0,0.0,0.0,0.0,0.0,0.0,0.0,0.0,0.0,0.0,39
Zero Mile Freedom Park,2022-10-01,LOW,0.0,2022,10,0,0,0,0.0,0.0,0.0,0.0,0.0,0.0,0.0,4,0,-0.866025,0.5,5,-0.974928,-0.222521,1,0.0,0.0,0.0,0.0,0.0,0.0,0.0,0.0,0.0,39
Zero Mile Freedom Park,2022-11-01,LOW,0.0,2022,11,0,0,0,0.0,0.0,0.0,0.0,0.0,0.0,0.0,4,0,-0.5,0.866025,1,0.781831,0.62349,0,0.0,0.0,0.0,0.0,0.0,0.0,0.0,0.0,0.0,39
Zero Mile Freedom Park,2022-12-01,LOW,0.0,2022,12,0,0,0,0.0,0.0,0.0,0.0,0.0,0.0,0.0,4,0,-0.0,1.0,3,0.433884,-0.900969,0,0.0,0.0,0.0,0.0,0.0,0.0,0.0,0.0,0.0,39
Zero Mile Freedom Park,2023-01-01,LOW,0.0,2023,1,0,0,0,0.0,0.0,0.0,0.0,0.0,0.0,0.0,1,1,0.5,0.866025,6,-0.781831,0.62349,1,0.0,0.0,0.0,0.0,0.0,0.0,0.0,0.0,0.0,39
Zero Mile Freedom Park,2023-02-01,LOW,0.0,2023,2,0,0,0,0.0,0.0,0.0,0.0,0.0,0.0,0.0,1,0,0.866025,0.5,2,0.974928,-0.222521,0,0.0,0.0,0.0,0.0,0.0,0.0,0.0,0.0,0.0,39
Zero Mile Freedom Park,2023-03-01,LOW,0.0,2023,3,0,0,0,0.0,0.0,0.0,0.0,0.0,0.0,0.0,1,0,1.0,0.0,2,0.974928,-0.222521,0,0.0,0.0,0.0,0.0,0.0,0.0,0.0,0.0,0.0,39
Zero Mile Freedom Park,2023-04-01,LOW,0.0,2023,4,0,0,0,0.0,0.0,0.0,0.0,0.0,0.0,0.0,2,0,0.866025,-0.5,5,-0.974928,-0.222521,1,0.0,0.0,0.0,0.0,0.0,0.0,0.0,0.0,0.0,39
Zero Mile Freedom Park,2023-05-01,LOW,0.0,2023,5,0,0,0,0.0,0.0,0.0,0.0,0.0,0.0,0.0,2,0,0.5,-0.866025,0,0.0,1.0,0,0.0,0.0,0.0,0.0,0.0,0.0,0.0,0.0,0.0,39
Zero Mile Freedom Park,2023-06-01,LOW,0.0,2023,6,0,0,0,0.0,0.0,0.0,0.0,0.0,0.0,0.0,2,0,0.0,-1.0,3,0.433884,-0.900969,0,0.0,0.0,0.0,0.0,0.0,0.0,0.0,0.0,0.0,39
Zero Mile Freedom Park,2023-07-01,LOW,0.0,2023,7,0,0,0,0.0,0.0,0.0,0.0,0.0,0.0,0.0,3,0,-0.5,-0.866025,5,-0.974928,-0.222521,1,0.0,0.0,0.0,0.0,0.0,0.0,0.0,0.0,0.0,39
Zero Mile Freedom Park,2023-08-01,LOW,0.0,2023,8,0,0,0,0.0,0.0,0.0,0.0,0.0,0.0,0.0,3,0,-0.866025,-0.5,1,0.781831,0.62349,0,0.0,0.0,0.0,0.0,0.0,0.0,0.0,0.0,0.0,39
Zero Mile Freedom Park,2023-09-01,LOW,0.0,2023,9,0,0,0,0.0,0.0,0.0,0.0,0.0,0.0,0.0,3,0,-1.0,-0.0,4,-0.433884,-0.900969,0,0.0,0.0,0.0,0.0,0.0,0.0,0.0,0.0,0.0,39
Zero Mile Freedom Park,2023-10-01,LOW,0.0,2023,10,0,0,0,0.0,0.0,0.0,0.0,0.0,0.0,0.0,4,0,-0.866025,0.5,6,-0.781831,0.62349,1,0.0,0.0,0.0,0.0,0.0,0.0,0.0,0.0,0.0,39
Zero Mile Freedom Park,2023-11-01,LOW,0.0,2023,11,0,0,0,0.0,0.0,0.0,0.0,0.0,0.0,0.0,4,0,-0.5,0.866025,2,0.974928,-0.222521,0,0.0,0.0,0.0,0.0,0.0,0.0,0.0,0.0,0.0,39
Zero Mile Freedom Park,2023-12-01,LOW,0.0,2023,12,0,0,0,0.0,0.0,0.0,0.0,0.0,0.0,0.0,4,0,-0.0,1.0,4,-0.433884,-0.900969,0,0.0,0.0,0.0,0.0,0.0,0.0,0.0,0.0,0.0,39
