accidentid,date,year,time,junction,severity,primaryvehicletype,probablecause,weathercondition,injuredcount,fatalitycount,vehiclesinvolved,policecaseregistered,data_source,is_simulated
NGP-00001,2020-01-01,2020,13:27,Jhansi Rani Square,Severe,Car,Poor Visibility (Fog/Rain),Clear,3,0,1,No,SIMULATED,True
NGP-00002,2020-01-04,2020,17:14,Mate Chowk,Minor,Bicycle,Overspeeding,Foggy,0,0,1,Yes,SIMULATED,True
NGP-00003,2020-01-07,2020,11:06,Vaishnodevi Chowk,Minor,Bicycle,Brake Failure,Hot/Humid,1,0,4,Yes,SIMULATED,True
NGP-00004,2020-01-15,2020,10:42,Gaddi Godam Chowk,Severe,Truck,Poor Visibility (Fog/Rain),Clear,5,0,4,Yes,SIMULATED,True
NGP-00005,2020-01-15,2020,17:11,Jhansi Rani Square,Minor,Bus,Distracted Driving,Rainy,0,0,3,Yes,SIMULATED,True
NGP-00006,2020-01-16,2020,15:53,Indora Chowk,Severe,Bicycle,Drunk Driving,Clear,3,0,1,Yes,SIMULATED,True
NGP-00007,2020-01-17,2020,18:32,Mate Chowk,Minor,Motorcycle,Signal Jumping,Overcast,1,0,2,No,SIMULATED,True
NGP-00008,2020-01-20,2020,15:27,Jhansi Rani Square,Minor,Motorcycle,Pedestrian Crossing Violation,Clear,0,0,3,Yes,SIMULATED,True
NGP-00009,2020-01-21,2020,08:43,Chhatrapati Square,Minor,Auto-Rickshaw,Drunk Driving,Clear,1,0,2,Yes,SIMULATED,True
NGP-00010,2020-01-23,2020,09:07,Sitabuldi Chowk,Minor,Car,Lane Violation,Clear,1,0,4,Yes,SIMULATED,True
NGP-00011,2020-01-28,2020,19:23,Kachipura Square,Minor,Auto-Rickshaw,Lane Violation,Clear,0,0,4,No,SIMULATED,True
NGP-00012,2020-01-29,2020,10:51,Medical Chowk,Minor,Truck,Overspeeding,Overcast,0,0,3,Yes,SIMULATED,True
NGP-00013,2020-02-01,2020,19:24,Lokmat Square,Moderate,Car,Pothole/Road Defect,Clear,1,0,1,Yes,SIMULATED,True
NGP-00014,2020-02-05,2020,14:42,Katol Road Chowk,Severe,Auto-Rickshaw,Wrong-side Driving,Foggy,3,0,4,Yes,SIMULATED,True
NGP-00016,2020-02-07,2020,15:16,Pratap Nagar Chowk,Minor,Pedestrian-involved,Lane Violation,Hot/Humid,0,0,2,Yes,SIMULATED,True
NGP-00015,2020-02-07,2020,20:39,Pratap Nagar Chowk,Severe,Car,Brake Failure,Clear,2,0,1,Yes,SIMULATED,True
NGP-00017,2020-02-08,2020,06:54,Indora Chowk,Fatal,Motorcycle,Distracted Driving,Clear,2,1,1,No,SIMULATED,True
NGP-00018,2020-02-08,2020,17:06,Kamptee Chowk,Minor,Motorcycle,Lane Violation,Clear,1,0,1,Yes,SIMULATED,True
NGP-00019,2020-02-09,2020,21:17,Lokmat Square,Minor,Car,Drunk Driving,Clear,1,0,3,Yes,SIMULATED,True
NGP-00020,2020-02-10,2020,07:56,Sitabuldi Chowk,Minor,Motorcycle,Pedestrian Crossing Violation,Clear,1,0,3,Yes,SIMULATED,True
NGP-00021,2020-02-13,2020,05:35,Laxmi Nagar Square,Moderate,Motorcycle,Signal Jumping,Clear,1,0,4,Yes,SIMULATED,True
NGP-00022,2020-02-17,2020,19:25,Kasturchand Park Square,Minor,Car,Drunk Driving,Rainy,1,0,2,Yes,SIMULATED,True
NGP-00023,2020-02-19,2020,06:38,Sitabuldi Chowk,Severe,Auto-Rickshaw,Poor Visibility (Fog/Rain),Hot/Humid,4,0,3,Yes,SIMULATED,True
NGP-00024,2020-02-21,2020,17:14,Automotive Square,Minor,Bus,Distracted Driving,Clear,0,0,3,Yes,SIMULATED,True
NGP-00025,2020-02-24,2020,18:38,Ajni Chowk,Fatal,Car,Distracted Driving,Clear,2,2,2,No,SIMULATED,True
NGP-00026,2020-02-25,2020,10:12,Pardi Chowk,Moderate,Pedestrian-involved,Drunk Driving,Clear,1,0,4,Yes,SIMULATED,True
NGP-00027,2020-02-26,2020,07:50,Medical Chowk,Minor,Bicycle,Wrong-side Driving,Clear,0,0,4,Yes,SIMULATED,True
NGP-00028,2020-02-28,2020,21:31,Laxmi Nagar Square,Minor,Pedestrian-involved,Pothole/Road Defect,Hot/Humid,0,0,1,Yes,SIMULATED,True
NGP-00029,2020-02-29,2020,21:29,LAD Square,Fatal,Car,Lane Violation,Rainy,4,1,4,Yes,SIMULATED,True
NGP-00030,2020-03-02,2020,11:21,Katol Road Chowk,Fatal,Bicycle,Signal Jumping,Clear,2,1,1,Yes,SIMULATED,True
NGP-00031,2020-03-10,2020,17:03,Kadbi Chowk,Moderate,Bus,Wrong-side Driving,Rainy,2,0,3,Yes,SIMULATED,True
NGP-00032,2020-03-12,2020,12:29,Kamptee Chowk,Fatal,Truck,Distracted Driving,Rainy,4,1,2,Yes,SIMULATED,True
NGP-00033,2020-03-14,2020,17:15,Medical Chowk,Severe,Car,Wrong-side Driving,Clear,4,0,3,Yes,SIMULATED,True
NGP-00035,2020-03-16,2020,08:49,LIC Chowk,Minor,Motorcycle,Signal Jumping,Clear,0,0,4,Yes,SIMULATED,True
NGP-00034,2020-03-16,2020,17:15,LIC Chowk,Minor,Car,Overspeeding,Rainy,0,0,4,Yes,SIMULATED,True
NGP-00036,2020-03-19,2020,16:34,Manakpur Chowk,Minor,Motorcycle,Wrong-side Driving,Overcast,1,0,1,Yes,SIMULATED,True
NGP-00037,2020-03-21,2020,06:45,Ajni Chowk,Minor,Bicycle,Lane Violation,Clear,1,0,3,Yes,SIMULATED,True
NGP-00040,2020-03-21,2020,09:28,Shraddhanand Peth Square,Minor,Car,Pothole/Road Defect,Clear,0,0,4,Yes,SIMULATED,True
NGP-00039,2020-03-21,2020,17:35,Shraddhanand Peth Square,Moderate,Car,Wrong-side Driving,Clear,1,0,1,Yes,SIMULATED,True
NGP-00038,2020-03-21,2020,19:46,Cotton Market Chowk,Minor,Motorcycle,Overspeeding,Hot/Humid,1,0,3,Yes,SIMULATED,True
NGP-00041,2020-03-22,2020,10:17,Sitabuldi Chowk,Severe,Motorcycle,Poor Visibility (Fog/Rain),Rainy,5,0,2,Yes,SIMULATED,True
NGP-00042,2020-03-23,2020,00:44,LAD Square,Moderate,Truck,Pothole/Road Defect,Clear,2,0,4,Yes,SIMULATED,True
NGP-00045,2020-03-24,2020,07:01,Variety Square,Minor,Truck,Pothole/Road Defect,Hot/Humid,0,0,2,Yes,SIMULATED,True
NGP-00044,2020-03-24,2020,10:13,Medical Chowk,Minor,Motorcycle,Poor Visibility (Fog/Rain),Rainy,1,0,3,Yes,SIMULATED,True
NGP-00043,2020-03-24,2020,20:37,Indora Chowk,Minor,Car,Signal Jumping,Clear,1,0,1,Yes,SIMULATED,True
NGP-00046,2020-03-25,2020,18:39,Gaddi Godam Chowk,Moderate,Motorcycle,Wrong-side Driving,Rainy,2,0,1,No,SIMULATED,True
NGP-00047,2020-03-26,2020,19:30,Hingna Chowk,Minor,Motorcycle,Brake Failure,Clear,1,0,2,Yes,SIMULATED,True
NGP-00048,2020-04-01,2020,17:45,Automotive Square,Minor,Truck,Overspeeding,Foggy,1,0,2,Yes,SIMULATED,True
NGP-00049,2020-04-03,2020,15:22,Bardi Chowk,Minor,Motorcycle,Drunk Driving,Clear,1,0,3,Yes,SIMULATED,True
NGP-00050,2020-04-04,2020,02:55,Laxmi Nagar Square,Minor,Auto-Rickshaw,Distracted Driving,Overcast,0,0,4,Yes,SIMULATED,True
NGP-00051,2020-04-05,2020,19:04,Pratap Nagar Chowk,Minor,Auto-Rickshaw,Pedestrian Crossing Violation,Rainy,0,0,2,Yes,SIMULATED,True
NGP-00052,2020-04-16,2020,19:42,Shraddhanand Peth Square,Minor,Car,Distracted Driving,Rainy,0,0,1,No,SIMULATED,True
NGP-00053,2020-04-17,2020,17:38,Manish Nagar-Besa Junction,Minor,Motorcycle,Pedestrian Crossing Violation,Overcast,1,0,3,Yes,SIMULATED,True
NGP-00055,2020-04-18,2020,07:56,Medical Chowk,Minor,Car,Pothole/Road Defect,Clear,1,0,4,Yes,SIMULATED,True
NGP-00054,2020-04-18,2020,21:45,Katol Road Chowk,Moderate,Motorcycle,Drunk Driving,Hot/Humid,3,0,3,No,SIMULATED,True
NGP-00056,2020-04-20,2020,18:05,Sitabuldi Chowk,Minor,Motorcycle,Signal Jumping,Hot/Humid,1,0,4,No,SIMULATED,True
NGP-00057,2020-04-21,2020,13:38,Itwari,Minor,Motorcycle,Lane Violation,Clear,0,0,1,Yes,SIMULATED,True
NGP-00058,2020-04-21,2020,21:47,Manewada Chowk,Moderate,Motorcycle,Pedestrian Crossing Violation,Rainy,1,0,1,Yes,SIMULATED,True
NGP-00059,2020-04-22,2020,14:29,LIC Chowk,Minor,Bicycle,Lane Violation,Clear,0,0,1,Yes,SIMULATED,True
NGP-00060,2020-04-26,2020,07:42,Variety Square,Severe,Motorcycle,Overspeeding,Clear,3,0,2,No,SIMULATED,True
NGP-00061,2020-04-27,2020,08:37,Abhyankar Nagar Square,Moderate,Car,Pedestrian Crossing Violation,Clear,3,0,1,Yes,SIMULATED,True
NGP-00062,2020-04-28,2020,17:20,Airport T-Point,Minor,Motorcycle,Drunk Driving,Clear,0,0,1,Yes,SIMULATED,True
NGP-00063,2020-05-03,2020,14:35,Kasturchand Park Square,Minor,Truck,Brake Failure,Hot/Humid,1,0,2,Yes,SIMULATED,True
NGP-00064,2020-05-04,2020,08:39,Bardi Chowk,Severe,Motorcycle,Pedestrian Crossing Violation,Clear,5,0,4,Yes,SIMULATED,True
NGP-00065,2020-05-05,2020,08:43,Itwari,Fatal,Truck,Signal Jumping,Clear,2,1,1,Yes,SIMULATED,True
NGP-00066,2020-05-08,2020,15:40,Chhatrapati Square,Minor,Auto-Rickshaw,Signal Jumping,Foggy,0,0,4,No,SIMULATED,True
NGP-00067,2020-05-09,2020,17:01,Golibar Chowk,Severe,Pedestrian-involved,Brake Failure,Rainy,2,0,1,No,SIMULATED,True
NGP-00068,2020-05-13,2020,17:15,Pratap Nagar Chowk,Severe,Bicycle,Poor Visibility (Fog/Rain),Clear,3,0,3,Yes,SIMULATED,True
NGP-00069,2020-05-15,2020,08:42,Ajit Bakery Square,Moderate,Auto-Rickshaw,Pedestrian Crossing Violation,Clear,3,0,2,Yes,SIMULATED,True
NGP-00070,2020-05-16,2020,23:10,Ajit Bakery Square,Fatal,Bicycle,Overspeeding,Hot/Humid,2,1,3,Yes,SIMULATED,True
NGP-00071,2020-05-18,2020,08:14,Medical Chowk,Moderate,Bicycle,Lane Violation,Overcast,3,0,3,No,SIMULATED,True
NGP-00072,2020-05-20,2020,20:35,Automotive Square,Moderate,Car,Overspeeding,Clear,1,0,3,Yes,SIMULATED,True
NGP-00073,2020-05-21,2020,08:21,Chhatrapati Square,Minor,Motorcycle,Overspeeding,Overcast,0,0,2,No,SIMULATED,True
NGP-00075,2020-05-22,2020,18:25,Variety Square,Minor,Auto-Rickshaw,Lane Violation,Clear,1,0,3,Yes,SIMULATED,True
NGP-00074,2020-05-22,2020,18:34,Mate Chowk,Severe,Car,Drunk Driving,Clear,5,0,2,Yes,SIMULATED,True
NGP-00076,2020-05-25,2020,10:52,LIC Chowk,Minor,Car,Signal Jumping,Clear,1,0,2,Yes,SIMULATED,True
NGP-00078,2020-05-27,2020,09:52,LAD Square,Moderate,Pedestrian-involved,Pothole/Road Defect,Rainy,3,0,1,Yes,SIMULATED,True
NGP-00077,2020-05-27,2020,18:07,Kachipura Square,Minor,Car,Brake Failure,Clear,1,0,1,Yes,SIMULATED,True
NGP-00079,2020-05-28,2020,19:55,RBI Chowk,Minor,Car,Drunk Driving,Clear,0,0,1,Yes,SIMULATED,True
NGP-00080,2020-05-29,2020,17:45,Shankar Nagar Square,Fatal,Car,Distracted Driving,Clear,1,1,3,Yes,SIMULATED,True
NGP-00081,2020-06-01,2020,21:34,Gaddi Godam Chowk,Severe,Auto-Rickshaw,Pothole/Road Defect,Clear,5,0,2,Yes,SIMULATED,True
NGP-00082,2020-06-02,2020,13:20,Sakkardara Square,Minor,Car,Pothole/Road Defect,Overcast,1,0,4,Yes,SIMULATED,True
NGP-00083,2020-06-05,2020,19:35,Kasturchand Park Square,Minor,Motorcycle,Brake Failure,Overcast,1,0,3,Yes,SIMULATED,True
NGP-00084,2020-06-08,2020,16:25,Indora Chowk,Moderate,Auto-Rickshaw,Pothole/Road Defect,Clear,3,0,2,Yes,SIMULATED,True
NGP-00085,2020-06-09,2020,14:32,Jhansi Rani Square,Minor,Bicycle,Pedestrian Crossing Violation,Clear,1,0,1,Yes,SIMULATED,True
NGP-00086,2020-06-09,2020,17:37,Pratap Nagar Chowk,Minor,Motorcycle,Overspeeding,Clear,0,0,4,Yes,SIMULATED,True
NGP-00087,2020-06-12,2020,21:14,Lokmat Square,Fatal,Motorcycle,Wrong-side Driving,Foggy,1,1,4,Yes,SIMULATED,True
NGP-00088,2020-06-14,2020,11:01,Abhyankar Nagar Square,Moderate,Motorcycle,Distracted Driving,Clear,3,0,1,Yes,SIMULATED,True
NGP-00089,2020-06-14,2020,17:17,Vaishnodevi Chowk,Minor,Motorcycle,Signal Jumping,Clear,0,0,4,Yes,SIMULATED,True
NGP-00090,2020-06-19,2020,19:17,Variety Square,Minor,Pedestrian-involved,Drunk Driving,Overcast,1,0,2,Yes,SIMULATED,True
NGP-00092,2020-06-21,2020,07:48,Kadbi Chowk,Minor,Car,Distracted Driving,Hot/Humid,1,0,4,Yes,SIMULATED,True
NGP-00091,2020-06-21,2020,20:54,Bardi Chowk,Minor,Auto-Rickshaw,Brake Failure,Clear,0,0,3,Yes,SIMULATED,True
NGP-00093,2020-06-23,2020,12:44,Bardi Chowk,Moderate,Car,Pedestrian Crossing Violation,Rainy,2,0,3,Yes,SIMULATED,True
NGP-00094,2020-06-24,2020,04:32,Chhatrapati Square,Minor,Motorcycle,Distracted Driving,Clear,0,0,4,Yes,SIMULATED,True
NGP-00095,2020-06-27,2020,04:23,Ajni Chowk,Moderate,Motorcycle,Drunk Driving,Clear,1,0,3,Yes,SIMULATED,True
NGP-00096,2020-06-28,2020,16:49,Golibar Chowk,Moderate,Motorcycle,Signal Jumping,Rainy,1,0,1,Yes,SIMULATED,True
NGP-00097,2020-06-30,2020,08:29,Pardi Chowk,Minor,Car,Pothole/Road Defect,Foggy,1,0,1,Yes,SIMULATED,True
NGP-00099,2020-07-04,2020,07:45,Vaishnodevi Chowk,Moderate,Car,Brake Failure,Clear,3,0,2,Yes,SIMULATED,True
NGP-00098,2020-07-04,2020,17:03,Manakpur Chowk,Moderate,Auto-Rickshaw,Drunk Driving,Clear,2,0,2,Yes,SIMULATED,True
NGP-00101,2020-07-13,2020,10:40,RBI Chowk,Minor,Motorcycle,Brake Failure,Clear,1,0,3,Yes,SIMULATED,True
NGP-00100,2020-07-13,2020,20:29,Kadbi Chowk,Minor,Car,Drunk Driving,Clear,1,0,3,Yes,SIMULATED,True
NGP-00102,2020-07-16,2020,21:02,Jhansi Rani Square,Minor,Auto-Rickshaw,Distracted Driving,Overcast,0,0,4,Yes,SIMULATED,True
NGP-00103,2020-07-18,2020,16:18,Hingna Chowk,Minor,Car,Brake Failure,Rainy,1,0,4,Yes,SIMULATED,True
NGP-00104,2020-07-20,2020,19:41,Gaddi Godam Chowk,Minor,Truck,Signal Jumping,Clear,0,0,4,Yes,SIMULATED,True
NGP-00105,2020-07-21,2020,19:29,Pratap Nagar Chowk,Minor,Bicycle,Distracted Driving,Clear,0,0,3,Yes,SIMULATED,True
NGP-00106,2020-07-23,2020,12:57,Katol Road Chowk,Minor,Motorcycle,Brake Failure,Hot/Humid,1,0,4,No,SIMULATED,True
NGP-00107,2020-07-23,2020,16:55,Variety Square,Moderate,Motorcycle,Distracted Driving,Rainy,2,0,1,Yes,SIMULATED,True
NGP-00108,2020-07-24,2020,13:24,Hingna Chowk,Minor,Motorcycle,Wrong-side Driving,Clear,0,0,1,Yes,SIMULATED,True
NGP-00109,2020-07-24,2020,19:13,Medical Chowk,Minor,Car,Signal Jumping,Overcast,1,0,3,Yes,SIMULATED,True
NGP-00110,2020-07-25,2020,17:15,Pratap Nagar Chowk,Moderate,Motorcycle,Pedestrian Crossing Violation,Clear,1,0,1,Yes,SIMULATED,True
NGP-00111,2020-07-26,2020,19:19,Manish Nagar-Besa Junction,Moderate,Auto-Rickshaw,Overspeeding,Clear,3,0,3,No,SIMULATED,True
NGP-00112,2020-07-27,2020,07:29,Lokmat Square,Moderate,Motorcycle,Lane Violation,Clear,2,0,4,Yes,SIMULATED,True
NGP-00113,2020-07-27,2020,18:06,Pardi Chowk,Moderate,Motorcycle,Signal Jumping,Clear,1,0,4,Yes,SIMULATED,True
NGP-00114,2020-07-28,2020,17:42,LAD Square,Moderate,Motorcycle,Poor Visibility (Fog/Rain),Clear,2,0,1,Yes,SIMULATED,True
NGP-00115,2020-08-03,2020,13:39,Sakkardara Square,Minor,Motorcycle,Wrong-side Driving,Clear,1,0,3,Yes,SIMULATED,True
NGP-00116,2020-08-05,2020,10:14,Ajit Bakery Square,Minor,Motorcycle,Lane Violation,Foggy,0,0,2,Yes,SIMULATED,True
NGP-00117,2020-08-05,2020,20:21,Kasturchand Park Square,Moderate,Auto-Rickshaw,Lane Violation,Clear,3,0,3,Yes,SIMULATED,True
NGP-00118,2020-08-08,2020,21:19,Chhatrapati Square,Severe,Motorcycle,Overspeeding,Clear,3,0,3,No,SIMULATED,True
NGP-00119,2020-08-10,2020,08:41,Vaishnodevi Chowk,Moderate,Motorcycle,Lane Violation,Clear,1,0,3,Yes,SIMULATED,True
NGP-00120,2020-08-12,2020,18:02,Abhyankar Nagar Square,Severe,Pedestrian-involved,Pedestrian Crossing Violation,Overcast,2,0,4,Yes,SIMULATED,True
NGP-00121,2020-08-14,2020,19:27,Shraddhanand Peth Square,Minor,Bicycle,Pedestrian Crossing Violation,Clear,1,0,3,Yes,SIMULATED,True
NGP-00122,2020-08-17,2020,14:51,Sitabuldi Chowk,Moderate,Car,Distracted Driving,Clear,3,0,1,Yes,SIMULATED,True
NGP-00123,2020-08-18,2020,23:53,Lokmat Square,Minor,Motorcycle,Drunk Driving,Clear,1,0,3,Yes,SIMULATED,True
NGP-00124,2020-08-20,2020,18:16,LAD Square,Minor,Truck,Poor Visibility (Fog/Rain),Clear,0,0,3,Yes,SIMULATED,True
NGP-00125,2020-08-24,2020,21:31,Kachipura Square,Moderate,Auto-Rickshaw,Wrong-side Driving,Clear,1,0,3,Yes,SIMULATED,True
NGP-00126,2020-08-25,2020,16:39,Lokmat Square,Minor,Motorcycle,Brake Failure,Clear,1,0,4,Yes,SIMULATED,True
NGP-00127,2020-08-26,2020,16:43,Manish Nagar-Besa Junction,Minor,Car,Brake Failure,Clear,1,0,2,Yes,SIMULATED,True
NGP-00128,2020-08-28,2020,16:11,Alankar Square,Minor,Bicycle,Distracted Driving,Foggy,1,0,4,Yes,SIMULATED,True
NGP-00129,2020-08-28,2020,18:22,Variety Square,Fatal,Pedestrian-involved,Brake Failure,Rainy,2,1,3,No,SIMULATED,True
NGP-00130,2020-09-04,2020,18:48,Automotive Square,Minor,Auto-Rickshaw,Pedestrian Crossing Violation,Clear,1,0,3,Yes,SIMULATED,True
NGP-00131,2020-09-06,2020,16:27,Gaddi Godam Chowk,Minor,Motorcycle,Distracted Driving,Foggy,0,0,4,Yes,SIMULATED,True
NGP-00132,2020-09-13,2020,10:58,Manakpur Chowk,Severe,Bicycle,Lane Violation,Rainy,3,0,1,Yes,SIMULATED,True
NGP-00133,2020-09-14,2020,18:32,Pratap Nagar Chowk,Minor,Truck,Overspeeding,Clear,0,0,1,Yes,SIMULATED,True
NGP-00134,2020-09-17,2020,14:48,Medical Chowk,Minor,Motorcycle,Signal Jumping,Rainy,1,0,1,Yes,SIMULATED,True
NGP-00135,2020-09-18,2020,09:42,LIC Chowk,Minor,Car,Wrong-side Driving,Clear,1,0,1,Yes,SIMULATED,True
NGP-00136,2020-09-23,2020,18:17,Lokmat Square,Moderate,Motorcycle,Drunk Driving,Rainy,2,0,4,Yes,SIMULATED,True
NGP-00137,2020-09-27,2020,03:55,Cotton Market Chowk,Severe,Car,Lane Violation,Clear,4,0,1,Yes,SIMULATED,True
NGP-00138,2020-09-30,2020,21:29,Medical Chowk,Minor,Motorcycle,Wrong-side Driving,Clear,0,0,4,Yes,SIMULATED,True
NGP-00139,2020-10-01,2020,21:12,Airport T-Point,Moderate,Car,Wrong-side Driving,Rainy,3,0,2,Yes,SIMULATED,True
NGP-00140,2020-10-06,2020,16:37,Chhatrapati Square,Moderate,Auto-Rickshaw,Poor Visibility (Fog/Rain),Clear,1,0,2,Yes,SIMULATED,True
NGP-00141,2020-10-07,2020,14:47,Lokmat Square,Moderate,Motorcycle,Wrong-side Driving,Clear,2,0,4,Yes,SIMULATED,True
NGP-00142,2020-10-08,2020,09:33,Katol Road Chowk,Minor,Motorcycle,Distracted Driving,Rainy,0,0,4,Yes,SIMULATED,True
NGP-00144,2020-10-09,2020,08:14,Kachipura Square,Minor,Truck,Signal Jumping,Rainy,1,0,1,Yes,SIMULATED,True
NGP-00143,2020-10-09,2020,22:04,Chhatrapati Square,Fatal,Motorcycle,Signal Jumping,Rainy,4,1,2,Yes,SIMULATED,True
NGP-00145,2020-10-11,2020,16:12,Kasturchand Park Square,Minor,Motorcycle,Lane Violation,Clear,0,0,1,Yes,SIMULATED,True
NGP-00146,2020-10-12,2020,10:29,Lokmat Square,Minor,Truck,Signal Jumping,Clear,0,0,2,Yes,SIMULATED,True
NGP-00147,2020-10-14,2020,03:26,Itwari,Minor,Car,Lane Violation,Rainy,0,0,2,Yes,SIMULATED,True
NGP-00148,2020-10-16,2020,08:34,Mental Hospital Chowk,Moderate,Motorcycle,Poor Visibility (Fog/Rain),Overcast,1,0,4,Yes,SIMULATED,True
NGP-00149,2020-10-17,2020,22:46,Katol Road Chowk,Minor,Motorcycle,Signal Jumping,Clear,0,0,4,Yes,SIMULATED,True
NGP-00150,2020-10-18,2020,10:47,Shraddhanand Peth Square,Severe,Truck,Pedestrian Crossing Violation,Hot/Humid,2,0,1,Yes,SIMULATED,True
NGP-00151,2020-10-19,2020,15:15,Pardi Chowk,Moderate,Motorcycle,Brake Failure,Clear,3,0,4,Yes,SIMULATED,True
NGP-00152,2020-10-20,2020,17:28,Laxmi Nagar Square,Fatal,Pedestrian-involved,Brake Failure,Clear,3,2,3,No,SIMULATED,True
NGP-00153,2020-10-21,2020,13:00,Lokmat Square,Moderate,Car,Brake Failure,Clear,2,0,3,Yes,SIMULATED,True
NGP-00155,2020-10-22,2020,17:02,RBI Chowk,Minor,Truck,Signal Jumping,Rainy,0,0,2,Yes,SIMULATED,True
NGP-00154,2020-10-22,2020,19:09,Laxmi Nagar Square,Severe,Truck,Wrong-side Driving,Clear,2,0,3,Yes,SIMULATED,True
NGP-00156,2020-10-26,2020,14:14,Medical Chowk,Fatal,Pedestrian-involved,Poor Visibility (Fog/Rain),Clear,4,2,2,Yes,SIMULATED,True
NGP-00157,2020-10-28,2020,23:37,Mate Chowk,Moderate,Motorcycle,Drunk Driving,Rainy,3,0,2,Yes,SIMULATED,True
NGP-00158,2020-10-29,2020,09:01,Itwari,Minor,Car,Overspeeding,Clear,1,0,1,Yes,SIMULATED,True
NGP-00159,2020-10-31,2020,07:07,Ajit Bakery Square,Minor,Bus,Brake Failure,Rainy,1,0,4,Yes,SIMULATED,True
NGP-00160,2020-11-01,2020,14:24,Cotton Market Chowk,Minor,Auto-Rickshaw,Pothole/Road Defect,Rainy,0,0,4,Yes,SIMULATED,True
NGP-00161,2020-11-02,2020,07:01,Manakpur Chowk,Minor,Auto-Rickshaw,Brake Failure,Clear,1,0,1,Yes,SIMULATED,True
NGP-00162,2020-11-06,2020,10:24,Laxmi Nagar Square,Minor,Bus,Lane Violation,Clear,0,0,4,Yes,SIMULATED,True
NGP-00163,2020-11-08,2020,16:26,LIC Chowk,Minor,Motorcycle,Brake Failure,Clear,0,0,2,Yes,SIMULATED,True
NGP-00164,2020-11-09,2020,06:00,Ajni Chowk,Moderate,Auto-Rickshaw,Lane Violation,Clear,3,0,3,Yes,SIMULATED,True
NGP-00165,2020-11-11,2020,08:27,Vaishnodevi Chowk,Minor,Motorcycle,Brake Failure,Foggy,1,0,3,Yes,SIMULATED,True
NGP-00167,2020-11-13,2020,18:36,Pratap Nagar Chowk,Fatal,Car,Pedestrian Crossing Violation,Clear,1,2,3,Yes,SIMULATED,True
NGP-00166,2020-11-13,2020,20:59,Dighori Chowk,Moderate,Auto-Rickshaw,Wrong-side Driving,Clear,3,0,2,Yes,SIMULATED,True
NGP-00168,2020-11-14,2020,00:08,Indora Chowk,Minor,Car,Drunk Driving,Overcast,0,0,4,Yes,SIMULATED,True
NGP-00169,2020-11-16,2020,18:17,Kachipura Square,Fatal,Bus,Drunk Driving,Clear,4,1,2,Yes,SIMULATED,True
NGP-00170,2020-11-16,2020,18:38,Manakpur Chowk,Moderate,Bicycle,Lane Violation,Overcast,2,0,2,Yes,SIMULATED,True
NGP-00171,2020-11-18,2020,12:19,Kachipura Square,Minor,Motorcycle,Wrong-side Driving,Hot/Humid,0,0,1,Yes,SIMULATED,True
NGP-00172,2020-11-21,2020,17:30,Alankar Square,Severe,Bus,Signal Jumping,Overcast,5,0,3,Yes,SIMULATED,True
NGP-00173,2020-11-22,2020,20:47,Chhatrapati Square,Minor,Pedestrian-involved,Wrong-side Driving,Clear,1,0,4,Yes,SIMULATED,True
NGP-00174,2020-11-23,2020,17:47,Itwari,Minor,Bicycle,Overspeeding,Rainy,0,0,3,Yes,SIMULATED,True
NGP-00175,2020-11-24,2020,21:18,Cotton Market Chowk,Minor,Auto-Rickshaw,Signal Jumping,Clear,1,0,4,Yes,SIMULATED,True
NGP-00176,2020-11-29,2020,15:59,Kamptee Chowk,Minor,Pedestrian-involved,Signal Jumping,Foggy,0,0,2,Yes,SIMULATED,True
NGP-00177,2020-12-04,2020,05:32,Mental Hospital Chowk,Minor,Car,Signal Jumping,Rainy,1,0,3,Yes,SIMULATED,True
NGP-00178,2020-12-05,2020,05:16,Ajni Chowk,Minor,Truck,Wrong-side Driving,Rainy,0,0,1,Yes,SIMULATED,True
NGP-00179,2020-12-06,2020,07:20,Sakkardara Square,Minor,Motorcycle,Pedestrian Crossing Violation,Clear,1,0,1,Yes,SIMULATED,True
NGP-00180,2020-12-07,2020,14:56,Dighori Chowk,Fatal,Pedestrian-involved,Lane Violation,Rainy,1,2,4,Yes,SIMULATED,True
NGP-00181,2020-12-08,2020,10:13,Indora Chowk,Minor,Car,Pedestrian Crossing Violation,Overcast,0,0,4,Yes,SIMULATED,True
NGP-00184,2020-12-10,2020,14:25,Pardi Chowk,Minor,Motorcycle,Overspeeding,Clear,0,0,3,Yes,SIMULATED,True
NGP-00182,2020-12-10,2020,17:02,Alankar Square,Moderate,Truck,Pedestrian Crossing Violation,Clear,2,0,2,Yes,SIMULATED,True
NGP-00183,2020-12-10,2020,18:51,LIC Chowk,Severe,Auto-Rickshaw,Drunk Driving,Rainy,4,0,2,Yes,SIMULATED,True
NGP-00185,2020-12-14,2020,08:43,Cotton Market Chowk,Moderate,Motorcycle,Signal Jumping,Clear,3,0,3,Yes,SIMULATED,True
NGP-00186,2020-12-18,2020,15:17,Ajit Bakery Square,Minor,Motorcycle,Pothole/Road Defect,Clear,1,0,4,Yes,SIMULATED,True
NGP-00187,2020-12-19,2020,07:28,Kasturchand Park Square,Minor,Motorcycle,Brake Failure,Overcast,1,0,1,Yes,SIMULATED,True
NGP-00188,2020-12-21,2020,19:04,Lokmat Square,Minor,Bus,Drunk Driving,Rainy,0,0,4,Yes,SIMULATED,True
NGP-00191,2020-12-22,2020,07:08,Sakkardara Square,Minor,Motorcycle,Lane Violation,Clear,1,0,2,Yes,SIMULATED,True
NGP-00190,2020-12-22,2020,08:25,LIC Chowk,Minor,Pedestrian-involved,Brake Failure,Rainy,1,0,2,Yes,SIMULATED,True
NGP-00189,2020-12-22,2020,19:12,Hingna Chowk,Minor,Auto-Rickshaw,Wrong-side Driving,Clear,1,0,3,Yes,SIMULATED,True
NGP-00192,2020-12-23,2020,13:06,Laxmi Nagar Square,Moderate,Truck,Brake Failure,Clear,1,0,1,Yes,SIMULATED,True
NGP-00193,2020-12-24,2020,13:10,Indora Chowk,Moderate,Car,Poor Visibility (Fog/Rain),Clear,2,0,1,Yes,SIMULATED,True
NGP-00195,2020-12-25,2020,07:19,Kasturchand Park Square,Minor,Car,Distracted Driving,Clear,1,0,3,Yes,SIMULATED,True
NGP-00194,2020-12-25,2020,08:43,Ajit Bakery Square,Moderate,Motorcycle,Signal Jumping,Hot/Humid,2,0,2,No,SIMULATED,True
NGP-00196,2020-12-25,2020,18:40,Medical Chowk,Severe,Motorcycle,Pedestrian Crossing Violation,Clear,2,0,2,Yes,SIMULATED,True
NGP-00197,2020-12-25,2020,19:55,Variety Square,Minor,Motorcycle,Pothole/Road Defect,Clear,0,0,1,Yes,SIMULATED,True
NGP-00198,2021-01-02,2021,07:53,Itwari,Severe,Truck,Distracted Driving,Rainy,4,0,4,Yes,SIMULATED,True
NGP-00199,2021-01-08,2021,08:26,RBI Chowk,Moderate,Auto-Rickshaw,Wrong-side Driving,Overcast,3,0,2,Yes,SIMULATED,True
NGP-00200,2021-01-10,2021,21:11,Vaishnodevi Chowk,Moderate,Pedestrian-involved,Distracted Driving,Rainy,2,0,2,Yes,SIMULATED,True
NGP-00201,2021-01-16,2021,16:43,Kachipura Square,Severe,Truck,Pedestrian Crossing Violation,Clear,3,0,4,Yes,SIMULATED,True
NGP-00202,2021-01-18,2021,17:46,Kamptee Chowk,Moderate,Pedestrian-involved,Poor Visibility (Fog/Rain),Clear,3,0,2,Yes,SIMULATED,True
NGP-00203,2021-01-19,2021,23:02,Alankar Square,Moderate,Motorcycle,Drunk Driving,Rainy,2,0,2,Yes,SIMULATED,True
NGP-00204,2021-01-21,2021,19:28,Golibar Chowk,Minor,Motorcycle,Brake Failure,Clear,0,0,2,Yes,SIMULATED,True
NGP-00205,2021-01-22,2021,15:32,Alankar Square,Minor,Motorcycle,Distracted Driving,Overcast,1,0,4,Yes,SIMULATED,True
NGP-00207,2021-01-24,2021,13:31,Pratap Nagar Chowk,Severe,Car,Distracted Driving,Clear,2,0,1,Yes,SIMULATED,True
NGP-00206,2021-01-24,2021,17:18,Cotton Market Chowk,Minor,Bicycle,Overspeeding,Rainy,1,0,3,Yes,SIMULATED,True
NGP-00208,2021-01-25,2021,05:40,Ajit Bakery Square,Moderate,Car,Pothole/Road Defect,Rainy,1,0,4,Yes,SIMULATED,True
NGP-00210,2021-01-27,2021,15:33,Dighori Chowk,Moderate,Pedestrian-involved,Pothole/Road Defect,Rainy,1,0,1,Yes,SIMULATED,True
NGP-00209,2021-01-27,2021,18:35,Automotive Square,Minor,Car,Poor Visibility (Fog/Rain),Clear,1,0,1,Yes,SIMULATED,True
NGP-00211,2021-02-02,2021,09:38,Ajit Bakery Square,Severe,Motorcycle,Brake Failure,Overcast,2,0,1,Yes,SIMULATED,True
NGP-00212,2021-02-02,2021,21:49,Dighori Chowk,Minor,Motorcycle,Brake Failure,Rainy,1,0,3,Yes,SIMULATED,True
NGP-00213,2021-02-03,2021,23:39,Variety Square,Minor,Pedestrian-involved,Distracted Driving,Clear,0,0,3,Yes,SIMULATED,True
NGP-00214,2021-02-04,2021,11:05,Variety Square,Minor,Car,Signal Jumping,Clear,0,0,4,Yes,SIMULATED,True
NGP-00215,2021-02-05,2021,12:21,Chhatrapati Square,Fatal,Motorcycle,Drunk Driving,Rainy,2,1,2,Yes,SIMULATED,True
NGP-00216,2021-02-05,2021,18:59,Itwari,Fatal,Motorcycle,Poor Visibility (Fog/Rain),Overcast,3,2,3,Yes,SIMULATED,True
NGP-00217,2021-02-07,2021,13:38,Variety Square,Moderate,Motorcycle,Poor Visibility (Fog/Rain),Clear,1,0,2,Yes,SIMULATED,True
NGP-00218,2021-02-08,2021,10:32,Kachipura Square,Severe,Bus,Poor Visibility (Fog/Rain),Rainy,5,0,2,Yes,SIMULATED,True
NGP-00219,2021-02-08,2021,17:21,Medical Chowk,Minor,Bus,Distracted Driving,Overcast,1,0,4,Yes,SIMULATED,True
NGP-00220,2021-02-09,2021,13:33,Lokmat Square,Moderate,Truck,Signal Jumping,Clear,3,0,2,Yes,SIMULATED,True
NGP-00221,2021-02-10,2021,15:43,Cotton Market Chowk,Severe,Car,Pedestrian Crossing Violation,Clear,5,0,2,No,SIMULATED,True
NGP-00222,2021-02-12,2021,09:27,LAD Square,Minor,Motorcycle,Signal Jumping,Clear,1,0,2,No,SIMULATED,True
NGP-00226,2021-02-16,2021,06:26,Sakkardara Square,Minor,Car,Pothole/Road Defect,Overcast,0,0,4,Yes,SIMULATED,True
NGP-00225,2021-02-16,2021,11:16,Manewada Chowk,Minor,Car,Overspeeding,Rainy,1,0,1,Yes,SIMULATED,True
NGP-00223,2021-02-16,2021,16:01,Chhatrapati Square,Minor,Motorcycle,Pedestrian Crossing Violation,Clear,0,0,1,Yes,SIMULATED,True
NGP-00224,2021-02-16,2021,19:47,Kamptee Chowk,Severe,Motorcycle,Poor Visibility (Fog/Rain),Rainy,4,0,4,No,SIMULATED,True
NGP-00227,2021-02-18,2021,07:16,Indora Chowk,Minor,Bus,Distracted Driving,Foggy,1,0,2,Yes,SIMULATED,True
NGP-00228,2021-02-19,2021,14:08,Pratap Nagar Chowk,Minor,Motorcycle,Lane Violation,Overcast,0,0,4,Yes,SIMULATED,True
NGP-00229,2021-02-19,2021,15:35,Variety Square,Minor,Motorcycle,Wrong-side Driving,Hot/Humid,1,0,1,No,SIMULATED,True
NGP-00230,2021-02-20,2021,18:46,Variety Square,Severe,Bicycle,Lane Violation,Overcast,2,0,2,Yes,SIMULATED,True
NGP-00231,2021-02-21,2021,11:33,RBI Chowk,Minor,Motorcycle,Signal Jumping,Clear,1,0,4,Yes,SIMULATED,True
NGP-00233,2021-02-24,2021,18:37,Lokmat Square,Minor,Motorcycle,Pothole/Road Defect,Rainy,0,0,4,Yes,SIMULATED,True
NGP-00232,2021-02-24,2021,19:36,Katol Road Chowk,Minor,Car,Pothole/Road Defect,Clear,0,0,3,Yes,SIMULATED,True
NGP-00235,2021-02-26,2021,08:00,Chhatrapati Square,Severe,Motorcycle,Wrong-side Driving,Clear,2,0,3,Yes,SIMULATED,True
NGP-00234,2021-02-26,2021,16:19,Ajit Bakery Square,Severe,Car,Drunk Driving,Hot/Humid,4,0,1,Yes,SIMULATED,True
NGP-00236,2021-02-28,2021,18:09,Manewada Chowk,Moderate,Truck,Signal Jumping,Foggy,2,0,2,Yes,SIMULATED,True
NGP-00237,2021-03-03,2021,16:47,LIC Chowk,Minor,Auto-Rickshaw,Brake Failure,Foggy,0,0,4,Yes,SIMULATED,True
NGP-00238,2021-03-08,2021,05:51,Chhatrapati Square,Moderate,Auto-Rickshaw,Distracted Driving,Clear,3,0,2,Yes,SIMULATED,True
NGP-00239,2021-03-10,2021,08:34,Abhyankar Nagar Square,Moderate,Car,Poor Visibility (Fog/Rain),Clear,1,0,3,Yes,SIMULATED,True
NGP-00240,2021-03-16,2021,00:11,Gaddi Godam Chowk,Minor,Truck,Drunk Driving,Rainy,1,0,2,Yes,SIMULATED,True
NGP-00241,2021-03-18,2021,13:30,Itwari,Severe,Auto-Rickshaw,Lane Violation,Foggy,5,0,3,Yes,SIMULATED,True
NGP-00242,2021-03-21,2021,07:54,Bardi Chowk,Moderate,Car,Distracted Driving,Clear,1,0,1,Yes,SIMULATED,True
NGP-00243,2021-03-21,2021,17:54,Jhansi Rani Square,Minor,Motorcycle,Drunk Driving,Clear,1,0,1,Yes,SIMULATED,True
NGP-00245,2021-03-24,2021,10:57,Automotive Square,Minor,Auto-Rickshaw,Brake Failure,Foggy,1,0,2,Yes,SIMULATED,True
NGP-00244,2021-03-24,2021,18:08,Automotive Square,Moderate,Truck,Pedestrian Crossing Violation,Clear,1,0,3,No,SIMULATED,True
NGP-00246,2021-03-29,2021,21:05,Lokmat Square,Minor,Car,Poor Visibility (Fog/Rain),Hot/Humid,1,0,4,Yes,SIMULATED,True
NGP-00248,2021-03-31,2021,09:34,LIC Chowk,Minor,Pedestrian-involved,Pothole/Road Defect,Foggy,0,0,2,No,SIMULATED,True
NGP-00247,2021-03-31,2021,19:50,Kamptee Chowk,Moderate,Car,Wrong-side Driving,Rainy,1,0,3,Yes,SIMULATED,True
NGP-00249,2021-04-03,2021,13:09,Sakkardara Square,Fatal,Truck,Signal Jumping,Hot/Humid,2,2,1,Yes,SIMULATED,True
NGP-00250,2021-04-19,2021,11:18,LIC Chowk,Minor,Truck,Distracted Driving,Rainy,0,0,3,Yes,SIMULATED,True
NGP-00251,2021-04-21,2021,08:46,Shankar Nagar Square,Moderate,Truck,Lane Violation,Clear,1,0,4,Yes,SIMULATED,True
NGP-00252,2021-04-27,2021,08:06,Medical Chowk,Minor,Pedestrian-involved,Pothole/Road Defect,Clear,0,0,1,Yes,SIMULATED,True
NGP-00253,2021-04-30,2021,18:20,Sitabuldi Chowk,Minor,Auto-Rickshaw,Overspeeding,Overcast,1,0,4,Yes,SIMULATED,True
NGP-00254,2021-05-01,2021,18:43,Ajni Chowk,Moderate,Pedestrian-involved,Signal Jumping,Rainy,2,0,3,No,SIMULATED,True
NGP-00255,2021-05-02,2021,18:11,Chhatrapati Square,Minor,Car,Overspeeding,Clear,1,0,3,Yes,SIMULATED,True
NGP-00256,2021-05-04,2021,15:42,Abhyankar Nagar Square,Minor,Car,Wrong-side Driving,Overcast,1,0,1,Yes,SIMULATED,True
NGP-00257,2021-05-12,2021,04:47,Hingna Chowk,Minor,Auto-Rickshaw,Distracted Driving,Hot/Humid,1,0,3,No,SIMULATED,True
NGP-00258,2021-05-20,2021,06:27,LAD Square,Moderate,Motorcycle,Poor Visibility (Fog/Rain),Clear,1,0,4,Yes,SIMULATED,True
NGP-00259,2021-05-21,2021,19:55,Mate Chowk,Severe,Truck,Pedestrian Crossing Violation,Rainy,2,0,1,Yes,SIMULATED,True
NGP-00260,2021-05-22,2021,17:54,Chhatrapati Square,Minor,Auto-Rickshaw,Signal Jumping,Clear,0,0,4,No,SIMULATED,True
NGP-00261,2021-05-24,2021,15:28,Ajni Chowk,Fatal,Car,Drunk Driving,Overcast,1,2,4,Yes,SIMULATED,True
NGP-00262,2021-05-27,2021,16:55,LAD Square,Severe,Car,Overspeeding,Rainy,4,0,3,Yes,SIMULATED,True
NGP-00263,2021-05-27,2021,18:48,Shankar Nagar Square,Moderate,Motorcycle,Wrong-side Driving,Clear,2,0,4,Yes,SIMULATED,True
NGP-00264,2021-05-28,2021,08:06,Jhansi Rani Square,Minor,Auto-Rickshaw,Poor Visibility (Fog/Rain),Hot/Humid,1,0,2,Yes,SIMULATED,True
NGP-00265,2021-05-28,2021,11:28,Manakpur Chowk,Severe,Car,Signal Jumping,Clear,3,0,3,Yes,SIMULATED,True
NGP-00266,2021-05-29,2021,18:01,Lokmat Square,Minor,Truck,Pothole/Road Defect,Rainy,0,0,3,Yes,SIMULATED,True
NGP-00267,2021-05-30,2021,19:39,Ajit Bakery Square,Minor,Auto-Rickshaw,Overspeeding,Hot/Humid,1,0,3,Yes,SIMULATED,True
NGP-00268,2021-06-08,2021,18:02,Kadbi Chowk,Moderate,Auto-Rickshaw,Brake Failure,Rainy,2,0,1,Yes,SIMULATED,True
NGP-00269,2021-06-08,2021,20:52,Vaishnodevi Chowk,Minor,Motorcycle,Poor Visibility (Fog/Rain),Clear,1,0,2,Yes,SIMULATED,True
NGP-00270,2021-06-10,2021,09:25,Lokmat Square,Severe,Truck,Pedestrian Crossing Violation,Overcast,5,0,4,Yes,SIMULATED,True
NGP-00271,2021-06-10,2021,18:09,Variety Square,Severe,Car,Poor Visibility (Fog/Rain),Rainy,4,0,4,Yes,SIMULATED,True
NGP-00272,2021-06-12,2021,14:55,Medical Chowk,Moderate,Car,Brake Failure,Rainy,3,0,1,Yes,SIMULATED,True
NGP-00273,2021-06-14,2021,13:36,Sitabuldi Chowk,Minor,Motorcycle,Drunk Driving,Clear,0,0,4,Yes,SIMULATED,True
NGP-00274,2021-06-17,2021,09:19,Kachipura Square,Moderate,Auto-Rickshaw,Distracted Driving,Clear,3,0,4,No,SIMULATED,True
NGP-00277,2021-06-20,2021,10:24,Sitabuldi Chowk,Moderate,Motorcycle,Lane Violation,Foggy,3,0,4,Yes,SIMULATED,True
NGP-00275,2021-06-20,2021,15:50,Chhatrapati Square,Minor,Motorcycle,Wrong-side Driving,Clear,0,0,2,Yes,SIMULATED,True
NGP-00276,2021-06-20,2021,21:42,Indora Chowk,Minor,Bus,Pedestrian Crossing Violation,Rainy,0,0,2,Yes,SIMULATED,True
NGP-00278,2021-06-23,2021,17:04,Indora Chowk,Minor,Motorcycle,Poor Visibility (Fog/Rain),Clear,0,0,3,Yes,SIMULATED,True
NGP-00279,2021-06-23,2021,17:49,Lokmat Square,Minor,Motorcycle,Poor Visibility (Fog/Rain),Rainy,0,0,2,No,SIMULATED,True
NGP-00280,2021-06-24,2021,13:14,Bardi Chowk,Moderate,Motorcycle,Drunk Driving,Rainy,2,0,2,No,SIMULATED,True
NGP-00281,2021-06-24,2021,13:19,Sakkardara Square,Minor,Car,Poor Visibility (Fog/Rain),Foggy,0,0,3,Yes,SIMULATED,True
NGP-00282,2021-06-25,2021,08:41,Golibar Chowk,Minor,Auto-Rickshaw,Lane Violation,Rainy,0,0,2,Yes,SIMULATED,True
NGP-00283,2021-06-26,2021,19:49,Abhyankar Nagar Square,Minor,Truck,Signal Jumping,Clear,0,0,3,Yes,SIMULATED,True
NGP-00284,2021-06-26,2021,21:18,Manish Nagar-Besa Junction,Minor,Motorcycle,Signal Jumping,Clear,1,0,4,Yes,SIMULATED,True
NGP-00286,2021-06-28,2021,06:15,Lokmat Square,Minor,Bus,Wrong-side Driving,Hot/Humid,1,0,1,Yes,SIMULATED,True
NGP-00285,2021-06-28,2021,20:03,Laxmi Nagar Square,Minor,Auto-Rickshaw,Pothole/Road Defect,Clear,0,0,4,Yes,SIMULATED,True
NGP-00289,2021-06-29,2021,08:48,Sakkardara Square,Minor,Bicycle,Signal Jumping,Clear,1,0,3,Yes,SIMULATED,True
NGP-00288,2021-06-29,2021,09:08,Mental Hospital Chowk,Minor,Motorcycle,Pothole/Road Defect,Overcast,1,0,1,Yes,SIMULATED,True
NGP-00287,2021-06-29,2021,17:46,Kachipura Square,Minor,Bicycle,Overspeeding,Clear,1,0,3,No,SIMULATED,True
NGP-00291,2021-07-06,2021,05:39,Kasturchand Park Square,Minor,Auto-Rickshaw,Brake Failure,Clear,0,0,3,Yes,SIMULATED,True
NGP-00290,2021-07-06,2021,18:24,Indora Chowk,Severe,Truck,Distracted Driving,Clear,4,0,4,Yes,SIMULATED,True
NGP-00292,2021-07-08,2021,04:41,Kadbi Chowk,Moderate,Car,Signal Jumping,Clear,2,0,1,Yes,SIMULATED,True
NGP-00294,2021-07-11,2021,03:15,Cotton Market Chowk,Minor,Car,Wrong-side Driving,Hot/Humid,1,0,4,No,SIMULATED,True
NGP-00295,2021-07-11,2021,12:20,Laxmi Nagar Square,Moderate,Motorcycle,Overspeeding,Overcast,1,0,1,Yes,SIMULATED,True
NGP-00293,2021-07-11,2021,21:22,Abhyankar Nagar Square,Moderate,Truck,Overspeeding,Clear,2,0,1,Yes,SIMULATED,True
NGP-00296,2021-07-15,2021,18:32,Variety Square,Minor,Pedestrian-involved,Brake Failure,Clear,1,0,4,Yes,SIMULATED,True
NGP-00297,2021-07-19,2021,09:40,Abhyankar Nagar Square,Severe,Motorcycle,Overspeeding,Overcast,5,0,4,No,SIMULATED,True
NGP-00298,2021-07-30,2021,04:55,Jhansi Rani Square,Minor,Truck,Pothole/Road Defect,Clear,1,0,1,No,SIMULATED,True
NGP-00299,2021-08-01,2021,06:48,Manish Nagar-Besa Junction,Minor,Auto-Rickshaw,Drunk Driving,Clear,1,0,1,Yes,SIMULATED,True
NGP-00300,2021-08-01,2021,14:39,Pratap Nagar Chowk,Minor,Auto-Rickshaw,Brake Failure,Clear,0,0,4,Yes,SIMULATED,True
NGP-00301,2021-08-07,2021,06:45,Variety Square,Minor,Motorcycle,Brake Failure,Clear,0,0,4,No,SIMULATED,True
NGP-00302,2021-08-09,2021,17:26,Variety Square,Minor,Car,Drunk Driving,Clear,1,0,3,Yes,SIMULATED,True
NGP-00303,2021-08-12,2021,07:52,Automotive Square,Severe,Motorcycle,Drunk Driving,Hot/Humid,2,0,4,Yes,SIMULATED,True
NGP-00304,2021-08-12,2021,09:58,Lokmat Square,Minor,Bicycle,Brake Failure,Rainy,0,0,1,Yes,SIMULATED,True
NGP-00305,2021-08-14,2021,16:11,LAD Square,Minor,Auto-Rickshaw,Poor Visibility (Fog/Rain),Hot/Humid,1,0,4,Yes,SIMULATED,True
NGP-00306,2021-08-16,2021,02:57,Cotton Market Chowk,Minor,Auto-Rickshaw,Distracted Driving,Clear,0,0,1,Yes,SIMULATED,True
NGP-00307,2021-08-18,2021,07:15,Airport T-Point,Moderate,Motorcycle,Lane Violation,Clear,1,0,3,Yes,SIMULATED,True
NGP-00308,2021-08-18,2021,10:01,Shankar Nagar Square,Minor,Car,Signal Jumping,Overcast,0,0,3,Yes,SIMULATED,True
NGP-00309,2021-08-19,2021,16:20,Golibar Chowk,Moderate,Pedestrian-involved,Drunk Driving,Hot/Humid,3,0,4,Yes,SIMULATED,True
NGP-00310,2021-08-21,2021,05:37,Manewada Chowk,Minor,Car,Distracted Driving,Clear,1,0,4,Yes,SIMULATED,True
NGP-00312,2021-08-21,2021,07:20,Variety Square,Fatal,Auto-Rickshaw,Signal Jumping,Overcast,4,2,4,No,SIMULATED,True
NGP-00311,2021-08-21,2021,12:26,Pratap Nagar Chowk,Moderate,Bus,Lane Violation,Clear,2,0,2,Yes,SIMULATED,True
NGP-00313,2021-08-22,2021,19:12,Itwari,Minor,Auto-Rickshaw,Pothole/Road Defect,Clear,0,0,2,Yes,SIMULATED,True
NGP-00314,2021-08-22,2021,22:24,Manakpur Chowk,Minor,Truck,Drunk Driving,Clear,1,0,4,Yes,SIMULATED,True
NGP-00315,2021-08-24,2021,08:57,Cotton Market Chowk,Moderate,Bicycle,Overspeeding,Clear,2,0,4,No,SIMULATED,True
NGP-00316,2021-08-25,2021,14:32,Automotive Square,Minor,Bicycle,Pothole/Road Defect,Clear,1,0,4,Yes,SIMULATED,True
NGP-00317,2021-08-26,2021,19:41,Gaddi Godam Chowk,Minor,Motorcycle,Pedestrian Crossing Violation,Clear,1,0,3,No,SIMULATED,True
NGP-00319,2021-08-29,2021,00:50,Gaddi Godam Chowk,Minor,Car,Distracted Driving,Rainy,1,0,3,Yes,SIMULATED,True
NGP-00318,2021-08-29,2021,19:43,Airport T-Point,Moderate,Car,Poor Visibility (Fog/Rain),Clear,1,0,4,No,SIMULATED,True
NGP-00320,2021-08-30,2021,10:56,Manewada Chowk,Minor,Car,Pedestrian Crossing Violation,Clear,0,0,3,Yes,SIMULATED,True
NGP-00321,2021-09-11,2021,15:32,Sitabuldi Chowk,Minor,Auto-Rickshaw,Wrong-side Driving,Rainy,0,0,3,Yes,SIMULATED,True
NGP-00322,2021-09-12,2021,17:29,Cotton Market Chowk,Minor,Auto-Rickshaw,Drunk Driving,Rainy,0,0,3,Yes,SIMULATED,True
NGP-00324,2021-09-14,2021,08:25,Lokmat Square,Minor,Auto-Rickshaw,Signal Jumping,Hot/Humid,1,0,1,Yes,SIMULATED,True
NGP-00323,2021-09-14,2021,12:28,Golibar Chowk,Moderate,Truck,Overspeeding,Clear,1,0,1,Yes,SIMULATED,True
NGP-00325,2021-09-15,2021,22:24,Laxmi Nagar Square,Minor,Pedestrian-involved,Drunk Driving,Clear,1,0,1,Yes,SIMULATED,True
NGP-00326,2021-09-17,2021,14:56,Bardi Chowk,Minor,Bicycle,Poor Visibility (Fog/Rain),Rainy,0,0,2,Yes,SIMULATED,True
NGP-00327,2021-09-18,2021,08:30,Itwari,Fatal,Car,Brake Failure,Overcast,3,2,2,Yes,SIMULATED,True
NGP-00328,2021-09-20,2021,06:28,Dighori Chowk,Moderate,Motorcycle,Signal Jumping,Clear,3,0,2,Yes,SIMULATED,True
NGP-00329,2021-09-26,2021,03:34,Abhyankar Nagar Square,Fatal,Motorcycle,Lane Violation,Clear,3,1,1,Yes,SIMULATED,True
NGP-00330,2021-09-26,2021,15:55,Lokmat Square,Minor,Truck,Pothole/Road Defect,Foggy,0,0,3,Yes,SIMULATED,True
NGP-00331,2021-09-27,2021,18:14,Manish Nagar-Besa Junction,Minor,Motorcycle,Overspeeding,Clear,1,0,4,Yes,SIMULATED,True
NGP-00332,2021-09-29,2021,11:53,Hingna Chowk,Moderate,Motorcycle,Distracted Driving,Rainy,3,0,2,Yes,SIMULATED,True
NGP-00333,2021-10-06,2021,06:03,Chhatrapati Square,Moderate,Car,Poor Visibility (Fog/Rain),Rainy,3,0,4,Yes,SIMULATED,True
NGP-00334,2021-10-06,2021,18:02,LAD Square,Minor,Motorcycle,Distracted Driving,Clear,1,0,2,Yes,SIMULATED,True
NGP-00335,2021-10-07,2021,06:06,Kachipura Square,Minor,Motorcycle,Poor Visibility (Fog/Rain),Clear,1,0,1,Yes,SIMULATED,True
NGP-00336,2021-10-17,2021,13:10,Cotton Market Chowk,Moderate,Car,Wrong-side Driving,Rainy,3,0,2,No,SIMULATED,True
NGP-00337,2021-10-18,2021,03:09,Manish Nagar-Besa Junction,Minor,Motorcycle,Overspeeding,Overcast,0,0,2,No,SIMULATED,True
NGP-00338,2021-10-21,2021,18:54,Sakkardara Square,Minor,Truck,Pothole/Road Defect,Foggy,0,0,1,Yes,SIMULATED,True
NGP-00339,2021-10-22,2021,16:01,Mate Chowk,Minor,Motorcycle,Distracted Driving,Foggy,1,0,4,Yes,SIMULATED,True
NGP-00341,2021-10-28,2021,09:44,Manakpur Chowk,Minor,Car,Pothole/Road Defect,Hot/Humid,1,0,3,Yes,SIMULATED,True
NGP-00340,2021-10-28,2021,16:21,Jhansi Rani Square,Moderate,Motorcycle,Lane Violation,Rainy,3,0,1,Yes,SIMULATED,True
NGP-00342,2021-10-30,2021,15:32,Kadbi Chowk,Minor,Auto-Rickshaw,Poor Visibility (Fog/Rain),Clear,0,0,1,Yes,SIMULATED,True
NGP-00344,2021-11-02,2021,07:54,Chhatrapati Square,Moderate,Auto-Rickshaw,Distracted Driving,Hot/Humid,1,0,2,Yes,SIMULATED,True
NGP-00343,2021-11-02,2021,17:10,Bardi Chowk,Severe,Bus,Wrong-side Driving,Clear,5,0,2,Yes,SIMULATED,True
NGP-00345,2021-11-03,2021,16:13,Manish Nagar-Besa Junction,Minor,Motorcycle,Overspeeding,Clear,0,0,3,Yes,SIMULATED,True
NGP-00346,2021-11-05,2021,06:44,Kachipura Square,Minor,Motorcycle,Wrong-side Driving,Rainy,1,0,4,Yes,SIMULATED,True
NGP-00348,2021-11-07,2021,14:40,Pardi Chowk,Minor,Pedestrian-involved,Drunk Driving,Clear,1,0,2,Yes,SIMULATED,True
NGP-00347,2021-11-07,2021,14:49,Mate Chowk,Minor,Motorcycle,Distracted Driving,Clear,1,0,2,No,SIMULATED,True
NGP-00349,2021-11-08,2021,09:11,Sakkardara Square,Minor,Car,Overspeeding,Clear,1,0,3,Yes,SIMULATED,True
NGP-00350,2021-11-09,2021,16:40,Manewada Chowk,Minor,Auto-Rickshaw,Signal Jumping,Clear,0,0,4,Yes,SIMULATED,True
NGP-00352,2021-11-11,2021,08:37,Golibar Chowk,Minor,Car,Brake Failure,Clear,1,0,1,Yes,SIMULATED,True
NGP-00353,2021-11-11,2021,12:40,Kachipura Square,Minor,Motorcycle,Distracted Driving,Clear,1,0,1,Yes,SIMULATED,True
NGP-00351,2021-11-11,2021,18:19,Dighori Chowk,Moderate,Car,Lane Violation,Rainy,1,0,4,No,SIMULATED,True
NGP-00355,2021-11-13,2021,07:40,Medical Chowk,Minor,Motorcycle,Drunk Driving,Clear,0,0,3,No,SIMULATED,True
NGP-00354,2021-11-13,2021,20:17,Manish Nagar-Besa Junction,Minor,Auto-Rickshaw,Signal Jumping,Rainy,0,0,4,Yes,SIMULATED,True
NGP-00356,2021-11-14,2021,13:40,Kamptee Chowk,Severe,Car,Wrong-side Driving,Clear,4,0,1,Yes,SIMULATED,True
NGP-00358,2021-11-18,2021,17:50,Kamptee Chowk,Minor,Motorcycle,Distracted Driving,Clear,0,0,4,Yes,SIMULATED,True
NGP-00357,2021-11-18,2021,20:28,Gaddi Godam Chowk,Minor,Car,Wrong-side Driving,Rainy,1,0,1,Yes,SIMULATED,True
NGP-00360,2021-11-20,2021,05:04,Alankar Square,Moderate,Bicycle,Wrong-side Driving,Clear,1,0,4,Yes,SIMULATED,True
NGP-00359,2021-11-20,2021,08:15,Ajit Bakery Square,Moderate,Car,Pedestrian Crossing Violation,Clear,3,0,2,Yes,SIMULATED,True
NGP-00361,2021-11-23,2021,11:43,Manewada Chowk,Moderate,Auto-Rickshaw,Signal Jumping,Clear,2,0,2,No,SIMULATED,True
NGP-00362,2021-11-26,2021,19:44,Alankar Square,Moderate,Motorcycle,Brake Failure,Overcast,1,0,4,Yes,SIMULATED,True
NGP-00363,2021-11-26,2021,23:30,Dighori Chowk,Minor,Car,Overspeeding,Clear,0,0,4,No,SIMULATED,True
NGP-00365,2021-11-29,2021,18:08,Shankar Nagar Square,Moderate,Motorcycle,Wrong-side Driving,Overcast,2,0,1,Yes,SIMULATED,True
NGP-00364,2021-11-29,2021,20:54,Medical Chowk,Minor,Truck,Poor Visibility (Fog/Rain),Clear,0,0,4,Yes,SIMULATED,True
NGP-00366,2021-12-02,2021,21:49,Gaddi Godam Chowk,Minor,Bus,Wrong-side Driving,Clear,0,0,4,Yes,SIMULATED,True
NGP-00367,2021-12-05,2021,07:38,Manish Nagar-Besa Junction,Moderate,Motorcycle,Brake Failure,Clear,2,0,4,Yes,SIMULATED,True
NGP-00368,2021-12-10,2021,20:32,Vaishnodevi Chowk,Minor,Car,Pothole/Road Defect,Clear,0,0,3,Yes,SIMULATED,True
NGP-00369,2021-12-13,2021,00:54,Manewada Chowk,Moderate,Motorcycle,Pothole/Road Defect,Clear,3,0,3,Yes,SIMULATED,True
NGP-00371,2021-12-21,2021,09:59,LAD Square,Minor,Auto-Rickshaw,Poor Visibility (Fog/Rain),Clear,1,0,3,Yes,SIMULATED,True
NGP-00370,2021-12-21,2021,16:02,Kasturchand Park Square,Minor,Pedestrian-involved,Brake Failure,Overcast,0,0,4,Yes,SIMULATED,True
NGP-00372,2021-12-25,2021,20:07,Pratap Nagar Chowk,Moderate,Bicycle,Pothole/Road Defect,Clear,2,0,2,Yes,SIMULATED,True
NGP-00373,2021-12-26,2021,01:22,Sakkardara Square,Minor,Car,Poor Visibility (Fog/Rain),Clear,1,0,1,Yes,SIMULATED,True
NGP-00374,2021-12-28,2021,22:42,Sitabuldi Chowk,Minor,Motorcycle,Pothole/Road Defect,Clear,1,0,2,Yes,SIMULATED,True
NGP-00375,2021-12-31,2021,20:18,Automotive Square,Moderate,Truck,Signal Jumping,Clear,3,0,1,Yes,SIMULATED,True
NGP-00376,2022-01-03,2022,15:23,Golibar Chowk,Moderate,Auto-Rickshaw,Brake Failure,Overcast,2,0,3,Yes,SIMULATED,True
NGP-00377,2022-01-04,2022,15:15,Chhatrapati Square,Minor,Truck,Pothole/Road Defect,Clear,1,0,4,Yes,SIMULATED,True
NGP-00379,2022-01-05,2022,19:29,Lokmat Square,Minor,Car,Lane Violation,Clear,0,0,3,Yes,SIMULATED,True
NGP-00378,2022-01-05,2022,19:52,Abhyankar Nagar Square,Minor,Motorcycle,Poor Visibility (Fog/Rain),Clear,0,0,1,Yes,SIMULATED,True
NGP-00381,2022-01-09,2022,09:16,LAD Square,Minor,Pedestrian-involved,Overspeeding,Clear,0,0,2,Yes,SIMULATED,True
NGP-00382,2022-01-09,2022,09:59,LIC Chowk,Severe,Auto-Rickshaw,Lane Violation,Clear,4,0,4,Yes,SIMULATED,True
NGP-00380,2022-01-09,2022,17:09,Gaddi Godam Chowk,Minor,Auto-Rickshaw,Pedestrian Crossing Violation,Rainy,0,0,4,Yes,SIMULATED,True
NGP-00383,2022-01-12,2022,13:43,Kasturchand Park Square,Minor,Auto-Rickshaw,Signal Jumping,Clear,1,0,2,Yes,SIMULATED,True
NGP-00384,2022-01-12,2022,22:43,Variety Square,Severe,Motorcycle,Brake Failure,Rainy,4,0,4,Yes,SIMULATED,True
NGP-00385,2022-01-14,2022,17:33,Sitabuldi Chowk,Minor,Car,Brake Failure,Clear,0,0,4,Yes,SIMULATED,True
NGP-00387,2022-01-17,2022,01:01,Kamptee Chowk,Minor,Motorcycle,Drunk Driving,Overcast,0,0,4,Yes,SIMULATED,True
NGP-00386,2022-01-17,2022,17:49,Jhansi Rani Square,Minor,Motorcycle,Pedestrian Crossing Violation,Overcast,1,0,1,Yes,SIMULATED,True
NGP-00388,2022-01-18,2022,07:15,Itwari,Minor,Car,Signal Jumping,Clear,0,0,3,Yes,SIMULATED,True
NGP-00389,2022-01-21,2022,15:32,LAD Square,Minor,Bicycle,Pothole/Road Defect,Clear,0,0,3,Yes,SIMULATED,True
NGP-00391,2022-01-24,2022,05:47,LIC Chowk,Moderate,Bus,Drunk Driving,Clear,3,0,2,Yes,SIMULATED,True
NGP-00390,2022-01-24,2022,13:01,Ajit Bakery Square,Minor,Motorcycle,Brake Failure,Clear,0,0,1,Yes,SIMULATED,True
NGP-00392,2022-01-26,2022,05:38,Mate Chowk,Minor,Auto-Rickshaw,Brake Failure,Rainy,1,0,4,Yes,SIMULATED,True
NGP-00393,2022-01-27,2022,14:21,Pratap Nagar Chowk,Severe,Car,Pothole/Road Defect,Clear,2,0,4,Yes,SIMULATED,True
NGP-00394,2022-01-28,2022,16:14,Kadbi Chowk,Minor,Pedestrian-involved,Pothole/Road Defect,Clear,0,0,1,Yes,SIMULATED,True
NGP-00395,2022-01-29,2022,21:18,Sakkardara Square,Minor,Motorcycle,Lane Violation,Clear,0,0,2,Yes,SIMULATED,True
NGP-00396,2022-01-30,2022,06:26,Manish Nagar-Besa Junction,Moderate,Bicycle,Pothole/Road Defect,Hot/Humid,3,0,2,Yes,SIMULATED,True
NGP-00397,2022-01-31,2022,10:01,Lokmat Square,Minor,Pedestrian-involved,Brake Failure,Hot/Humid,1,0,1,Yes,SIMULATED,True
NGP-00398,2022-01-31,2022,12:44,Shankar Nagar Square,Minor,Motorcycle,Wrong-side Driving,Clear,1,0,2,Yes,SIMULATED,True
NGP-00399,2022-02-03,2022,20:45,Medical Chowk,Minor,Pedestrian-involved,Pothole/Road Defect,Clear,1,0,4,Yes,SIMULATED,True
NGP-00400,2022-02-07,2022,17:57,Sitabuldi Chowk,Minor,Auto-Rickshaw,Wrong-side Driving,Rainy,1,0,4,Yes,SIMULATED,True
NGP-00402,2022-02-09,2022,12:53,Dighori Chowk,Minor,Truck,Overspeeding,Clear,0,0,2,Yes,SIMULATED,True
NGP-00401,2022-02-09,2022,16:14,Abhyankar Nagar Square,Minor,Car,Pedestrian Crossing Violation,Rainy,0,0,4,Yes,SIMULATED,True
NGP-00404,2022-02-09,2022,19:33,Itwari,Moderate,Pedestrian-involved,Wrong-side Driving,Rainy,3,0,3,Yes,SIMULATED,True
NGP-00403,2022-02-09,2022,19:36,Gaddi Godam Chowk,Minor,Bus,Wrong-side Driving,Clear,1,0,2,Yes,SIMULATED,True
NGP-00405,2022-02-10,2022,10:34,Kachipura Square,Minor,Car,Wrong-side Driving,Clear,0,0,3,Yes,SIMULATED,True
NGP-00406,2022-02-10,2022,16:40,Medical Chowk,Severe,Auto-Rickshaw,Drunk Driving,Rainy,4,0,3,Yes,SIMULATED,True
NGP-00407,2022-02-10,2022,18:41,Pratap Nagar Chowk,Moderate,Auto-Rickshaw,Brake Failure,Clear,2,0,3,Yes,SIMULATED,True
NGP-00410,2022-02-12,2022,05:24,Kadbi Chowk,Moderate,Truck,Wrong-side Driving,Clear,2,0,2,Yes,SIMULATED,True
NGP-00409,2022-02-12,2022,08:05,Kachipura Square,Minor,Bicycle,Distracted Driving,Clear,0,0,3,Yes,SIMULATED,True
NGP-00408,2022-02-12,2022,17:18,Automotive Square,Minor,Truck,Drunk Driving,Clear,0,0,1,Yes,SIMULATED,True
NGP-00411,2022-02-13,2022,10:33,Golibar Chowk,Minor,Pedestrian-involved,Pedestrian Crossing Violation,Rainy,0,0,2,Yes,SIMULATED,True
NGP-00412,2022-02-13,2022,13:45,Kadbi Chowk,Minor,Motorcycle,Drunk Driving,Rainy,1,0,1,Yes,SIMULATED,True
NGP-00413,2022-02-14,2022,20:45,Sitabuldi Chowk,Minor,Car,Poor Visibility (Fog/Rain),Clear,1,0,1,Yes,SIMULATED,True
NGP-00414,2022-02-15,2022,05:47,Ajni Chowk,Minor,Car,Lane Violation,Rainy,0,0,1,Yes,SIMULATED,True
NGP-00415,2022-02-17,2022,02:05,Ajit Bakery Square,Severe,Auto-Rickshaw,Distracted Driving,Clear,4,0,3,Yes,SIMULATED,True
NGP-00416,2022-02-17,2022,08:17,LIC Chowk,Severe,Car,Overspeeding,Overcast,3,0,4,Yes,SIMULATED,True
NGP-00417,2022-02-21,2022,13:35,Pratap Nagar Chowk,Minor,Motorcycle,Overspeeding,Overcast,0,0,2,Yes,SIMULATED,True
NGP-00418,2022-02-22,2022,09:11,Golibar Chowk,Minor,Car,Signal Jumping,Rainy,0,0,4,Yes,SIMULATED,True
NGP-00419,2022-02-23,2022,18:58,Bardi Chowk,Minor,Motorcycle,Pothole/Road Defect,Hot/Humid,1,0,1,No,SIMULATED,True
NGP-00420,2022-02-24,2022,22:16,Bardi Chowk,Minor,Car,Signal Jumping,Clear,0,0,2,Yes,SIMULATED,True
NGP-00421,2022-02-25,2022,20:10,Vaishnodevi Chowk,Minor,Auto-Rickshaw,Poor Visibility (Fog/Rain),Overcast,0,0,1,Yes,SIMULATED,True
NGP-00422,2022-03-01,2022,10:19,Bardi Chowk,Minor,Motorcycle,Poor Visibility (Fog/Rain),Foggy,0,0,3,Yes,SIMULATED,True
NGP-00424,2022-03-01,2022,11:38,Kachipura Square,Moderate,Motorcycle,Pedestrian Crossing Violation,Clear,2,0,1,Yes,SIMULATED,True
NGP-00423,2022-03-01,2022,22:31,Dighori Chowk,Minor,Motorcycle,Pedestrian Crossing Violation,Rainy,0,0,1,Yes,SIMULATED,True
NGP-00425,2022-03-05,2022,15:10,Medical Chowk,Fatal,Car,Wrong-side Driving,Clear,2,2,3,Yes,SIMULATED,True
NGP-00427,2022-03-06,2022,07:28,Medical Chowk,Minor,Car,Signal Jumping,Clear,1,0,4,Yes,SIMULATED,True
NGP-00426,2022-03-06,2022,14:41,Cotton Market Chowk,Fatal,Bicycle,Lane Violation,Rainy,3,1,2,No,SIMULATED,True
NGP-00428,2022-03-07,2022,18:23,Pardi Chowk,Minor,Truck,Pothole/Road Defect,Clear,0,0,3,No,SIMULATED,True
NGP-00429,2022-03-08,2022,10:58,Medical Chowk,Minor,Motorcycle,Lane Violation,Clear,1,0,1,Yes,SIMULATED,True
NGP-00430,2022-03-11,2022,18:23,Variety Square,Moderate,Bicycle,Pothole/Road Defect,Clear,3,0,4,Yes,SIMULATED,True
NGP-00431,2022-03-13,2022,08:41,Alankar Square,Moderate,Motorcycle,Distracted Driving,Hot/Humid,1,0,1,Yes,SIMULATED,True
NGP-00432,2022-03-13,2022,13:47,Gaddi Godam Chowk,Minor,Bicycle,Lane Violation,Overcast,0,0,3,Yes,SIMULATED,True
NGP-00433,2022-03-14,2022,06:18,Manakpur Chowk,Moderate,Truck,Overspeeding,Rainy,1,0,4,Yes,SIMULATED,True
NGP-00436,2022-03-22,2022,08:50,RBI Chowk,Moderate,Auto-Rickshaw,Wrong-side Driving,Clear,3,0,3,No,SIMULATED,True
NGP-00435,2022-03-22,2022,17:30,Manakpur Chowk,Minor,Car,Pothole/Road Defect,Rainy,1,0,4,Yes,SIMULATED,True
NGP-00434,2022-03-22,2022,18:00,Ajit Bakery Square,Severe,Motorcycle,Brake Failure,Clear,5,0,4,Yes,SIMULATED,True
NGP-00437,2022-03-25,2022,14:47,Kamptee Chowk,Minor,Car,Pedestrian Crossing Violation,Hot/Humid,1,0,3,Yes,SIMULATED,True
NGP-00438,2022-03-27,2022,08:26,Indora Chowk,Minor,Motorcycle,Distracted Driving,Overcast,1,0,3,Yes,SIMULATED,True
NGP-00439,2022-03-29,2022,04:52,Kamptee Chowk,Severe,Motorcycle,Wrong-side Driving,Clear,5,0,2,Yes,SIMULATED,True
NGP-00440,2022-03-31,2022,20:53,Ajni Chowk,Fatal,Motorcycle,Overspeeding,Foggy,4,1,4,No,SIMULATED,True
NGP-00441,2022-04-02,2022,12:33,Lokmat Square,Severe,Bicycle,Signal Jumping,Foggy,2,0,2,Yes,SIMULATED,True
NGP-00443,2022-04-05,2022,12:02,LIC Chowk,Severe,Motorcycle,Lane Violation,Foggy,2,0,1,Yes,SIMULATED,True
NGP-00442,2022-04-05,2022,21:20,Chhatrapati Square,Minor,Bus,Brake Failure,Overcast,0,0,2,Yes,SIMULATED,True
NGP-00445,2022-04-06,2022,14:39,Automotive Square,Minor,Auto-Rickshaw,Brake Failure,Overcast,1,0,1,Yes,SIMULATED,True
NGP-00444,2022-04-06,2022,18:44,Automotive Square,Minor,Auto-Rickshaw,Lane Violation,Hot/Humid,1,0,2,Yes,SIMULATED,True
NGP-00446,2022-04-09,2022,22:35,Hingna Chowk,Minor,Motorcycle,Distracted Driving,Rainy,0,0,3,Yes,SIMULATED,True
NGP-00447,2022-04-14,2022,21:10,Ajit Bakery Square,Minor,Car,Distracted Driving,Clear,0,0,3,Yes,SIMULATED,True
NGP-00448,2022-04-15,2022,18:09,Manakpur Chowk,Minor,Motorcycle,Pedestrian Crossing Violation,Clear,1,0,3,Yes,SIMULATED,True
NGP-00449,2022-04-16,2022,11:36,Airport T-Point,Moderate,Motorcycle,Signal Jumping,Rainy,2,0,1,Yes,SIMULATED,True
NGP-00451,2022-04-16,2022,12:36,Shraddhanand Peth Square,Moderate,Motorcycle,Overspeeding,Hot/Humid,1,0,3,Yes,SIMULATED,True
NGP-00450,2022-04-16,2022,20:18,Alankar Square,Minor,Car,Pothole/Road Defect,Foggy,0,0,1,Yes,SIMULATED,True
NGP-00452,2022-04-19,2022,16:47,LIC Chowk,Moderate,Motorcycle,Signal Jumping,Rainy,1,0,4,Yes,SIMULATED,True
NGP-00453,2022-04-20,2022,17:43,Alankar Square,Fatal,Pedestrian-involved,Pedestrian Crossing Violation,Clear,2,2,4,Yes,SIMULATED,True
NGP-00454,2022-04-22,2022,12:08,Alankar Square,Moderate,Truck,Signal Jumping,Hot/Humid,1,0,1,Yes,SIMULATED,True
NGP-00455,2022-04-23,2022,05:09,Dighori Chowk,Minor,Bicycle,Brake Failure,Clear,0,0,4,Yes,SIMULATED,True
NGP-00457,2022-04-26,2022,10:51,Manish Nagar-Besa Junction,Moderate,Bus,Wrong-side Driving,Rainy,2,0,4,Yes,SIMULATED,True
NGP-00456,2022-04-26,2022,18:45,Hingna Chowk,Minor,Bicycle,Distracted Driving,Foggy,1,0,2,Yes,SIMULATED,True
NGP-00458,2022-05-02,2022,11:23,Medical Chowk,Minor,Motorcycle,Overspeeding,Clear,1,0,3,Yes,SIMULATED,True
NGP-00459,2022-05-02,2022,12:42,Sakkardara Square,Minor,Motorcycle,Wrong-side Driving,Clear,1,0,2,No,SIMULATED,True
NGP-00462,2022-05-03,2022,11:05,Kachipura Square,Minor,Motorcycle,Drunk Driving,Clear,0,0,4,Yes,SIMULATED,True
NGP-00461,2022-05-03,2022,13:11,Automotive Square,Minor,Car,Signal Jumping,Clear,1,0,3,No,SIMULATED,True
NGP-00460,2022-05-03,2022,16:07,Alankar Square,Minor,Motorcycle,Pothole/Road Defect,Clear,1,0,2,Yes,SIMULATED,True
NGP-00464,2022-05-04,2022,17:33,Lokmat Square,Minor,Auto-Rickshaw,Pedestrian Crossing Violation,Clear,0,0,3,Yes,SIMULATED,True
NGP-00466,2022-05-04,2022,17:45,Vaishnodevi Chowk,Minor,Truck,Wrong-side Driving,Rainy,1,0,4,Yes,SIMULATED,True
NGP-00463,2022-05-04,2022,19:06,Jhansi Rani Square,Minor,Auto-Rickshaw,Signal Jumping,Rainy,0,0,1,No,SIMULATED,True
NGP-00465,2022-05-04,2022,20:22,Mate Chowk,Minor,Auto-Rickshaw,Pedestrian Crossing Violation,Clear,0,0,1,Yes,SIMULATED,True
NGP-00467,2022-05-05,2022,04:10,Kasturchand Park Square,Minor,Motorcycle,Lane Violation,Overcast,0,0,3,Yes,SIMULATED,True
NGP-00468,2022-05-05,2022,08:58,LIC Chowk,Minor,Bus,Pothole/Road Defect,Clear,0,0,2,No,SIMULATED,True
NGP-00469,2022-05-05,2022,13:14,Pratap Nagar Chowk,Minor,Motorcycle,Lane Violation,Rainy,0,0,2,Yes,SIMULATED,True
NGP-00471,2022-05-08,2022,09:53,Shankar Nagar Square,Minor,Bus,Poor Visibility (Fog/Rain),Clear,0,0,2,Yes,SIMULATED,True
NGP-00470,2022-05-08,2022,12:54,Alankar Square,Minor,Motorcycle,Overspeeding,Clear,1,0,3,Yes,SIMULATED,True
NGP-00472,2022-05-12,2022,09:29,LIC Chowk,Severe,Motorcycle,Brake Failure,Overcast,5,0,2,Yes,SIMULATED,True
NGP-00473,2022-05-14,2022,03:03,Chhatrapati Square,Minor,Motorcycle,Drunk Driving,Clear,1,0,1,Yes,SIMULATED,True
NGP-00475,2022-05-16,2022,09:23,Mate Chowk,Minor,Motorcycle,Pothole/Road Defect,Foggy,1,0,1,Yes,SIMULATED,True
NGP-00474,2022-05-16,2022,17:37,Kamptee Chowk,Minor,Auto-Rickshaw,Overspeeding,Clear,0,0,4,Yes,SIMULATED,True
NGP-00476,2022-05-17,2022,20:37,Chhatrapati Square,Moderate,Motorcycle,Distracted Driving,Clear,2,0,1,Yes,SIMULATED,True
NGP-00477,2022-05-19,2022,06:43,Lokmat Square,Minor,Motorcycle,Signal Jumping,Rainy,0,0,3,Yes,SIMULATED,True
NGP-00478,2022-05-20,2022,08:21,Ajni Chowk,Minor,Car,Signal Jumping,Hot/Humid,0,0,2,Yes,SIMULATED,True
NGP-00479,2022-05-21,2022,15:18,Automotive Square,Moderate,Motorcycle,Lane Violation,Rainy,1,0,2,No,SIMULATED,True
NGP-00480,2022-05-26,2022,11:36,Ajit Bakery Square,Moderate,Motorcycle,Lane Violation,Rainy,2,0,2,Yes,SIMULATED,True
NGP-00481,2022-05-27,2022,18:27,Mate Chowk,Minor,Bus,Signal Jumping,Overcast,0,0,2,Yes,SIMULATED,True
NGP-00482,2022-05-28,2022,22:41,Ajni Chowk,Severe,Pedestrian-involved,Distracted Driving,Rainy,4,0,1,Yes,SIMULATED,True
NGP-00483,2022-05-30,2022,12:36,Mental Hospital Chowk,Moderate,Pedestrian-involved,Brake Failure,Foggy,3,0,2,Yes,SIMULATED,True
NGP-00484,2022-06-01,2022,09:39,Chhatrapati Square,Minor,Auto-Rickshaw,Wrong-side Driving,Clear,0,0,4,Yes,SIMULATED,True
NGP-00485,2022-06-01,2022,13:21,LIC Chowk,Severe,Auto-Rickshaw,Drunk Driving,Foggy,3,0,2,Yes,SIMULATED,True
NGP-00486,2022-06-02,2022,16:44,Manakpur Chowk,Severe,Car,Signal Jumping,Clear,5,0,1,No,SIMULATED,True
NGP-00488,2022-06-03,2022,03:44,Mental Hospital Chowk,Moderate,Auto-Rickshaw,Pedestrian Crossing Violation,Foggy,2,0,2,Yes,SIMULATED,True
NGP-00487,2022-06-03,2022,06:05,Lokmat Square,Severe,Motorcycle,Overspeeding,Clear,2,0,4,Yes,SIMULATED,True
NGP-00489,2022-06-04,2022,18:09,Golibar Chowk,Moderate,Truck,Brake Failure,Foggy,2,0,1,Yes,SIMULATED,True
NGP-00490,2022-06-08,2022,20:00,Kachipura Square,Minor,Auto-Rickshaw,Signal Jumping,Clear,0,0,2,No,SIMULATED,True
NGP-00491,2022-06-10,2022,09:58,Hingna Chowk,Moderate,Truck,Brake Failure,Clear,1,0,3,Yes,SIMULATED,True
NGP-00492,2022-06-10,2022,12:26,Kamptee Chowk,Minor,Motorcycle,Wrong-side Driving,Clear,1,0,2,Yes,SIMULATED,True
NGP-00494,2022-06-13,2022,08:20,LIC Chowk,Moderate,Pedestrian-involved,Poor Visibility (Fog/Rain),Clear,1,0,4,Yes,SIMULATED,True
NGP-00493,2022-06-13,2022,15:02,Kasturchand Park Square,Moderate,Truck,Distracted Driving,Clear,1,0,1,Yes,SIMULATED,True
NGP-00495,2022-06-13,2022,23:08,Manakpur Chowk,Minor,Pedestrian-involved,Pothole/Road Defect,Clear,1,0,3,Yes,SIMULATED,True
NGP-00496,2022-06-15,2022,12:36,Shankar Nagar Square,Minor,Auto-Rickshaw,Distracted Driving,Clear,1,0,3,No,SIMULATED,True
NGP-00497,2022-06-16,2022,20:52,Mental Hospital Chowk,Minor,Motorcycle,Distracted Driving,Rainy,1,0,4,No,SIMULATED,True
NGP-00498,2022-06-17,2022,05:48,Katol Road Chowk,Severe,Car,Drunk Driving,Clear,4,0,2,Yes,SIMULATED,True
NGP-00499,2022-06-20,2022,18:29,Kamptee Chowk,Moderate,Auto-Rickshaw,Lane Violation,Hot/Humid,2,0,2,No,SIMULATED,True
NGP-00500,2022-06-24,2022,23:01,Kadbi Chowk,Minor,Truck,Poor Visibility (Fog/Rain),Clear,1,0,3,Yes,SIMULATED,True
NGP-00501,2022-06-26,2022,05:50,Manish Nagar-Besa Junction,Moderate,Pedestrian-involved,Pothole/Road Defect,Rainy,3,0,3,Yes,SIMULATED,True
NGP-00502,2022-06-27,2022,19:12,Jhansi Rani Square,Moderate,Car,Distracted Driving,Clear,1,0,1,Yes,SIMULATED,True
NGP-00504,2022-06-30,2022,04:46,LIC Chowk,Minor,Motorcycle,Wrong-side Driving,Clear,0,0,4,Yes,SIMULATED,True
NGP-00503,2022-06-30,2022,19:11,Airport T-Point,Moderate,Motorcycle,Pedestrian Crossing Violation,Clear,2,0,3,Yes,SIMULATED,True
NGP-00506,2022-07-01,2022,17:05,Lokmat Square,Minor,Motorcycle,Pothole/Road Defect,Clear,1,0,3,Yes,SIMULATED,True
NGP-00505,2022-07-01,2022,17:38,Golibar Chowk,Minor,Motorcycle,Pedestrian Crossing Violation,Clear,0,0,3,Yes,SIMULATED,True
NGP-00507,2022-07-03,2022,12:08,Automotive Square,Minor,Motorcycle,Brake Failure,Rainy,0,0,2,Yes,SIMULATED,True
NGP-00508,2022-07-04,2022,02:24,LAD Square,Minor,Auto-Rickshaw,Wrong-side Driving,Clear,1,0,4,Yes,SIMULATED,True
NGP-00510,2022-07-05,2022,03:24,Mate Chowk,Minor,Motorcycle,Signal Jumping,Clear,1,0,4,Yes,SIMULATED,True
NGP-00509,2022-07-05,2022,11:02,Itwari,Moderate,Motorcycle,Pedestrian Crossing Violation,Clear,2,0,2,No,SIMULATED,True
NGP-00511,2022-07-06,2022,11:12,Vaishnodevi Chowk,Minor,Auto-Rickshaw,Pedestrian Crossing Violation,Rainy,0,0,2,No,SIMULATED,True
NGP-00512,2022-07-07,2022,03:49,LAD Square,Minor,Truck,Brake Failure,Clear,0,0,1,Yes,SIMULATED,True
NGP-00514,2022-07-08,2022,08:26,Kamptee Chowk,Moderate,Car,Signal Jumping,Overcast,2,0,3,Yes,SIMULATED,True
NGP-00513,2022-07-08,2022,11:24,Alankar Square,Minor,Truck,Wrong-side Driving,Clear,1,0,2,No,SIMULATED,True
NGP-00515,2022-07-12,2022,22:30,Manish Nagar-Besa Junction,Moderate,Motorcycle,Lane Violation,Clear,1,0,2,Yes,SIMULATED,True
NGP-00516,2022-07-13,2022,13:38,Vaishnodevi Chowk,Moderate,Pedestrian-involved,Brake Failure,Clear,1,0,4,Yes,SIMULATED,True
NGP-00518,2022-07-14,2022,04:30,Lokmat Square,Minor,Auto-Rickshaw,Lane Violation,Clear,1,0,1,Yes,SIMULATED,True
NGP-00517,2022-07-14,2022,12:35,LIC Chowk,Minor,Bus,Brake Failure,Clear,0,0,3,Yes,SIMULATED,True
NGP-00519,2022-07-16,2022,07:06,Alankar Square,Minor,Bus,Signal Jumping,Overcast,0,0,3,Yes,SIMULATED,True
NGP-00520,2022-07-16,2022,08:43,Automotive Square,Minor,Motorcycle,Pothole/Road Defect,Clear,1,0,4,Yes,SIMULATED,True
NGP-00521,2022-07-17,2022,09:26,Golibar Chowk,Moderate,Auto-Rickshaw,Distracted Driving,Foggy,1,0,4,Yes,SIMULATED,True
NGP-00522,2022-07-18,2022,17:13,LIC Chowk,Severe,Motorcycle,Distracted Driving,Rainy,3,0,3,Yes,SIMULATED,True
NGP-00523,2022-07-19,2022,20:06,Golibar Chowk,Minor,Bicycle,Poor Visibility (Fog/Rain),Foggy,1,0,1,Yes,SIMULATED,True
NGP-00524,2022-07-20,2022,18:44,Kachipura Square,Minor,Motorcycle,Distracted Driving,Rainy,0,0,4,Yes,SIMULATED,True
NGP-00528,2022-07-22,2022,03:47,Variety Square,Moderate,Auto-Rickshaw,Overspeeding,Hot/Humid,2,0,2,Yes,SIMULATED,True
NGP-00525,2022-07-22,2022,07:56,Airport T-Point,Minor,Car,Pedestrian Crossing Violation,Foggy,0,0,2,Yes,SIMULATED,True
NGP-00526,2022-07-22,2022,08:02,Manewada Chowk,Fatal,Motorcycle,Distracted Driving,Clear,3,1,3,Yes,SIMULATED,True
NGP-00527,2022-07-22,2022,11:24,Mental Hospital Chowk,Minor,Motorcycle,Pedestrian Crossing Violation,Clear,1,0,3,Yes,SIMULATED,True
NGP-00529,2022-07-23,2022,15:15,Sitabuldi Chowk,Minor,Motorcycle,Distracted Driving,Clear,1,0,1,Yes,SIMULATED,True
NGP-00531,2022-07-25,2022,04:35,Mate Chowk,Minor,Motorcycle,Pedestrian Crossing Violation,Rainy,0,0,2,Yes,SIMULATED,True
NGP-00530,2022-07-25,2022,10:34,Jhansi Rani Square,Minor,Car,Drunk Driving,Rainy,1,0,2,Yes,SIMULATED,True
NGP-00532,2022-07-27,2022,01:15,Lokmat Square,Minor,Motorcycle,Pedestrian Crossing Violation,Clear,1,0,2,Yes,SIMULATED,True
NGP-00533,2022-07-28,2022,12:41,Pratap Nagar Chowk,Minor,Motorcycle,Brake Failure,Clear,1,0,2,Yes,SIMULATED,True
NGP-00534,2022-07-30,2022,00:45,Kamptee Chowk,Minor,Car,Overspeeding,Rainy,1,0,2,Yes,SIMULATED,True
NGP-00535,2022-07-31,2022,22:03,Sakkardara Square,Minor,Car,Distracted Driving,Clear,1,0,2,Yes,SIMULATED,True
NGP-00536,2022-08-01,2022,09:31,Automotive Square,Moderate,Motorcycle,Brake Failure,Rainy,3,0,2,Yes,SIMULATED,True
NGP-00537,2022-08-05,2022,15:04,Abhyankar Nagar Square,Minor,Motorcycle,Brake Failure,Overcast,0,0,2,Yes,SIMULATED,True
NGP-00538,2022-08-06,2022,20:19,Automotive Square,Minor,Truck,Drunk Driving,Hot/Humid,0,0,1,Yes,SIMULATED,True
NGP-00539,2022-08-07,2022,18:25,Chhatrapati Square,Severe,Pedestrian-involved,Signal Jumping,Clear,4,0,1,Yes,SIMULATED,True
NGP-00540,2022-08-08,2022,13:17,Ajit Bakery Square,Minor,Motorcycle,Brake Failure,Rainy,0,0,3,Yes,SIMULATED,True
NGP-00541,2022-08-10,2022,16:42,Kadbi Chowk,Minor,Car,Pedestrian Crossing Violation,Rainy,0,0,4,Yes,SIMULATED,True
NGP-00542,2022-08-11,2022,17:54,Lokmat Square,Minor,Car,Pedestrian Crossing Violation,Clear,1,0,1,Yes,SIMULATED,True
NGP-00543,2022-08-13,2022,09:13,Laxmi Nagar Square,Minor,Motorcycle,Drunk Driving,Clear,0,0,3,Yes,SIMULATED,True
NGP-00544,2022-08-13,2022,15:52,Vaishnodevi Chowk,Minor,Motorcycle,Signal Jumping,Rainy,1,0,4,Yes,SIMULATED,True
NGP-00545,2022-08-14,2022,08:52,Mental Hospital Chowk,Moderate,Motorcycle,Pothole/Road Defect,Rainy,2,0,2,Yes,SIMULATED,True
NGP-00546,2022-08-17,2022,15:47,Jhansi Rani Square,Minor,Auto-Rickshaw,Drunk Driving,Clear,0,0,1,Yes,SIMULATED,True
NGP-00547,2022-08-18,2022,12:01,Golibar Chowk,Minor,Motorcycle,Signal Jumping,Clear,1,0,1,No,SIMULATED,True
NGP-00548,2022-08-18,2022,19:05,Variety Square,Minor,Car,Pothole/Road Defect,Hot/Humid,1,0,2,Yes,SIMULATED,True
NGP-00550,2022-08-19,2022,11:22,Kadbi Chowk,Minor,Motorcycle,Drunk Driving,Clear,1,0,4,Yes,SIMULATED,True
NGP-00549,2022-08-19,2022,15:00,Airport T-Point,Severe,Motorcycle,Pothole/Road Defect,Rainy,5,0,2,Yes,SIMULATED,True
NGP-00551,2022-08-19,2022,23:55,Laxmi Nagar Square,Moderate,Bus,Poor Visibility (Fog/Rain),Rainy,2,0,1,Yes,SIMULATED,True
NGP-00552,2022-08-22,2022,11:30,Bardi Chowk,Minor,Motorcycle,Lane Violation,Clear,0,0,3,Yes,SIMULATED,True
NGP-00556,2022-08-23,2022,06:19,Indora Chowk,Minor,Auto-Rickshaw,Wrong-side Driving,Clear,0,0,1,No,SIMULATED,True
NGP-00555,2022-08-23,2022,12:00,Chhatrapati Square,Severe,Bus,Wrong-side Driving,Clear,4,0,3,Yes,SIMULATED,True
NGP-00554,2022-08-23,2022,19:32,Automotive Square,Minor,Motorcycle,Lane Violation,Clear,1,0,1,Yes,SIMULATED,True
NGP-00553,2022-08-23,2022,20:42,Airport T-Point,Minor,Truck,Distracted Driving,Clear,0,0,4,No,SIMULATED,True
NGP-00557,2022-08-26,2022,09:01,Bardi Chowk,Minor,Motorcycle,Poor Visibility (Fog/Rain),Clear,0,0,4,Yes,SIMULATED,True
NGP-00558,2022-08-27,2022,15:25,Chhatrapati Square,Severe,Motorcycle,Wrong-side Driving,Hot/Humid,4,0,3,Yes,SIMULATED,True
NGP-00559,2022-08-27,2022,18:28,Manakpur Chowk,Moderate,Motorcycle,Distracted Driving,Foggy,1,0,2,Yes,SIMULATED,True
NGP-00560,2022-08-28,2022,09:56,Medical Chowk,Minor,Bus,Pedestrian Crossing Violation,Clear,0,0,1,No,SIMULATED,True
NGP-00561,2022-08-30,2022,20:26,Variety Square,Moderate,Bus,Distracted Driving,Clear,1,0,2,Yes,SIMULATED,True
NGP-00562,2022-09-01,2022,07:46,Bardi Chowk,Minor,Motorcycle,Brake Failure,Overcast,0,0,4,Yes,SIMULATED,True
NGP-00563,2022-09-03,2022,09:19,LIC Chowk,Moderate,Pedestrian-involved,Poor Visibility (Fog/Rain),Clear,1,0,1,Yes,SIMULATED,True
NGP-00565,2022-09-03,2022,10:52,Pratap Nagar Chowk,Minor,Auto-Rickshaw,Drunk Driving,Clear,0,0,3,No,SIMULATED,True
NGP-00564,2022-09-03,2022,19:25,Mental Hospital Chowk,Moderate,Auto-Rickshaw,Wrong-side Driving,Rainy,2,0,3,Yes,SIMULATED,True
NGP-00566,2022-09-05,2022,20:16,Indora Chowk,Minor,Auto-Rickshaw,Poor Visibility (Fog/Rain),Clear,0,0,2,No,SIMULATED,True
NGP-00567,2022-09-11,2022,18:00,Ajni Chowk,Fatal,Car,Overspeeding,Hot/Humid,2,2,3,Yes,SIMULATED,True
NGP-00568,2022-09-12,2022,22:25,Mate Chowk,Minor,Motorcycle,Signal Jumping,Rainy,0,0,4,Yes,SIMULATED,True
NGP-00570,2022-09-13,2022,05:31,Katol Road Chowk,Moderate,Bus,Brake Failure,Clear,3,0,3,Yes,SIMULATED,True
NGP-00569,2022-09-13,2022,19:56,Alankar Square,Minor,Motorcycle,Lane Violation,Clear,0,0,1,No,SIMULATED,True
NGP-00571,2022-09-14,2022,00:02,Kamptee Chowk,Minor,Auto-Rickshaw,Overspeeding,Rainy,0,0,2,Yes,SIMULATED,True
NGP-00572,2022-09-18,2022,14:12,Medical Chowk,Minor,Car,Signal Jumping,Clear,0,0,2,No,SIMULATED,True
NGP-00573,2022-09-19,2022,11:23,Bardi Chowk,Severe,Pedestrian-involved,Brake Failure,Clear,3,0,4,Yes,SIMULATED,True
NGP-00574,2022-09-19,2022,12:29,Dighori Chowk,Moderate,Bus,Overspeeding,Overcast,2,0,2,Yes,SIMULATED,True
NGP-00575,2022-09-20,2022,08:36,Dighori Chowk,Minor,Bus,Brake Failure,Overcast,1,0,1,Yes,SIMULATED,True
NGP-00576,2022-09-20,2022,19:06,LIC Chowk,Moderate,Motorcycle,Brake Failure,Hot/Humid,2,0,4,Yes,SIMULATED,True
NGP-00577,2022-09-21,2022,17:20,Manakpur Chowk,Moderate,Motorcycle,Signal Jumping,Clear,3,0,2,Yes,SIMULATED,True
NGP-00578,2022-09-21,2022,17:48,Shankar Nagar Square,Severe,Bicycle,Wrong-side Driving,Clear,2,0,4,Yes,SIMULATED,True
NGP-00579,2022-09-23,2022,10:33,Kamptee Chowk,Fatal,Car,Brake Failure,Rainy,2,2,4,Yes,SIMULATED,True
NGP-00580,2022-09-27,2022,12:45,Dighori Chowk,Severe,Car,Lane Violation,Clear,5,0,3,Yes,SIMULATED,True
NGP-00581,2022-09-27,2022,21:52,Medical Chowk,Moderate,Pedestrian-involved,Pothole/Road Defect,Clear,2,0,1,Yes,SIMULATED,True
NGP-00584,2022-09-28,2022,11:53,Variety Square,Minor,Truck,Drunk Driving,Foggy,0,0,1,Yes,SIMULATED,True
NGP-00582,2022-09-28,2022,18:38,Airport T-Point,Moderate,Motorcycle,Poor Visibility (Fog/Rain),Clear,3,0,4,Yes,SIMULATED,True
NGP-00583,2022-09-28,2022,19:13,Lokmat Square,Minor,Car,Drunk Driving,Clear,0,0,4,Yes,SIMULATED,True
NGP-00585,2022-09-30,2022,06:01,Lokmat Square,Minor,Pedestrian-involved,Overspeeding,Overcast,1,0,3,Yes,SIMULATED,True
NGP-00587,2022-09-30,2022,15:15,Variety Square,Minor,Bus,Drunk Driving,Overcast,1,0,4,No,SIMULATED,True
NGP-00586,2022-09-30,2022,17:34,Shraddhanand Peth Square,Minor,Car,Pedestrian Crossing Violation,Rainy,1,0,2,Yes,SIMULATED,True
NGP-00588,2022-10-01,2022,17:16,LIC Chowk,Minor,Motorcycle,Distracted Driving,Clear,1,0,3,Yes,SIMULATED,True
NGP-00589,2022-10-02,2022,09:20,Airport T-Point,Minor,Auto-Rickshaw,Poor Visibility (Fog/Rain),Clear,0,0,2,Yes,SIMULATED,True
NGP-00590,2022-10-02,2022,19:32,Lokmat Square,Moderate,Car,Overspeeding,Clear,2,0,4,Yes,SIMULATED,True
NGP-00591,2022-10-03,2022,16:43,Dighori Chowk,Minor,Auto-Rickshaw,Drunk Driving,Foggy,0,0,1,Yes,SIMULATED,True
NGP-00592,2022-10-05,2022,16:34,Automotive Square,Moderate,Pedestrian-involved,Brake Failure,Clear,1,0,2,Yes,SIMULATED,True
NGP-00594,2022-10-06,2022,02:44,Vaishnodevi Chowk,Moderate,Car,Poor Visibility (Fog/Rain),Clear,1,0,1,Yes,SIMULATED,True
NGP-00593,2022-10-06,2022,18:59,Gaddi Godam Chowk,Minor,Car,Wrong-side Driving,Clear,0,0,3,Yes,SIMULATED,True
NGP-00595,2022-10-07,2022,10:39,Hingna Chowk,Minor,Truck,Distracted Driving,Clear,1,0,4,Yes,SIMULATED,True
NGP-00596,2022-10-09,2022,06:43,Pardi Chowk,Minor,Bus,Pedestrian Crossing Violation,Clear,1,0,1,Yes,SIMULATED,True
NGP-00597,2022-10-09,2022,12:57,RBI Chowk,Moderate,Car,Distracted Driving,Clear,3,0,3,Yes,SIMULATED,True
NGP-00598,2022-10-10,2022,08:24,LIC Chowk,Moderate,Motorcycle,Distracted Driving,Clear,2,0,4,Yes,SIMULATED,True
NGP-00599,2022-10-12,2022,08:18,Automotive Square,Moderate,Motorcycle,Brake Failure,Clear,1,0,2,Yes,SIMULATED,True
NGP-00600,2022-10-13,2022,21:12,Pardi Chowk,Minor,Bicycle,Wrong-side Driving,Clear,1,0,4,Yes,SIMULATED,True
NGP-00601,2022-10-14,2022,16:14,Kasturchand Park Square,Minor,Bus,Brake Failure,Rainy,1,0,4,Yes,SIMULATED,True
NGP-00603,2022-10-14,2022,17:46,Variety Square,Moderate,Motorcycle,Distracted Driving,Clear,2,0,1,Yes,SIMULATED,True
NGP-00602,2022-10-14,2022,23:07,Manewada Chowk,Severe,Pedestrian-involved,Distracted Driving,Foggy,4,0,4,Yes,SIMULATED,True
NGP-00604,2022-10-15,2022,17:06,Pratap Nagar Chowk,Minor,Car,Wrong-side Driving,Overcast,1,0,2,Yes,SIMULATED,True
NGP-00605,2022-10-15,2022,17:49,Sitabuldi Chowk,Severe,Auto-Rickshaw,Distracted Driving,Clear,2,0,3,Yes,SIMULATED,True
NGP-00607,2022-10-16,2022,13:05,Cotton Market Chowk,Severe,Pedestrian-involved,Overspeeding,Clear,2,0,1,No,SIMULATED,True
NGP-00606,2022-10-16,2022,13:50,Bardi Chowk,Severe,Auto-Rickshaw,Poor Visibility (Fog/Rain),Hot/Humid,5,0,4,Yes,SIMULATED,True
NGP-00608,2022-10-17,2022,11:57,Ajit Bakery Square,Moderate,Car,Poor Visibility (Fog/Rain),Clear,2,0,1,Yes,SIMULATED,True
NGP-00609,2022-10-18,2022,16:18,Ajni Chowk,Minor,Bus,Poor Visibility (Fog/Rain),Clear,0,0,4,Yes,SIMULATED,True
NGP-00610,2022-10-18,2022,18:21,Gaddi Godam Chowk,Severe,Car,Lane Violation,Clear,5,0,4,Yes,SIMULATED,True
NGP-00611,2022-10-21,2022,02:49,Automotive Square,Moderate,Motorcycle,Distracted Driving,Clear,1,0,3,No,SIMULATED,True
NGP-00612,2022-10-21,2022,09:20,Dighori Chowk,Minor,Pedestrian-involved,Wrong-side Driving,Clear,0,0,4,Yes,SIMULATED,True
NGP-00613,2022-10-22,2022,12:38,Sakkardara Square,Moderate,Auto-Rickshaw,Pedestrian Crossing Violation,Clear,2,0,3,Yes,SIMULATED,True
NGP-00614,2022-10-24,2022,18:27,Variety Square,Moderate,Motorcycle,Overspeeding,Rainy,1,0,3,Yes,SIMULATED,True
NGP-00615,2022-10-25,2022,21:46,Ajit Bakery Square,Minor,Auto-Rickshaw,Signal Jumping,Clear,0,0,4,Yes,SIMULATED,True
NGP-00616,2022-10-26,2022,20:32,Vaishnodevi Chowk,Minor,Auto-Rickshaw,Lane Violation,Clear,1,0,4,Yes,SIMULATED,True
NGP-00617,2022-10-29,2022,16:27,Alankar Square,Minor,Pedestrian-involved,Poor Visibility (Fog/Rain),Clear,1,0,3,Yes,SIMULATED,True
NGP-00619,2022-10-31,2022,11:53,Kamptee Chowk,Minor,Motorcycle,Lane Violation,Clear,1,0,4,Yes,SIMULATED,True
NGP-00618,2022-10-31,2022,18:42,Cotton Market Chowk,Minor,Truck,Wrong-side Driving,Clear,0,0,3,Yes,SIMULATED,True
NGP-00620,2022-11-02,2022,07:24,Automotive Square,Minor,Car,Pedestrian Crossing Violation,Foggy,0,0,4,Yes,SIMULATED,True
NGP-00622,2022-11-07,2022,18:20,Kamptee Chowk,Moderate,Motorcycle,Wrong-side Driving,Clear,3,0,3,Yes,SIMULATED,True
NGP-00621,2022-11-07,2022,18:44,Dighori Chowk,Severe,Car,Pothole/Road Defect,Clear,4,0,4,Yes,SIMULATED,True
NGP-00624,2022-11-09,2022,09:28,Alankar Square,Moderate,Car,Wrong-side Driving,Clear,3,0,3,Yes,SIMULATED,True
NGP-00623,2022-11-09,2022,18:07,Airport T-Point,Minor,Car,Pedestrian Crossing Violation,Overcast,1,0,3,Yes,SIMULATED,True
NGP-00625,2022-11-11,2022,18:20,Airport T-Point,Minor,Motorcycle,Wrong-side Driving,Overcast,0,0,1,Yes,SIMULATED,True
NGP-00626,2022-11-12,2022,21:55,Katol Road Chowk,Minor,Motorcycle,Drunk Driving,Overcast,1,0,2,Yes,SIMULATED,True
NGP-00627,2022-11-13,2022,08:31,Manakpur Chowk,Moderate,Auto-Rickshaw,Overspeeding,Hot/Humid,3,0,3,Yes,SIMULATED,True
NGP-00629,2022-11-17,2022,12:31,Sakkardara Square,Minor,Bus,Lane Violation,Rainy,1,0,1,Yes,SIMULATED,True
NGP-00628,2022-11-17,2022,19:39,Indora Chowk,Minor,Bicycle,Pedestrian Crossing Violation,Hot/Humid,1,0,2,Yes,SIMULATED,True
NGP-00631,2022-11-18,2022,08:44,LAD Square,Minor,Truck,Pothole/Road Defect,Overcast,1,0,4,Yes,SIMULATED,True
NGP-00630,2022-11-18,2022,15:28,Ajit Bakery Square,Moderate,Truck,Pothole/Road Defect,Clear,2,0,1,Yes,SIMULATED,True
NGP-00633,2022-11-19,2022,09:45,Lokmat Square,Minor,Motorcycle,Signal Jumping,Clear,0,0,2,Yes,SIMULATED,True
NGP-00632,2022-11-19,2022,19:40,Airport T-Point,Minor,Truck,Wrong-side Driving,Clear,0,0,4,Yes,SIMULATED,True
NGP-00634,2022-11-21,2022,05:32,Ajit Bakery Square,Minor,Pedestrian-involved,Pothole/Road Defect,Clear,0,0,3,Yes,SIMULATED,True
NGP-00635,2022-11-22,2022,12:25,Ajit Bakery Square,Fatal,Motorcycle,Lane Violation,Hot/Humid,3,1,2,Yes,SIMULATED,True
NGP-00636,2022-11-23,2022,16:05,Lokmat Square,Minor,Motorcycle,Wrong-side Driving,Hot/Humid,0,0,4,Yes,SIMULATED,True
NGP-00639,2022-11-25,2022,11:49,Cotton Market Chowk,Minor,Bicycle,Drunk Driving,Rainy,1,0,4,Yes,SIMULATED,True
NGP-00638,2022-11-25,2022,14:33,Alankar Square,Minor,Truck,Signal Jumping,Clear,0,0,1,Yes,SIMULATED,True
NGP-00637,2022-11-25,2022,14:54,Ajni Chowk,Minor,Auto-Rickshaw,Wrong-side Driving,Foggy,1,0,4,Yes,SIMULATED,True
NGP-00640,2022-11-25,2022,20:15,Manakpur Chowk,Severe,Car,Brake Failure,Overcast,4,0,4,Yes,SIMULATED,True
NGP-00641,2022-11-28,2022,09:54,LIC Chowk,Minor,Motorcycle,Brake Failure,Rainy,0,0,3,Yes,SIMULATED,True
NGP-00642,2022-12-01,2022,14:11,Variety Square,Moderate,Auto-Rickshaw,Signal Jumping,Hot/Humid,2,0,4,Yes,SIMULATED,True
NGP-00643,2022-12-07,2022,21:25,Abhyankar Nagar Square,Minor,Motorcycle,Overspeeding,Rainy,0,0,3,Yes,SIMULATED,True
NGP-00644,2022-12-09,2022,05:26,LIC Chowk,Minor,Motorcycle,Overspeeding,Clear,0,0,2,Yes,SIMULATED,True
NGP-00645,2022-12-11,2022,12:51,LIC Chowk,Fatal,Motorcycle,Drunk Driving,Clear,1,1,2,Yes,SIMULATED,True
NGP-00646,2022-12-11,2022,19:40,Vaishnodevi Chowk,Moderate,Car,Wrong-side Driving,Rainy,2,0,3,Yes,SIMULATED,True
NGP-00647,2022-12-13,2022,07:09,Shankar Nagar Square,Minor,Auto-Rickshaw,Brake Failure,Clear,1,0,3,Yes,SIMULATED,True
NGP-00648,2022-12-14,2022,15:23,Itwari,Moderate,Auto-Rickshaw,Poor Visibility (Fog/Rain),Clear,2,0,4,Yes,SIMULATED,True
NGP-00649,2022-12-15,2022,12:56,Medical Chowk,Minor,Truck,Wrong-side Driving,Overcast,1,0,2,Yes,SIMULATED,True
NGP-00650,2022-12-16,2022,17:45,Vaishnodevi Chowk,Minor,Car,Brake Failure,Rainy,0,0,2,Yes,SIMULATED,True
NGP-00651,2022-12-17,2022,15:08,Golibar Chowk,Minor,Auto-Rickshaw,Wrong-side Driving,Clear,1,0,3,Yes,SIMULATED,True
NGP-00652,2022-12-19,2022,16:38,Kamptee Chowk,Moderate,Motorcycle,Overspeeding,Clear,3,0,4,Yes,SIMULATED,True
NGP-00653,2022-12-20,2022,09:23,Chhatrapati Square,Moderate,Car,Distracted Driving,Foggy,1,0,2,Yes,SIMULATED,True
NGP-00654,2022-12-20,2022,13:30,Manewada Chowk,Minor,Car,Poor Visibility (Fog/Rain),Foggy,1,0,3,Yes,SIMULATED,True
NGP-00656,2022-12-22,2022,08:24,Automotive Square,Minor,Motorcycle,Lane Violation,Clear,0,0,4,No,SIMULATED,True
NGP-00657,2022-12-22,2022,10:07,Sitabuldi Chowk,Severe,Pedestrian-involved,Drunk Driving,Clear,5,0,2,Yes,SIMULATED,True
NGP-00655,2022-12-22,2022,14:31,Ajit Bakery Square,Moderate,Motorcycle,Brake Failure,Rainy,2,0,3,Yes,SIMULATED,True
NGP-00658,2022-12-23,2022,15:09,Manish Nagar-Besa Junction,Severe,Motorcycle,Pothole/Road Defect,Clear,5,0,3,Yes,SIMULATED,True
NGP-00659,2022-12-25,2022,12:41,Abhyankar Nagar Square,Minor,Car,Pothole/Road Defect,Rainy,0,0,1,Yes,SIMULATED,True
NGP-00660,2022-12-25,2022,21:03,Variety Square,Minor,Car,Lane Violation,Clear,0,0,1,Yes,SIMULATED,True
NGP-00661,2022-12-27,2022,09:13,Abhyankar Nagar Square,Moderate,Auto-Rickshaw,Overspeeding,Clear,1,0,4,Yes,SIMULATED,True
NGP-00662,2022-12-27,2022,18:39,Sitabuldi Chowk,Minor,Truck,Drunk Driving,Clear,1,0,3,Yes,SIMULATED,True
NGP-00663,2022-12-29,2022,19:30,Kamptee Chowk,Moderate,Car,Distracted Driving,Overcast,3,0,1,Yes,SIMULATED,True
NGP-00664,2022-12-30,2022,11:39,Laxmi Nagar Square,Severe,Pedestrian-involved,Wrong-side Driving,Clear,5,0,2,No,SIMULATED,True
NGP-00665,2022-12-30,2022,12:33,Medical Chowk,Minor,Auto-Rickshaw,Poor Visibility (Fog/Rain),Clear,0,0,3,No,SIMULATED,True
NGP-00666,2023-01-01,2023,04:12,Katol Road Chowk,Minor,Motorcycle,Pedestrian Crossing Violation,Clear,1,0,2,Yes,SIMULATED,True
NGP-00667,2023-01-01,2023,14:28,Pardi Chowk,Minor,Car,Pothole/Road Defect,Clear,0,0,4,No,SIMULATED,True
NGP-00668,2023-01-03,2023,15:48,Dighori Chowk,Fatal,Motorcycle,Drunk Driving,Foggy,4,2,2,No,SIMULATED,True
NGP-00669,2023-01-05,2023,18:21,Sakkardara Square,Minor,Motorcycle,Wrong-side Driving,Clear,0,0,3,Yes,SIMULATED,True
NGP-00670,2023-01-05,2023,20:18,Sitabuldi Chowk,Moderate,Pedestrian-involved,Drunk Driving,Clear,2,0,3,Yes,SIMULATED,True
NGP-00671,2023-01-06,2023,17:02,Mental Hospital Chowk,Minor,Pedestrian-involved,Signal Jumping,Clear,0,0,1,Yes,SIMULATED,True
NGP-00672,2023-01-07,2023,14:58,Jhansi Rani Square,Moderate,Auto-Rickshaw,Signal Jumping,Clear,3,0,1,Yes,SIMULATED,True
NGP-00673,2023-01-10,2023,20:14,Variety Square,Minor,Car,Drunk Driving,Clear,0,0,3,Yes,SIMULATED,True
NGP-00674,2023-01-10,2023,22:46,Variety Square,Moderate,Car,Drunk Driving,Clear,1,0,2,Yes,SIMULATED,True
NGP-00675,2023-01-11,2023,09:19,Manewada Chowk,Minor,Motorcycle,Distracted Driving,Hot/Humid,1,0,3,Yes,SIMULATED,True
NGP-00676,2023-01-12,2023,21:08,Automotive Square,Moderate,Motorcycle,Overspeeding,Hot/Humid,1,0,2,Yes,SIMULATED,True
NGP-00677,2023-01-13,2023,10:32,Golibar Chowk,Moderate,Motorcycle,Poor Visibility (Fog/Rain),Clear,3,0,4,Yes,SIMULATED,True
NGP-00678,2023-01-13,2023,20:22,Sitabuldi Chowk,Minor,Car,Lane Violation,Rainy,0,0,1,Yes,SIMULATED,True
NGP-00679,2023-01-16,2023,20:35,Medical Chowk,Minor,Motorcycle,Brake Failure,Rainy,1,0,2,Yes,SIMULATED,True
NGP-00680,2023-01-18,2023,08:31,Cotton Market Chowk,Minor,Motorcycle,Distracted Driving,Foggy,0,0,4,Yes,SIMULATED,True
NGP-00681,2023-01-18,2023,13:20,Pardi Chowk,Moderate,Auto-Rickshaw,Overspeeding,Clear,2,0,3,Yes,SIMULATED,True
NGP-00682,2023-01-19,2023,12:46,Chhatrapati Square,Minor,Motorcycle,Poor Visibility (Fog/Rain),Clear,0,0,2,Yes,SIMULATED,True
NGP-00683,2023-01-20,2023,06:44,Manewada Chowk,Minor,Bicycle,Poor Visibility (Fog/Rain),Rainy,1,0,2,Yes,SIMULATED,True
NGP-00684,2023-01-21,2023,12:58,Golibar Chowk,Minor,Motorcycle,Pothole/Road Defect,Clear,1,0,1,Yes,SIMULATED,True
NGP-00685,2023-01-21,2023,16:51,Sakkardara Square,Minor,Pedestrian-involved,Poor Visibility (Fog/Rain),Clear,1,0,3,Yes,SIMULATED,True
NGP-00687,2023-01-24,2023,12:29,LIC Chowk,Minor,Motorcycle,Brake Failure,Clear,0,0,2,No,SIMULATED,True
NGP-00686,2023-01-24,2023,17:45,Airport T-Point,Fatal,Motorcycle,Signal Jumping,Rainy,1,2,3,No,SIMULATED,True
NGP-00688,2023-01-26,2023,12:35,Kamptee Chowk,Severe,Auto-Rickshaw,Pedestrian Crossing Violation,Overcast,5,0,4,Yes,SIMULATED,True
NGP-00689,2023-01-26,2023,17:57,Manewada Chowk,Severe,Motorcycle,Distracted Driving,Hot/Humid,5,0,3,Yes,SIMULATED,True
NGP-00690,2023-01-28,2023,09:17,Lokmat Square,Minor,Car,Drunk Driving,Clear,0,0,2,Yes,SIMULATED,True
NGP-00691,2023-01-29,2023,12:19,Pratap Nagar Chowk,Minor,Truck,Signal Jumping,Rainy,0,0,4,Yes,SIMULATED,True
NGP-00693,2023-01-30,2023,03:14,Cotton Market Chowk,Fatal,Motorcycle,Pedestrian Crossing Violation,Rainy,4,2,2,Yes,SIMULATED,True
NGP-00692,2023-01-30,2023,09:42,Ajni Chowk,Moderate,Bicycle,Pothole/Road Defect,Clear,3,0,3,Yes,SIMULATED,True
NGP-00694,2023-01-30,2023,10:03,Pratap Nagar Chowk,Fatal,Car,Brake Failure,Hot/Humid,2,1,3,Yes,SIMULATED,True
NGP-00695,2023-02-04,2023,01:43,Alankar Square,Moderate,Motorcycle,Drunk Driving,Rainy,2,0,2,Yes,SIMULATED,True
NGP-00696,2023-02-07,2023,04:37,Katol Road Chowk,Severe,Car,Pothole/Road Defect,Hot/Humid,4,0,1,Yes,SIMULATED,True
NGP-00698,2023-02-08,2023,11:42,RBI Chowk,Minor,Car,Pothole/Road Defect,Rainy,0,0,2,Yes,SIMULATED,True
NGP-00697,2023-02-08,2023,20:15,Manish Nagar-Besa Junction,Minor,Car,Poor Visibility (Fog/Rain),Overcast,1,0,3,Yes,SIMULATED,True
NGP-00699,2023-02-10,2023,14:59,Ajit Bakery Square,Minor,Car,Pothole/Road Defect,Clear,0,0,4,Yes,SIMULATED,True
NGP-00700,2023-02-11,2023,18:19,Kamptee Chowk,Minor,Motorcycle,Signal Jumping,Clear,1,0,4,Yes,SIMULATED,True
NGP-00701,2023-02-12,2023,16:56,Shraddhanand Peth Square,Minor,Pedestrian-involved,Pedestrian Crossing Violation,Clear,1,0,4,Yes,SIMULATED,True
NGP-00702,2023-02-14,2023,15:30,Kamptee Chowk,Minor,Motorcycle,Pedestrian Crossing Violation,Rainy,1,0,2,Yes,SIMULATED,True
NGP-00703,2023-02-14,2023,17:25,Manewada Chowk,Severe,Car,Lane Violation,Rainy,5,0,3,Yes,SIMULATED,True
NGP-00704,2023-02-15,2023,16:14,Ajit Bakery Square,Minor,Auto-Rickshaw,Distracted Driving,Hot/Humid,0,0,3,Yes,SIMULATED,True
NGP-00705,2023-02-16,2023,03:59,Ajit Bakery Square,Moderate,Motorcycle,Brake Failure,Hot/Humid,1,0,4,Yes,SIMULATED,True
NGP-00706,2023-02-16,2023,19:35,LIC Chowk,Minor,Truck,Lane Violation,Clear,1,0,2,Yes,SIMULATED,True
NGP-00707,2023-02-17,2023,08:56,Kadbi Chowk,Minor,Auto-Rickshaw,Drunk Driving,Hot/Humid,1,0,2,Yes,SIMULATED,True
NGP-00708,2023-02-17,2023,19:57,Sitabuldi Chowk,Minor,Motorcycle,Drunk Driving,Clear,0,0,4,No,SIMULATED,True
NGP-00709,2023-02-18,2023,16:51,Medical Chowk,Moderate,Bus,Signal Jumping,Clear,2,0,2,Yes,SIMULATED,True
NGP-00710,2023-02-19,2023,07:10,Kamptee Chowk,Moderate,Motorcycle,Drunk Driving,Clear,1,0,3,Yes,SIMULATED,True
NGP-00712,2023-02-21,2023,09:29,Jhansi Rani Square,Minor,Auto-Rickshaw,Drunk Driving,Clear,1,0,3,Yes,SIMULATED,True
NGP-00711,2023-02-21,2023,17:17,Cotton Market Chowk,Minor,Auto-Rickshaw,Drunk Driving,Hot/Humid,0,0,1,Yes,SIMULATED,True
NGP-00714,2023-02-21,2023,18:25,Shankar Nagar Square,Minor,Car,Lane Violation,Foggy,0,0,3,Yes,SIMULATED,True
NGP-00713,2023-02-21,2023,18:35,Kachipura Square,Minor,Car,Drunk Driving,Clear,1,0,4,Yes,SIMULATED,True
NGP-00715,2023-02-22,2023,17:02,LIC Chowk,Minor,Pedestrian-involved,Pothole/Road Defect,Rainy,1,0,1,No,SIMULATED,True
NGP-00718,2023-02-23,2023,02:10,Pardi Chowk,Moderate,Motorcycle,Poor Visibility (Fog/Rain),Foggy,1,0,4,Yes,SIMULATED,True
NGP-00717,2023-02-23,2023,14:30,Manish Nagar-Besa Junction,Minor,Bicycle,Pedestrian Crossing Violation,Rainy,1,0,4,Yes,SIMULATED,True
NGP-00716,2023-02-23,2023,14:53,Indora Chowk,Severe,Auto-Rickshaw,Lane Violation,Rainy,3,0,4,Yes,SIMULATED,True
NGP-00719,2023-02-23,2023,16:15,Sitabuldi Chowk,Minor,Motorcycle,Lane Violation,Rainy,0,0,4,Yes,SIMULATED,True
NGP-00720,2023-02-24,2023,19:55,Manewada Chowk,Minor,Bus,Distracted Driving,Clear,0,0,3,Yes,SIMULATED,True
NGP-00722,2023-02-27,2023,15:54,Manish Nagar-Besa Junction,Minor,Pedestrian-involved,Overspeeding,Rainy,0,0,2,Yes,SIMULATED,True
NGP-00723,2023-02-27,2023,16:02,Manish Nagar-Besa Junction,Moderate,Car,Brake Failure,Overcast,2,0,1,No,SIMULATED,True
NGP-00721,2023-02-27,2023,19:09,Manewada Chowk,Moderate,Auto-Rickshaw,Wrong-side Driving,Clear,2,0,1,Yes,SIMULATED,True
NGP-00724,2023-02-28,2023,07:15,Kadbi Chowk,Severe,Car,Brake Failure,Clear,4,0,2,No,SIMULATED,True
NGP-00725,2023-03-02,2023,08:55,Chhatrapati Square,Moderate,Car,Overspeeding,Clear,2,0,1,Yes,SIMULATED,True
NGP-00726,2023-03-02,2023,09:51,Itwari,Moderate,Auto-Rickshaw,Poor Visibility (Fog/Rain),Overcast,1,0,4,Yes,SIMULATED,True
NGP-00728,2023-03-03,2023,06:39,LAD Square,Moderate,Car,Brake Failure,Clear,1,0,1,No,SIMULATED,True
NGP-00729,2023-03-03,2023,07:51,Medical Chowk,Moderate,Truck,Wrong-side Driving,Clear,1,0,3,No,SIMULATED,True
NGP-00727,2023-03-03,2023,17:10,Hingna Chowk,Moderate,Bicycle,Wrong-side Driving,Clear,2,0,2,No,SIMULATED,True
NGP-00731,2023-03-04,2023,10:10,Medical Chowk,Fatal,Car,Overspeeding,Clear,1,2,4,Yes,SIMULATED,True
NGP-00730,2023-03-04,2023,11:53,Medical Chowk,Minor,Bus,Overspeeding,Rainy,0,0,2,No,SIMULATED,True
NGP-00732,2023-03-05,2023,07:24,Variety Square,Moderate,Motorcycle,Overspeeding,Clear,2,0,3,Yes,SIMULATED,True
NGP-00734,2023-03-07,2023,13:44,Mate Chowk,Moderate,Auto-Rickshaw,Overspeeding,Clear,1,0,4,Yes,SIMULATED,True
NGP-00733,2023-03-07,2023,18:48,Chhatrapati Square,Minor,Pedestrian-involved,Lane Violation,Clear,1,0,2,Yes,SIMULATED,True
NGP-00736,2023-03-08,2023,07:21,Gaddi Godam Chowk,Fatal,Auto-Rickshaw,Overspeeding,Overcast,2,2,4,Yes,SIMULATED,True
NGP-00735,2023-03-08,2023,10:25,Dighori Chowk,Minor,Car,Pothole/Road Defect,Foggy,1,0,4,No,SIMULATED,True
NGP-00737,2023-03-08,2023,18:23,Medical Chowk,Minor,Motorcycle,Pothole/Road Defect,Clear,0,0,1,Yes,SIMULATED,True
NGP-00739,2023-03-10,2023,10:56,Bardi Chowk,Moderate,Auto-Rickshaw,Poor Visibility (Fog/Rain),Clear,3,0,4,Yes,SIMULATED,True
NGP-00738,2023-03-10,2023,18:09,Automotive Square,Minor,Motorcycle,Pedestrian Crossing Violation,Clear,0,0,1,Yes,SIMULATED,True
NGP-00740,2023-03-11,2023,10:12,Pratap Nagar Chowk,Minor,Bus,Wrong-side Driving,Clear,0,0,2,Yes,SIMULATED,True
NGP-00742,2023-03-12,2023,03:28,Shankar Nagar Square,Minor,Truck,Drunk Driving,Rainy,0,0,2,Yes,SIMULATED,True
NGP-00741,2023-03-12,2023,17:26,Chhatrapati Square,Minor,Bicycle,Poor Visibility (Fog/Rain),Clear,0,0,4,Yes,SIMULATED,True
NGP-00743,2023-03-14,2023,17:15,Mate Chowk,Minor,Motorcycle,Signal Jumping,Foggy,1,0,3,Yes,SIMULATED,True
NGP-00744,2023-03-15,2023,20:49,Dighori Chowk,Minor,Motorcycle,Wrong-side Driving,Clear,1,0,1,Yes,SIMULATED,True
NGP-00746,2023-03-17,2023,15:22,Medical Chowk,Minor,Motorcycle,Drunk Driving,Rainy,0,0,4,Yes,SIMULATED,True
NGP-00745,2023-03-17,2023,15:54,Katol Road Chowk,Minor,Motorcycle,Signal Jumping,Clear,0,0,3,Yes,SIMULATED,True
NGP-00747,2023-03-18,2023,08:41,Manish Nagar-Besa Junction,Minor,Motorcycle,Overspeeding,Hot/Humid,0,0,2,Yes,SIMULATED,True
NGP-00748,2023-03-18,2023,18:35,Sitabuldi Chowk,Moderate,Car,Overspeeding,Clear,1,0,4,Yes,SIMULATED,True
NGP-00749,2023-03-19,2023,16:42,Hingna Chowk,Minor,Motorcycle,Signal Jumping,Hot/Humid,0,0,3,No,SIMULATED,True
NGP-00750,2023-03-20,2023,09:00,Kamptee Chowk,Severe,Auto-Rickshaw,Poor Visibility (Fog/Rain),Clear,2,0,4,Yes,SIMULATED,True
NGP-00751,2023-03-21,2023,16:28,RBI Chowk,Moderate,Motorcycle,Wrong-side Driving,Clear,1,0,4,Yes,SIMULATED,True
NGP-00752,2023-03-21,2023,20:16,Shankar Nagar Square,Moderate,Auto-Rickshaw,Pedestrian Crossing Violation,Rainy,2,0,3,Yes,SIMULATED,True
NGP-00753,2023-03-24,2023,17:35,Pardi Chowk,Moderate,Auto-Rickshaw,Signal Jumping,Clear,3,0,1,Yes,SIMULATED,True
NGP-00755,2023-03-27,2023,07:56,Pardi Chowk,Minor,Auto-Rickshaw,Brake Failure,Clear,1,0,4,Yes,SIMULATED,True
NGP-00756,2023-03-27,2023,16:19,Variety Square,Minor,Truck,Overspeeding,Hot/Humid,0,0,3,Yes,SIMULATED,True
NGP-00754,2023-03-27,2023,16:33,Automotive Square,Minor,Car,Wrong-side Driving,Hot/Humid,1,0,4,Yes,SIMULATED,True
NGP-00757,2023-03-29,2023,07:06,Chhatrapati Square,Minor,Car,Distracted Driving,Hot/Humid,0,0,4,Yes,SIMULATED,True
NGP-00758,2023-03-30,2023,12:58,Medical Chowk,Minor,Motorcycle,Drunk Driving,Overcast,1,0,2,Yes,SIMULATED,True
NGP-00759,2023-03-31,2023,13:06,Abhyankar Nagar Square,Minor,Car,Lane Violation,Overcast,1,0,1,Yes,SIMULATED,True
NGP-00761,2023-03-31,2023,14:05,Manakpur Chowk,Moderate,Car,Overspeeding,Hot/Humid,2,0,1,Yes,SIMULATED,True
NGP-00760,2023-03-31,2023,16:28,Ajit Bakery Square,Moderate,Motorcycle,Brake Failure,Overcast,3,0,1,Yes,SIMULATED,True
NGP-00762,2023-04-01,2023,07:38,Laxmi Nagar Square,Severe,Car,Pedestrian Crossing Violation,Foggy,5,0,1,Yes,SIMULATED,True
NGP-00764,2023-04-01,2023,08:20,Manakpur Chowk,Moderate,Bicycle,Pedestrian Crossing Violation,Clear,1,0,3,Yes,SIMULATED,True
NGP-00765,2023-04-01,2023,17:35,Pratap Nagar Chowk,Minor,Car,Pedestrian Crossing Violation,Rainy,1,0,3,Yes,SIMULATED,True
NGP-00763,2023-04-01,2023,18:11,Lokmat Square,Minor,Truck,Wrong-side Driving,Clear,0,0,1,Yes,SIMULATED,True
NGP-00766,2023-04-02,2023,18:04,Indora Chowk,Severe,Bus,Lane Violation,Clear,4,0,2,Yes,SIMULATED,True
NGP-00767,2023-04-02,2023,22:35,Shankar Nagar Square,Minor,Motorcycle,Lane Violation,Overcast,1,0,4,Yes,SIMULATED,True
NGP-00768,2023-04-03,2023,16:39,Manish Nagar-Besa Junction,Minor,Pedestrian-involved,Poor Visibility (Fog/Rain),Clear,1,0,1,Yes,SIMULATED,True
NGP-00769,2023-04-04,2023,09:47,Alankar Square,Minor,Pedestrian-involved,Brake Failure,Clear,0,0,2,Yes,SIMULATED,True
NGP-00770,2023-04-05,2023,15:23,Kamptee Chowk,Minor,Bicycle,Pothole/Road Defect,Clear,1,0,2,Yes,SIMULATED,True
NGP-00771,2023-04-06,2023,07:15,Kachipura Square,Moderate,Motorcycle,Distracted Driving,Clear,3,0,3,Yes,SIMULATED,True
NGP-00773,2023-04-07,2023,13:13,LIC Chowk,Moderate,Truck,Pothole/Road Defect,Overcast,1,0,4,Yes,SIMULATED,True
NGP-00772,2023-04-07,2023,21:48,Ajni Chowk,Minor,Car,Lane Violation,Foggy,0,0,2,No,SIMULATED,True
NGP-00774,2023-04-08,2023,06:48,LIC Chowk,Minor,Pedestrian-involved,Signal Jumping,Rainy,1,0,4,No,SIMULATED,True
NGP-00775,2023-04-09,2023,11:27,Hingna Chowk,Severe,Motorcycle,Overspeeding,Hot/Humid,3,0,1,Yes,SIMULATED,True
NGP-00776,2023-04-11,2023,07:00,Sitabuldi Chowk,Minor,Pedestrian-involved,Wrong-side Driving,Clear,0,0,4,Yes,SIMULATED,True
NGP-00777,2023-04-12,2023,07:05,Medical Chowk,Minor,Pedestrian-involved,Wrong-side Driving,Clear,1,0,3,Yes,SIMULATED,True
NGP-00778,2023-04-13,2023,12:45,LIC Chowk,Minor,Car,Pedestrian Crossing Violation,Rainy,0,0,3,Yes,SIMULATED,True
NGP-00779,2023-04-14,2023,16:50,Ajit Bakery Square,Fatal,Car,Overspeeding,Clear,3,1,2,Yes,SIMULATED,True
NGP-00780,2023-04-14,2023,21:38,Laxmi Nagar Square,Minor,Car,Wrong-side Driving,Clear,1,0,1,Yes,SIMULATED,True
NGP-00781,2023-04-14,2023,23:58,Lokmat Square,Minor,Auto-Rickshaw,Drunk Driving,Clear,1,0,3,Yes,SIMULATED,True
NGP-00782,2023-04-16,2023,18:53,Alankar Square,Minor,Motorcycle,Drunk Driving,Hot/Humid,0,0,2,Yes,SIMULATED,True
NGP-00783,2023-04-17,2023,08:15,Jhansi Rani Square,Severe,Truck,Poor Visibility (Fog/Rain),Rainy,5,0,1,Yes,SIMULATED,True
NGP-00784,2023-04-17,2023,09:29,Medical Chowk,Moderate,Motorcycle,Distracted Driving,Clear,2,0,3,Yes,SIMULATED,True
NGP-00785,2023-04-18,2023,10:55,Indora Chowk,Moderate,Motorcycle,Drunk Driving,Clear,3,0,4,Yes,SIMULATED,True
NGP-00786,2023-04-19,2023,18:10,Automotive Square,Minor,Auto-Rickshaw,Wrong-side Driving,Clear,0,0,3,Yes,SIMULATED,True
NGP-00787,2023-04-19,2023,20:32,Variety Square,Severe,Car,Pedestrian Crossing Violation,Clear,2,0,2,Yes,SIMULATED,True
NGP-00788,2023-04-22,2023,19:30,Kadbi Chowk,Moderate,Bus,Lane Violation,Clear,3,0,1,Yes,SIMULATED,True
NGP-00789,2023-04-23,2023,07:04,Kasturchand Park Square,Minor,Truck,Drunk Driving,Clear,1,0,3,Yes,SIMULATED,True
NGP-00790,2023-04-23,2023,11:59,Manakpur Chowk,Minor,Car,Poor Visibility (Fog/Rain),Rainy,1,0,2,Yes,SIMULATED,True
NGP-00791,2023-04-25,2023,05:50,Chhatrapati Square,Severe,Auto-Rickshaw,Pothole/Road Defect,Overcast,4,0,3,Yes,SIMULATED,True
NGP-00793,2023-04-25,2023,08:19,Katol Road Chowk,Minor,Motorcycle,Pothole/Road Defect,Clear,0,0,3,Yes,SIMULATED,True
NGP-00794,2023-04-25,2023,08:35,LIC Chowk,Moderate,Car,Poor Visibility (Fog/Rain),Foggy,2,0,4,Yes,SIMULATED,True
NGP-00796,2023-04-25,2023,17:26,Sitabuldi Chowk,Moderate,Motorcycle,Drunk Driving,Rainy,2,0,3,Yes,SIMULATED,True
NGP-00795,2023-04-25,2023,19:51,Pratap Nagar Chowk,Minor,Truck,Pedestrian Crossing Violation,Clear,1,0,3,Yes,SIMULATED,True
NGP-00792,2023-04-25,2023,20:29,Kasturchand Park Square,Minor,Auto-Rickshaw,Wrong-side Driving,Clear,1,0,1,Yes,SIMULATED,True
NGP-00797,2023-04-27,2023,07:54,Itwari,Minor,Bicycle,Overspeeding,Clear,0,0,1,No,SIMULATED,True
NGP-00798,2023-04-30,2023,08:33,Manakpur Chowk,Minor,Auto-Rickshaw,Overspeeding,Rainy,0,0,4,Yes,SIMULATED,True
NGP-00799,2023-04-30,2023,12:08,RBI Chowk,Moderate,Car,Drunk Driving,Clear,1,0,1,Yes,SIMULATED,True
NGP-00800,2023-05-01,2023,17:55,Alankar Square,Moderate,Pedestrian-involved,Drunk Driving,Clear,3,0,3,Yes,SIMULATED,True
NGP-00801,2023-05-02,2023,08:54,RBI Chowk,Minor,Motorcycle,Distracted Driving,Clear,1,0,3,No,SIMULATED,True
NGP-00802,2023-05-04,2023,07:38,Pratap Nagar Chowk,Moderate,Pedestrian-involved,Brake Failure,Clear,2,0,4,Yes,SIMULATED,True
NGP-00803,2023-05-05,2023,21:43,Abhyankar Nagar Square,Minor,Motorcycle,Brake Failure,Clear,1,0,4,Yes,SIMULATED,True
NGP-00804,2023-05-06,2023,17:23,Itwari,Moderate,Truck,Brake Failure,Clear,1,0,4,Yes,SIMULATED,True
NGP-00805,2023-05-07,2023,16:17,Bardi Chowk,Minor,Motorcycle,Pothole/Road Defect,Foggy,0,0,3,Yes,SIMULATED,True
NGP-00806,2023-05-10,2023,19:22,Shankar Nagar Square,Minor,Motorcycle,Pedestrian Crossing Violation,Rainy,1,0,4,Yes,SIMULATED,True
NGP-00807,2023-05-11,2023,08:43,Itwari,Severe,Pedestrian-involved,Pedestrian Crossing Violation,Clear,2,0,1,Yes,SIMULATED,True
NGP-00808,2023-05-12,2023,16:45,Shraddhanand Peth Square,Minor,Car,Overspeeding,Clear,0,0,1,Yes,SIMULATED,True
NGP-00809,2023-05-13,2023,19:28,Indora Chowk,Moderate,Motorcycle,Pothole/Road Defect,Rainy,2,0,4,Yes,SIMULATED,True
NGP-00810,2023-05-14,2023,08:00,Manish Nagar-Besa Junction,Moderate,Motorcycle,Poor Visibility (Fog/Rain),Clear,3,0,2,No,SIMULATED,True
NGP-00811,2023-05-15,2023,18:23,Airport T-Point,Fatal,Auto-Rickshaw,Pothole/Road Defect,Clear,2,2,1,Yes,SIMULATED,True
NGP-00812,2023-05-15,2023,20:36,Kamptee Chowk,Severe,Motorcycle,Distracted Driving,Clear,3,0,1,Yes,SIMULATED,True
NGP-00813,2023-05-16,2023,17:06,Sakkardara Square,Severe,Motorcycle,Overspeeding,Rainy,5,0,2,Yes,SIMULATED,True
NGP-00814,2023-05-19,2023,19:23,Sitabuldi Chowk,Minor,Motorcycle,Pedestrian Crossing Violation,Rainy,0,0,1,Yes,SIMULATED,True
NGP-00815,2023-05-20,2023,10:16,Itwari,Moderate,Car,Signal Jumping,Clear,3,0,1,Yes,SIMULATED,True
NGP-00816,2023-05-21,2023,05:56,Medical Chowk,Moderate,Car,Brake Failure,Rainy,2,0,2,Yes,SIMULATED,True
NGP-00817,2023-05-22,2023,07:16,Ajni Chowk,Severe,Motorcycle,Distracted Driving,Overcast,4,0,3,Yes,SIMULATED,True
NGP-00818,2023-05-22,2023,07:50,Manewada Chowk,Severe,Motorcycle,Overspeeding,Overcast,5,0,4,Yes,SIMULATED,True
NGP-00819,2023-05-23,2023,19:14,Manish Nagar-Besa Junction,Minor,Pedestrian-involved,Lane Violation,Clear,0,0,4,Yes,SIMULATED,True
NGP-00820,2023-05-24,2023,07:12,Kasturchand Park Square,Moderate,Motorcycle,Lane Violation,Rainy,1,0,3,Yes,SIMULATED,True
NGP-00821,2023-05-25,2023,07:05,Sitabuldi Chowk,Moderate,Car,Poor Visibility (Fog/Rain),Clear,2,0,4,Yes,SIMULATED,True
NGP-00822,2023-05-26,2023,10:03,Pratap Nagar Chowk,Minor,Car,Pothole/Road Defect,Overcast,0,0,2,Yes,SIMULATED,True
NGP-00823,2023-05-27,2023,21:53,Lokmat Square,Minor,Motorcycle,Wrong-side Driving,Hot/Humid,1,0,1,Yes,SIMULATED,True
NGP-00825,2023-05-29,2023,03:06,Vaishnodevi Chowk,Minor,Motorcycle,Distracted Driving,Rainy,0,0,2,Yes,SIMULATED,True
NGP-00824,2023-05-29,2023,06:05,Indora Chowk,Severe,Car,Pedestrian Crossing Violation,Clear,4,0,3,Yes,SIMULATED,True
NGP-00826,2023-06-01,2023,16:25,Chhatrapati Square,Minor,Truck,Pothole/Road Defect,Foggy,1,0,4,Yes,SIMULATED,True
NGP-00827,2023-06-01,2023,22:35,Jhansi Rani Square,Minor,Car,Overspeeding,Rainy,0,0,4,Yes,SIMULATED,True
NGP-00828,2023-06-02,2023,15:04,Ajni Chowk,Severe,Motorcycle,Brake Failure,Overcast,2,0,3,Yes,SIMULATED,True
NGP-00830,2023-06-04,2023,06:06,Pratap Nagar Chowk,Severe,Car,Pedestrian Crossing Violation,Clear,5,0,1,No,SIMULATED,True
NGP-00829,2023-06-04,2023,14:42,Jhansi Rani Square,Minor,Motorcycle,Signal Jumping,Rainy,1,0,3,Yes,SIMULATED,True
NGP-00831,2023-06-06,2023,13:13,Vaishnodevi Chowk,Minor,Truck,Poor Visibility (Fog/Rain),Rainy,0,0,4,Yes,SIMULATED,True
NGP-00832,2023-06-09,2023,12:24,Variety Square,Moderate,Truck,Signal Jumping,Clear,1,0,3,Yes,SIMULATED,True
NGP-00833,2023-06-10,2023,18:34,RBI Chowk,Moderate,Auto-Rickshaw,Signal Jumping,Rainy,2,0,3,No,SIMULATED,True
NGP-00834,2023-06-11,2023,08:33,Alankar Square,Moderate,Car,Poor Visibility (Fog/Rain),Rainy,2,0,1,Yes,SIMULATED,True
NGP-00835,2023-06-11,2023,10:00,Bardi Chowk,Moderate,Truck,Wrong-side Driving,Clear,2,0,3,Yes,SIMULATED,True
NGP-00836,2023-06-13,2023,09:52,Mate Chowk,Minor,Pedestrian-involved,Signal Jumping,Clear,0,0,3,Yes,SIMULATED,True
NGP-00837,2023-06-14,2023,17:06,Golibar Chowk,Moderate,Motorcycle,Signal Jumping,Clear,3,0,2,Yes,SIMULATED,True
NGP-00838,2023-06-19,2023,07:04,Indora Chowk,Minor,Motorcycle,Signal Jumping,Clear,0,0,1,No,SIMULATED,True
NGP-00839,2023-06-19,2023,12:26,Kamptee Chowk,Minor,Auto-Rickshaw,Drunk Driving,Rainy,0,0,3,Yes,SIMULATED,True
NGP-00840,2023-06-21,2023,09:54,Sitabuldi Chowk,Moderate,Auto-Rickshaw,Pothole/Road Defect,Hot/Humid,1,0,3,Yes,SIMULATED,True
NGP-00841,2023-06-22,2023,16:08,Katol Road Chowk,Minor,Motorcycle,Poor Visibility (Fog/Rain),Clear,1,0,2,Yes,SIMULATED,True
NGP-00842,2023-06-23,2023,13:57,Pardi Chowk,Moderate,Bus,Pedestrian Crossing Violation,Rainy,3,0,4,Yes,SIMULATED,True
NGP-00843,2023-06-24,2023,19:03,Katol Road Chowk,Minor,Car,Poor Visibility (Fog/Rain),Clear,0,0,1,Yes,SIMULATED,True
NGP-00844,2023-06-26,2023,04:47,Pratap Nagar Chowk,Minor,Pedestrian-involved,Distracted Driving,Clear,0,0,1,Yes,SIMULATED,True
NGP-00845,2023-06-27,2023,07:38,Ajit Bakery Square,Minor,Bus,Drunk Driving,Overcast,1,0,2,No,SIMULATED,True
NGP-00846,2023-06-28,2023,11:13,Pratap Nagar Chowk,Moderate,Motorcycle,Distracted Driving,Clear,2,0,4,No,SIMULATED,True
NGP-00847,2023-06-29,2023,23:53,Pardi Chowk,Severe,Bicycle,Signal Jumping,Overcast,5,0,4,Yes,SIMULATED,True
NGP-00849,2023-07-03,2023,08:58,Variety Square,Minor,Bus,Wrong-side Driving,Clear,0,0,4,Yes,SIMULATED,True
NGP-00848,2023-07-03,2023,14:39,Lokmat Square,Minor,Motorcycle,Signal Jumping,Hot/Humid,1,0,2,Yes,SIMULATED,True
NGP-00850,2023-07-06,2023,06:28,Kachipura Square,Minor,Pedestrian-involved,Distracted Driving,Rainy,1,0,2,No,SIMULATED,True
NGP-00851,2023-07-09,2023,16:42,Airport T-Point,Minor,Auto-Rickshaw,Overspeeding,Rainy,0,0,2,Yes,SIMULATED,True
NGP-00852,2023-07-10,2023,07:18,Chhatrapati Square,Minor,Auto-Rickshaw,Pedestrian Crossing Violation,Clear,1,0,4,Yes,SIMULATED,True
NGP-00853,2023-07-10,2023,19:07,Sakkardara Square,Minor,Motorcycle,Wrong-side Driving,Clear,1,0,4,Yes,SIMULATED,True
NGP-00854,2023-07-11,2023,10:48,Variety Square,Moderate,Pedestrian-involved,Poor Visibility (Fog/Rain),Clear,1,0,2,No,SIMULATED,True
NGP-00855,2023-07-12,2023,08:23,Shankar Nagar Square,Fatal,Motorcycle,Pothole/Road Defect,Rainy,2,2,1,Yes,SIMULATED,True
NGP-00856,2023-07-13,2023,08:06,Laxmi Nagar Square,Minor,Bicycle,Wrong-side Driving,Clear,1,0,1,Yes,SIMULATED,True
NGP-00857,2023-07-13,2023,08:17,Lokmat Square,Minor,Truck,Pothole/Road Defect,Clear,0,0,3,Yes,SIMULATED,True
NGP-00858,2023-07-14,2023,01:23,Kachipura Square,Minor,Motorcycle,Poor Visibility (Fog/Rain),Hot/Humid,0,0,3,Yes,SIMULATED,True
NGP-00859,2023-07-15,2023,07:51,Kachipura Square,Minor,Car,Wrong-side Driving,Clear,0,0,2,Yes,SIMULATED,True
NGP-00860,2023-07-15,2023,17:51,Shraddhanand Peth Square,Severe,Truck,Pedestrian Crossing Violation,Clear,4,0,1,Yes,SIMULATED,True
NGP-00861,2023-07-16,2023,15:12,Cotton Market Chowk,Moderate,Car,Pothole/Road Defect,Clear,1,0,2,No,SIMULATED,True
NGP-00862,2023-07-17,2023,22:46,Golibar Chowk,Minor,Car,Lane Violation,Clear,1,0,3,No,SIMULATED,True
NGP-00863,2023-07-18,2023,16:01,Cotton Market Chowk,Moderate,Motorcycle,Wrong-side Driving,Clear,2,0,3,Yes,SIMULATED,True
NGP-00864,2023-07-18,2023,17:43,Hingna Chowk,Minor,Motorcycle,Lane Violation,Rainy,1,0,4,Yes,SIMULATED,True
NGP-00865,2023-07-20,2023,23:19,Mental Hospital Chowk,Minor,Auto-Rickshaw,Wrong-side Driving,Clear,1,0,3,Yes,SIMULATED,True
NGP-00866,2023-07-21,2023,23:28,RBI Chowk,Minor,Car,Poor Visibility (Fog/Rain),Overcast,1,0,3,Yes,SIMULATED,True
NGP-00867,2023-07-22,2023,09:32,Hingna Chowk,Moderate,Motorcycle,Overspeeding,Clear,3,0,2,Yes,SIMULATED,True
NGP-00868,2023-07-22,2023,13:24,Medical Chowk,Minor,Auto-Rickshaw,Overspeeding,Hot/Humid,1,0,4,Yes,SIMULATED,True
NGP-00870,2023-07-23,2023,17:08,LAD Square,Minor,Motorcycle,Pedestrian Crossing Violation,Foggy,0,0,1,Yes,SIMULATED,True
NGP-00869,2023-07-23,2023,20:00,Kasturchand Park Square,Severe,Motorcycle,Lane Violation,Rainy,4,0,2,Yes,SIMULATED,True
NGP-00871,2023-07-24,2023,06:25,Ajit Bakery Square,Minor,Bicycle,Pothole/Road Defect,Overcast,1,0,2,Yes,SIMULATED,True
NGP-00872,2023-07-24,2023,07:04,Alankar Square,Moderate,Motorcycle,Poor Visibility (Fog/Rain),Overcast,3,0,2,Yes,SIMULATED,True
NGP-00873,2023-07-24,2023,15:53,Sakkardara Square,Minor,Motorcycle,Distracted Driving,Clear,1,0,4,Yes,SIMULATED,True
NGP-00875,2023-07-26,2023,17:29,Manish Nagar-Besa Junction,Severe,Bus,Signal Jumping,Hot/Humid,3,0,4,Yes,SIMULATED,True
NGP-00874,2023-07-26,2023,17:38,Manewada Chowk,Moderate,Motorcycle,Pedestrian Crossing Violation,Overcast,1,0,4,Yes,SIMULATED,True
NGP-00876,2023-07-28,2023,12:48,Pratap Nagar Chowk,Moderate,Auto-Rickshaw,Brake Failure,Clear,3,0,3,Yes,SIMULATED,True
NGP-00878,2023-07-30,2023,08:41,Manewada Chowk,Minor,Truck,Pothole/Road Defect,Clear,1,0,4,Yes,SIMULATED,True
NGP-00877,2023-07-30,2023,13:52,Laxmi Nagar Square,Minor,Car,Pedestrian Crossing Violation,Hot/Humid,0,0,2,Yes,SIMULATED,True
NGP-00879,2023-08-01,2023,23:30,Automotive Square,Severe,Motorcycle,Signal Jumping,Overcast,4,0,4,Yes,SIMULATED,True
NGP-00880,2023-08-02,2023,15:07,Variety Square,Moderate,Truck,Pothole/Road Defect,Hot/Humid,2,0,3,Yes,SIMULATED,True
NGP-00881,2023-08-03,2023,20:21,LIC Chowk,Fatal,Car,Pothole/Road Defect,Clear,2,2,3,Yes,SIMULATED,True
NGP-00882,2023-08-06,2023,08:30,Shraddhanand Peth Square,Minor,Motorcycle,Distracted Driving,Clear,0,0,2,No,SIMULATED,True
NGP-00883,2023-08-07,2023,06:54,Sakkardara Square,Minor,Car,Signal Jumping,Clear,0,0,1,Yes,SIMULATED,True
NGP-00884,2023-08-10,2023,02:24,Indora Chowk,Moderate,Car,Overspeeding,Clear,2,0,1,Yes,SIMULATED,True
NGP-00885,2023-08-10,2023,03:22,Manish Nagar-Besa Junction,Minor,Motorcycle,Brake Failure,Rainy,0,0,4,Yes,SIMULATED,True
NGP-00886,2023-08-11,2023,11:21,Variety Square,Moderate,Car,Wrong-side Driving,Foggy,3,0,4,Yes,SIMULATED,True
NGP-00887,2023-08-12,2023,05:11,Katol Road Chowk,Severe,Truck,Poor Visibility (Fog/Rain),Clear,5,0,3,Yes,SIMULATED,True
NGP-00889,2023-08-13,2023,04:56,Sakkardara Square,Moderate,Motorcycle,Distracted Driving,Clear,3,0,1,Yes,SIMULATED,True
NGP-00888,2023-08-13,2023,11:52,Mental Hospital Chowk,Minor,Motorcycle,Pothole/Road Defect,Clear,1,0,1,No,SIMULATED,True
NGP-00890,2023-08-14,2023,17:04,Automotive Square,Moderate,Bus,Drunk Driving,Clear,1,0,3,Yes,SIMULATED,True
NGP-00891,2023-08-15,2023,14:46,Manewada Chowk,Minor,Car,Distracted Driving,Clear,1,0,4,Yes,SIMULATED,True
NGP-00893,2023-08-17,2023,11:31,LIC Chowk,Moderate,Bus,Signal Jumping,Clear,2,0,1,Yes,SIMULATED,True
NGP-00892,2023-08-17,2023,17:28,Kamptee Chowk,Moderate,Pedestrian-involved,Distracted Driving,Hot/Humid,1,0,4,Yes,SIMULATED,True
NGP-00894,2023-08-17,2023,19:13,Mate Chowk,Moderate,Pedestrian-involved,Distracted Driving,Clear,1,0,2,Yes,SIMULATED,True
NGP-00895,2023-08-18,2023,20:10,Automotive Square,Minor,Motorcycle,Brake Failure,Rainy,1,0,2,Yes,SIMULATED,True
NGP-00896,2023-08-19,2023,08:42,Bardi Chowk,Moderate,Auto-Rickshaw,Pedestrian Crossing Violation,Clear,2,0,3,Yes,SIMULATED,True
NGP-00897,2023-08-20,2023,06:26,LIC Chowk,Moderate,Pedestrian-involved,Wrong-side Driving,Clear,1,0,3,Yes,SIMULATED,True
NGP-00899,2023-08-21,2023,07:04,Laxmi Nagar Square,Moderate,Auto-Rickshaw,Pedestrian Crossing Violation,Clear,3,0,2,Yes,SIMULATED,True
NGP-00898,2023-08-21,2023,14:00,Abhyankar Nagar Square,Minor,Truck,Pedestrian Crossing Violation,Hot/Humid,1,0,3,No,SIMULATED,True
NGP-00900,2023-08-22,2023,04:38,Variety Square,Moderate,Truck,Lane Violation,Clear,3,0,3,Yes,SIMULATED,True
NGP-00901,2023-08-23,2023,14:29,Kachipura Square,Moderate,Motorcycle,Lane Violation,Overcast,1,0,3,Yes,SIMULATED,True
NGP-00902,2023-08-25,2023,21:49,Bardi Chowk,Minor,Auto-Rickshaw,Poor Visibility (Fog/Rain),Overcast,1,0,3,Yes,SIMULATED,True
NGP-00903,2023-08-30,2023,17:07,Chhatrapati Square,Minor,Auto-Rickshaw,Lane Violation,Rainy,0,0,4,Yes,SIMULATED,True
NGP-00904,2023-08-30,2023,17:23,Kachipura Square,Moderate,Truck,Poor Visibility (Fog/Rain),Hot/Humid,3,0,2,Yes,SIMULATED,True
NGP-00905,2023-08-30,2023,21:05,Kamptee Chowk,Moderate,Auto-Rickshaw,Distracted Driving,Foggy,2,0,4,Yes,SIMULATED,True
NGP-00906,2023-08-31,2023,06:14,Mental Hospital Chowk,Moderate,Truck,Lane Violation,Rainy,1,0,2,Yes,SIMULATED,True
NGP-00907,2023-08-31,2023,07:13,Variety Square,Moderate,Motorcycle,Wrong-side Driving,Overcast,3,0,1,Yes,SIMULATED,True
NGP-00908,2023-09-01,2023,21:13,Alankar Square,Minor,Motorcycle,Poor Visibility (Fog/Rain),Clear,1,0,3,No,SIMULATED,True
NGP-00909,2023-09-02,2023,04:02,Dighori Chowk,Moderate,Auto-Rickshaw,Overspeeding,Overcast,2,0,2,Yes,SIMULATED,True
NGP-00911,2023-09-03,2023,18:22,Cotton Market Chowk,Moderate,Motorcycle,Brake Failure,Hot/Humid,3,0,3,Yes,SIMULATED,True
NGP-00910,2023-09-03,2023,20:10,Automotive Square,Minor,Auto-Rickshaw,Pedestrian Crossing Violation,Hot/Humid,0,0,4,Yes,SIMULATED,True
NGP-00912,2023-09-07,2023,09:00,Automotive Square,Moderate,Motorcycle,Pedestrian Crossing Violation,Clear,2,0,2,No,SIMULATED,True
NGP-00913,2023-09-07,2023,15:41,Bardi Chowk,Minor,Motorcycle,Wrong-side Driving,Overcast,0,0,1,Yes,SIMULATED,True
NGP-00915,2023-09-07,2023,19:57,Golibar Chowk,Minor,Truck,Distracted Driving,Overcast,0,0,2,Yes,SIMULATED,True
NGP-00914,2023-09-07,2023,20:20,Dighori Chowk,Minor,Motorcycle,Wrong-side Driving,Clear,1,0,1,Yes,SIMULATED,True
NGP-00917,2023-09-09,2023,15:08,Manewada Chowk,Minor,Motorcycle,Drunk Driving,Clear,0,0,3,No,SIMULATED,True
NGP-00918,2023-09-09,2023,16:45,Sitabuldi Chowk,Minor,Bus,Wrong-side Driving,Clear,0,0,3,Yes,SIMULATED,True
NGP-00916,2023-09-09,2023,20:50,Gaddi Godam Chowk,Severe,Motorcycle,Signal Jumping,Clear,4,0,3,No,SIMULATED,True
NGP-00919,2023-09-10,2023,04:11,LAD Square,Severe,Auto-Rickshaw,Brake Failure,Clear,4,0,3,Yes,SIMULATED,True
NGP-00920,2023-09-10,2023,20:16,LIC Chowk,Fatal,Car,Signal Jumping,Clear,2,2,2,Yes,SIMULATED,True
NGP-00922,2023-09-12,2023,04:12,Jhansi Rani Square,Severe,Car,Pedestrian Crossing Violation,Clear,3,0,3,Yes,SIMULATED,True
NGP-00921,2023-09-12,2023,17:23,Itwari,Severe,Motorcycle,Lane Violation,Hot/Humid,5,0,1,Yes,SIMULATED,True
NGP-00925,2023-09-13,2023,04:47,LIC Chowk,Minor,Truck,Lane Violation,Rainy,0,0,1,No,SIMULATED,True
NGP-00924,2023-09-13,2023,05:26,Kachipura Square,Minor,Truck,Drunk Driving,Clear,1,0,3,Yes,SIMULATED,True
NGP-00923,2023-09-13,2023,18:23,Itwari,Moderate,Truck,Wrong-side Driving,Clear,3,0,2,Yes,SIMULATED,True
NGP-00928,2023-09-15,2023,10:48,Lokmat Square,Minor,Bicycle,Signal Jumping,Overcast,1,0,3,Yes,SIMULATED,True
NGP-00926,2023-09-15,2023,12:07,Abhyankar Nagar Square,Minor,Truck,Poor Visibility (Fog/Rain),Overcast,1,0,3,Yes,SIMULATED,True
NGP-00929,2023-09-15,2023,20:11,Sitabuldi Chowk,Moderate,Car,Overspeeding,Clear,3,0,2,Yes,SIMULATED,True
NGP-00927,2023-09-15,2023,22:55,LAD Square,Minor,Car,Pothole/Road Defect,Clear,1,0,2,Yes,SIMULATED,True
NGP-00932,2023-09-16,2023,07:43,Pratap Nagar Chowk,Severe,Bus,Signal Jumping,Clear,5,0,1,Yes,SIMULATED,True
NGP-00931,2023-09-16,2023,15:55,Manish Nagar-Besa Junction,Minor,Truck,Brake Failure,Clear,1,0,2,Yes,SIMULATED,True
NGP-00930,2023-09-16,2023,22:34,Kadbi Chowk,Minor,Motorcycle,Pothole/Road Defect,Clear,0,0,4,Yes,SIMULATED,True
NGP-00933,2023-09-17,2023,16:37,Kasturchand Park Square,Minor,Pedestrian-involved,Pedestrian Crossing Violation,Clear,0,0,4,Yes,SIMULATED,True
NGP-00935,2023-09-19,2023,10:41,Pratap Nagar Chowk,Minor,Motorcycle,Lane Violation,Clear,1,0,3,Yes,SIMULATED,True
NGP-00934,2023-09-19,2023,21:07,Jhansi Rani Square,Severe,Auto-Rickshaw,Distracted Driving,Clear,2,0,1,Yes,SIMULATED,True
NGP-00936,2023-09-20,2023,14:16,Medical Chowk,Moderate,Truck,Distracted Driving,Clear,1,0,2,Yes,SIMULATED,True
NGP-00937,2023-09-20,2023,23:30,Pratap Nagar Chowk,Moderate,Motorcycle,Overspeeding,Clear,1,0,2,Yes,SIMULATED,True
NGP-00940,2023-09-22,2023,09:04,Sitabuldi Chowk,Minor,Motorcycle,Pothole/Road Defect,Clear,0,0,4,Yes,SIMULATED,True
NGP-00938,2023-09-22,2023,16:58,Airport T-Point,Moderate,Pedestrian-involved,Pothole/Road Defect,Clear,2,0,2,Yes,SIMULATED,True
NGP-00939,2023-09-22,2023,21:52,Airport T-Point,Minor,Motorcycle,Poor Visibility (Fog/Rain),Foggy,1,0,3,No,SIMULATED,True
NGP-00941,2023-09-23,2023,15:30,Airport T-Point,Minor,Car,Pothole/Road Defect,Overcast,1,0,4,Yes,SIMULATED,True
NGP-00942,2023-09-23,2023,17:58,Ajit Bakery Square,Minor,Bicycle,Signal Jumping,Clear,0,0,1,Yes,SIMULATED,True
NGP-00946,2023-09-25,2023,08:55,Shraddhanand Peth Square,Moderate,Car,Poor Visibility (Fog/Rain),Clear,2,0,1,Yes,SIMULATED,True
NGP-00945,2023-09-25,2023,15:24,Lokmat Square,Minor,Pedestrian-involved,Overspeeding,Clear,0,0,2,Yes,SIMULATED,True
NGP-00944,2023-09-25,2023,15:45,Jhansi Rani Square,Minor,Motorcycle,Poor Visibility (Fog/Rain),Clear,0,0,4,Yes,SIMULATED,True
NGP-00943,2023-09-25,2023,22:08,Itwari,Fatal,Motorcycle,Poor Visibility (Fog/Rain),Hot/Humid,3,1,3,Yes,SIMULATED,True
NGP-00948,2023-09-27,2023,09:34,LAD Square,Severe,Motorcycle,Brake Failure,Clear,5,0,1,Yes,SIMULATED,True
NGP-00947,2023-09-27,2023,10:33,Kadbi Chowk,Minor,Car,Wrong-side Driving,Clear,0,0,1,Yes,SIMULATED,True
NGP-00949,2023-09-29,2023,18:03,Chhatrapati Square,Moderate,Motorcycle,Pothole/Road Defect,Clear,2,0,2,Yes,SIMULATED,True
NGP-00950,2023-09-30,2023,14:30,Laxmi Nagar Square,Minor,Auto-Rickshaw,Signal Jumping,Clear,0,0,2,Yes,SIMULATED,True
NGP-00952,2023-10-01,2023,08:03,Variety Square,Minor,Motorcycle,Pedestrian Crossing Violation,Hot/Humid,0,0,1,Yes,SIMULATED,True
NGP-00951,2023-10-01,2023,15:04,Indora Chowk,Minor,Car,Pedestrian Crossing Violation,Clear,0,0,1,Yes,SIMULATED,True
NGP-00953,2023-10-02,2023,11:23,Shankar Nagar Square,Minor,Motorcycle,Pedestrian Crossing Violation,Hot/Humid,1,0,3,Yes,SIMULATED,True
NGP-00955,2023-10-03,2023,07:40,Indora Chowk,Moderate,Auto-Rickshaw,Overspeeding,Overcast,3,0,1,Yes,SIMULATED,True
NGP-00954,2023-10-03,2023,18:24,Abhyankar Nagar Square,Minor,Auto-Rickshaw,Brake Failure,Clear,1,0,4,Yes,SIMULATED,True
NGP-00957,2023-10-05,2023,13:23,LAD Square,Moderate,Motorcycle,Brake Failure,Clear,1,0,3,Yes,SIMULATED,True
NGP-00956,2023-10-05,2023,17:14,Hingna Chowk,Minor,Truck,Pedestrian Crossing Violation,Foggy,1,0,1,No,SIMULATED,True
NGP-00958,2023-10-06,2023,09:23,Kasturchand Park Square,Minor,Car,Wrong-side Driving,Hot/Humid,1,0,4,Yes,SIMULATED,True
NGP-00960,2023-10-09,2023,08:58,Ajit Bakery Square,Moderate,Car,Lane Violation,Foggy,2,0,3,Yes,SIMULATED,True
NGP-00959,2023-10-09,2023,14:24,Ajit Bakery Square,Severe,Motorcycle,Wrong-side Driving,Clear,2,0,1,Yes,SIMULATED,True
NGP-00961,2023-10-09,2023,15:05,Cotton Market Chowk,Moderate,Auto-Rickshaw,Overspeeding,Overcast,2,0,3,Yes,SIMULATED,True
NGP-00962,2023-10-11,2023,19:30,LIC Chowk,Minor,Motorcycle,Pedestrian Crossing Violation,Clear,1,0,2,Yes,SIMULATED,True
NGP-00963,2023-10-15,2023,13:36,Lokmat Square,Severe,Pedestrian-involved,Pedestrian Crossing Violation,Clear,5,0,4,Yes,SIMULATED,True
NGP-00964,2023-10-16,2023,16:34,Manakpur Chowk,Moderate,Car,Brake Failure,Overcast,1,0,3,Yes,SIMULATED,True
NGP-00965,2023-10-17,2023,07:22,Kasturchand Park Square,Minor,Motorcycle,Brake Failure,Clear,0,0,1,Yes,SIMULATED,True
NGP-00966,2023-10-18,2023,06:38,Mate Chowk,Minor,Car,Wrong-side Driving,Clear,0,0,3,No,SIMULATED,True
NGP-00967,2023-10-20,2023,04:43,Kachipura Square,Minor,Car,Pedestrian Crossing Violation,Clear,0,0,2,Yes,SIMULATED,True
NGP-00968,2023-10-20,2023,19:11,Manewada Chowk,Minor,Auto-Rickshaw,Overspeeding,Clear,1,0,3,Yes,SIMULATED,True
NGP-00969,2023-10-20,2023,19:41,Pratap Nagar Chowk,Moderate,Car,Drunk Driving,Overcast,1,0,2,Yes,SIMULATED,True
NGP-00973,2023-10-21,2023,05:35,Mental Hospital Chowk,Severe,Pedestrian-involved,Lane Violation,Hot/Humid,5,0,1,Yes,SIMULATED,True
NGP-00971,2023-10-21,2023,08:05,Jhansi Rani Square,Minor,Motorcycle,Wrong-side Driving,Overcast,1,0,1,Yes,SIMULATED,True
NGP-00970,2023-10-21,2023,12:19,Hingna Chowk,Minor,Car,Brake Failure,Clear,0,0,1,Yes,SIMULATED,True
NGP-00972,2023-10-21,2023,17:54,Manish Nagar-Besa Junction,Severe,Motorcycle,Signal Jumping,Clear,5,0,4,Yes,SIMULATED,True
NGP-00974,2023-10-23,2023,07:50,Dighori Chowk,Moderate,Car,Brake Failure,Clear,1,0,1,No,SIMULATED,True
NGP-00975,2023-10-23,2023,12:28,Pardi Chowk,Minor,Auto-Rickshaw,Wrong-side Driving,Clear,0,0,1,Yes,SIMULATED,True
NGP-00976,2023-10-23,2023,12:33,Shraddhanand Peth Square,Moderate,Motorcycle,Signal Jumping,Clear,3,0,1,No,SIMULATED,True
NGP-00977,2023-10-25,2023,11:08,Sitabuldi Chowk,Minor,Motorcycle,Lane Violation,Rainy,0,0,4,Yes,SIMULATED,True
NGP-00978,2023-10-25,2023,13:22,Vaishnodevi Chowk,Severe,Bicycle,Poor Visibility (Fog/Rain),Clear,5,0,2,Yes,SIMULATED,True
NGP-00979,2023-10-26,2023,18:01,Medical Chowk,Minor,Auto-Rickshaw,Signal Jumping,Clear,1,0,1,Yes,SIMULATED,True
NGP-00980,2023-10-28,2023,02:07,Abhyankar Nagar Square,Minor,Car,Brake Failure,Clear,0,0,3,Yes,SIMULATED,True
NGP-00981,2023-10-29,2023,11:18,Lokmat Square,Minor,Truck,Drunk Driving,Clear,0,0,4,Yes,SIMULATED,True
NGP-00983,2023-10-30,2023,15:36,Manakpur Chowk,Minor,Truck,Poor Visibility (Fog/Rain),Overcast,0,0,2,Yes,SIMULATED,True
NGP-00982,2023-10-30,2023,18:35,Kasturchand Park Square,Minor,Auto-Rickshaw,Overspeeding,Rainy,0,0,3,Yes,SIMULATED,True
NGP-00984,2023-11-01,2023,19:58,Manewada Chowk,Minor,Motorcycle,Poor Visibility (Fog/Rain),Overcast,1,0,1,Yes,SIMULATED,True
NGP-00985,2023-11-02,2023,07:57,Cotton Market Chowk,Moderate,Motorcycle,Overspeeding,Hot/Humid,1,0,3,No,SIMULATED,True
NGP-00986,2023-11-02,2023,08:53,Gaddi Godam Chowk,Minor,Car,Pedestrian Crossing Violation,Overcast,0,0,3,No,SIMULATED,True
NGP-00987,2023-11-03,2023,09:05,Automotive Square,Minor,Pedestrian-involved,Distracted Driving,Overcast,0,0,2,Yes,SIMULATED,True
NGP-00988,2023-11-05,2023,06:42,Automotive Square,Moderate,Car,Signal Jumping,Rainy,3,0,2,Yes,SIMULATED,True
NGP-00989,2023-11-05,2023,09:57,Shraddhanand Peth Square,Moderate,Truck,Overspeeding,Clear,3,0,4,No,SIMULATED,True
NGP-00990,2023-11-06,2023,09:28,Pratap Nagar Chowk,Minor,Motorcycle,Drunk Driving,Hot/Humid,0,0,2,Yes,SIMULATED,True
NGP-00991,2023-11-07,2023,17:03,Pardi Chowk,Minor,Car,Wrong-side Driving,Clear,1,0,1,Yes,SIMULATED,True
NGP-00992,2023-11-10,2023,11:06,Mate Chowk,Moderate,Bus,Pedestrian Crossing Violation,Clear,1,0,4,Yes,SIMULATED,True
NGP-00993,2023-11-11,2023,13:18,Ajit Bakery Square,Moderate,Car,Lane Violation,Foggy,3,0,1,Yes,SIMULATED,True
NGP-00994,2023-11-11,2023,14:23,Ajit Bakery Square,Moderate,Truck,Overspeeding,Hot/Humid,1,0,2,Yes,SIMULATED,True
NGP-00995,2023-11-11,2023,17:10,Kasturchand Park Square,Fatal,Car,Brake Failure,Hot/Humid,2,1,2,Yes,SIMULATED,True
NGP-00996,2023-11-12,2023,11:07,Vaishnodevi Chowk,Minor,Motorcycle,Drunk Driving,Hot/Humid,1,0,2,Yes,SIMULATED,True
NGP-00997,2023-11-13,2023,21:49,LAD Square,Minor,Motorcycle,Wrong-side Driving,Clear,1,0,1,Yes,SIMULATED,True
NGP-00998,2023-11-14,2023,15:20,Bardi Chowk,Severe,Car,Drunk Driving,Clear,2,0,4,Yes,SIMULATED,True
NGP-01000,2023-11-15,2023,06:23,Sitabuldi Chowk,Moderate,Car,Brake Failure,Clear,1,0,4,Yes,SIMULATED,True
NGP-00999,2023-11-15,2023,10:53,Jhansi Rani Square,Minor,Motorcycle,Pothole/Road Defect,Clear,0,0,1,Yes,SIMULATED,True
NGP-01001,2023-11-16,2023,20:46,Laxmi Nagar Square,Minor,Truck,Wrong-side Driving,Rainy,1,0,3,Yes,SIMULATED,True
NGP-01002,2023-11-17,2023,07:57,Kasturchand Park Square,Minor,Pedestrian-involved,Signal Jumping,Clear,0,0,1,Yes,SIMULATED,True
NGP-01003,2023-11-19,2023,07:50,Cotton Market Chowk,Minor,Motorcycle,Pothole/Road Defect,Clear,0,0,3,Yes,SIMULATED,True
NGP-01004,2023-11-21,2023,12:33,LIC Chowk,Moderate,Car,Lane Violation,Rainy,2,0,3,Yes,SIMULATED,True
NGP-01005,2023-11-27,2023,16:11,Vaishnodevi Chowk,Minor,Car,Wrong-side Driving,Hot/Humid,0,0,2,Yes,SIMULATED,True
NGP-01008,2023-11-28,2023,00:51,Pratap Nagar Chowk,Minor,Bus,Pedestrian Crossing Violation,Clear,0,0,1,Yes,SIMULATED,True
NGP-01006,2023-11-28,2023,08:01,Indora Chowk,Minor,Car,Wrong-side Driving,Clear,0,0,4,Yes,SIMULATED,True
NGP-01007,2023-11-28,2023,17:32,Lokmat Square,Minor,Car,Drunk Driving,Rainy,1,0,3,No,SIMULATED,True
NGP-01009,2023-12-01,2023,17:44,Variety Square,Severe,Car,Overspeeding,Clear,2,0,1,Yes,SIMULATED,True
NGP-01010,2023-12-02,2023,15:05,Ajit Bakery Square,Moderate,Motorcycle,Wrong-side Driving,Clear,1,0,3,Yes,SIMULATED,True
NGP-01011,2023-12-02,2023,18:23,LIC Chowk,Severe,Motorcycle,Poor Visibility (Fog/Rain),Clear,5,0,1,Yes,SIMULATED,True
NGP-01012,2023-12-03,2023,11:07,LIC Chowk,Minor,Car,Brake Failure,Clear,1,0,1,Yes,SIMULATED,True
NGP-01013,2023-12-03,2023,21:56,LIC Chowk,Minor,Motorcycle,Lane Violation,Clear,1,0,4,Yes,SIMULATED,True
NGP-01014,2023-12-04,2023,07:21,LIC Chowk,Minor,Auto-Rickshaw,Overspeeding,Overcast,0,0,3,Yes,SIMULATED,True
NGP-01015,2023-12-05,2023,19:15,Kamptee Chowk,Severe,Motorcycle,Distracted Driving,Clear,4,0,1,Yes,SIMULATED,True
NGP-01016,2023-12-06,2023,17:23,Kadbi Chowk,Moderate,Auto-Rickshaw,Poor Visibility (Fog/Rain),Clear,2,0,3,Yes,SIMULATED,True
NGP-01017,2023-12-09,2023,08:33,Manish Nagar-Besa Junction,Moderate,Auto-Rickshaw,Lane Violation,Clear,2,0,1,Yes,SIMULATED,True
NGP-01019,2023-12-10,2023,12:06,Vaishnodevi Chowk,Moderate,Truck,Drunk Driving,Clear,3,0,3,Yes,SIMULATED,True
NGP-01018,2023-12-10,2023,17:29,Vaishnodevi Chowk,Minor,Auto-Rickshaw,Lane Violation,Rainy,0,0,1,Yes,SIMULATED,True
NGP-01020,2023-12-12,2023,09:51,Lokmat Square,Severe,Motorcycle,Pothole/Road Defect,Rainy,4,0,1,Yes,SIMULATED,True
NGP-01021,2023-12-13,2023,13:41,Pratap Nagar Chowk,Moderate,Car,Distracted Driving,Hot/Humid,1,0,4,No,SIMULATED,True
NGP-01022,2023-12-15,2023,07:41,Chhatrapati Square,Minor,Motorcycle,Overspeeding,Rainy,0,0,4,Yes,SIMULATED,True
NGP-01024,2023-12-15,2023,09:26,Shankar Nagar Square,Moderate,Motorcycle,Drunk Driving,Clear,2,0,4,Yes,SIMULATED,True
NGP-01023,2023-12-15,2023,21:14,Chhatrapati Square,Moderate,Motorcycle,Signal Jumping,Clear,2,0,3,No,SIMULATED,True
NGP-01025,2023-12-16,2023,09:52,Hingna Chowk,Minor,Car,Drunk Driving,Clear,1,0,2,Yes,SIMULATED,True
NGP-01027,2023-12-17,2023,07:30,Manish Nagar-Besa Junction,Moderate,Pedestrian-involved,Wrong-side Driving,Rainy,3,0,4,Yes,SIMULATED,True
NGP-01026,2023-12-17,2023,16:47,Lokmat Square,Fatal,Bicycle,Overspeeding,Clear,3,1,3,Yes,SIMULATED,True
NGP-01028,2023-12-18,2023,10:32,Chhatrapati Square,Minor,Pedestrian-involved,Poor Visibility (Fog/Rain),Hot/Humid,1,0,3,Yes,SIMULATED,True
NGP-01029,2023-12-18,2023,20:45,LIC Chowk,Moderate,Motorcycle,Wrong-side Driving,Foggy,2,0,2,Yes,SIMULATED,True
NGP-01030,2023-12-19,2023,10:43,Kachipura Square,Moderate,Motorcycle,Overspeeding,Clear,1,0,2,Yes,SIMULATED,True
NGP-01032,2023-12-20,2023,11:41,Sakkardara Square,Minor,Motorcycle,Pothole/Road Defect,Clear,1,0,2,Yes,SIMULATED,True
NGP-01031,2023-12-20,2023,18:48,Lokmat Square,Moderate,Bicycle,Drunk Driving,Clear,2,0,1,No,SIMULATED,True
NGP-01034,2023-12-21,2023,12:24,Lokmat Square,Minor,Car,Pothole/Road Defect,Clear,0,0,4,Yes,SIMULATED,True
NGP-01033,2023-12-21,2023,18:06,LIC Chowk,Minor,Motorcycle,Wrong-side Driving,Clear,0,0,4,Yes,SIMULATED,True
NGP-01035,2023-12-21,2023,22:16,Mate Chowk,Minor,Car,Poor Visibility (Fog/Rain),Clear,0,0,1,Yes,SIMULATED,True
NGP-01036,2023-12-22,2023,01:36,Bardi Chowk,Minor,Auto-Rickshaw,Pedestrian Crossing Violation,Overcast,0,0,3,Yes,SIMULATED,True
NGP-01037,2023-12-24,2023,13:51,Shraddhanand Peth Square,Minor,Pedestrian-involved,Drunk Driving,Clear,1,0,4,Yes,SIMULATED,True
NGP-01039,2023-12-25,2023,06:59,Indora Chowk,Moderate,Truck,Poor Visibility (Fog/Rain),Clear,1,0,1,Yes,SIMULATED,True
NGP-01040,2023-12-25,2023,17:47,Sitabuldi Chowk,Moderate,Motorcycle,Brake Failure,Clear,2,0,1,Yes,SIMULATED,True
NGP-01038,2023-12-25,2023,19:18,Alankar Square,Minor,Bicycle,Drunk Driving,Clear,1,0,1,Yes,SIMULATED,True
NGP-01043,2023-12-26,2023,01:40,LIC Chowk,Minor,Motorcycle,Lane Violation,Clear,1,0,2,Yes,SIMULATED,True
NGP-01042,2023-12-26,2023,03:57,LIC Chowk,Minor,Auto-Rickshaw,Overspeeding,Rainy,0,0,2,Yes,SIMULATED,True
NGP-01041,2023-12-26,2023,09:31,Itwari,Moderate,Car,Wrong-side Driving,Rainy,1,0,3,Yes,SIMULATED,True
NGP-01046,2023-12-27,2023,00:23,Pratap Nagar Chowk,Minor,Car,Distracted Driving,Clear,0,0,4,No,SIMULATED,True
NGP-01045,2023-12-27,2023,14:41,Pardi Chowk,Minor,Car,Pothole/Road Defect,Rainy,0,0,2,Yes,SIMULATED,True
NGP-01044,2023-12-27,2023,15:53,Medical Chowk,Minor,Car,Drunk Driving,Rainy,0,0,3,Yes,SIMULATED,True
NGP-01047,2023-12-30,2023,11:09,Gaddi Godam Chowk,Severe,Auto-Rickshaw,Overspeeding,Rainy,3,0,3,Yes,SIMULATED,True
NGP-01048,2023-12-31,2023,05:57,Pratap Nagar Chowk,Minor,Motorcycle,Pothole/Road Defect,Clear,1,0,4,Yes,SIMULATED,True
NGP-01049,2024-01-01,2024,13:55,Mental Hospital Chowk,Severe,Car,Signal Jumping,Rainy,4,0,3,Yes,SIMULATED,True
NGP-01050,2024-01-04,2024,14:21,Manish Nagar-Besa Junction,Severe,Car,Poor Visibility (Fog/Rain),Clear,2,0,4,Yes,SIMULATED,True
NGP-01051,2024-01-05,2024,09:50,Cotton Market Chowk,Severe,Motorcycle,Pedestrian Crossing Violation,Clear,2,0,4,Yes,SIMULATED,True
NGP-01054,2024-01-07,2024,07:54,Variety Square,Minor,Motorcycle,Brake Failure,Clear,1,0,4,Yes,SIMULATED,True
NGP-01052,2024-01-07,2024,09:24,Automotive Square,Severe,Auto-Rickshaw,Brake Failure,Clear,4,0,3,Yes,SIMULATED,True
NGP-01053,2024-01-07,2024,18:59,Mate Chowk,Minor,Motorcycle,Brake Failure,Clear,0,0,1,Yes,SIMULATED,True
NGP-01057,2024-01-08,2024,19:11,Kasturchand Park Square,Minor,Truck,Pedestrian Crossing Violation,Rainy,0,0,2,Yes,SIMULATED,True
NGP-01055,2024-01-08,2024,20:57,Abhyankar Nagar Square,Severe,Motorcycle,Overspeeding,Clear,3,0,3,Yes,SIMULATED,True
NGP-01056,2024-01-08,2024,21:14,Dighori Chowk,Severe,Motorcycle,Pothole/Road Defect,Clear,4,0,2,Yes,SIMULATED,True
NGP-01058,2024-01-09,2024,18:00,LAD Square,Minor,Motorcycle,Signal Jumping,Clear,1,0,1,Yes,SIMULATED,True
NGP-01059,2024-01-11,2024,19:22,Manakpur Chowk,Moderate,Motorcycle,Pothole/Road Defect,Clear,3,0,2,Yes,SIMULATED,True
NGP-01060,2024-01-12,2024,11:20,Lokmat Square,Minor,Motorcycle,Drunk Driving,Clear,1,0,2,No,SIMULATED,True
NGP-01061,2024-01-15,2024,19:55,Sitabuldi Chowk,Minor,Auto-Rickshaw,Poor Visibility (Fog/Rain),Rainy,0,0,3,Yes,SIMULATED,True
NGP-01062,2024-01-16,2024,10:44,Mental Hospital Chowk,Moderate,Bus,Pothole/Road Defect,Clear,1,0,4,Yes,SIMULATED,True
NGP-01063,2024-01-17,2024,12:33,Mate Chowk,Minor,Motorcycle,Brake Failure,Rainy,1,0,3,Yes,SIMULATED,True
NGP-01065,2024-01-18,2024,11:30,Vaishnodevi Chowk,Minor,Auto-Rickshaw,Pedestrian Crossing Violation,Clear,0,0,3,Yes,SIMULATED,True
NGP-01064,2024-01-18,2024,12:01,Kamptee Chowk,Moderate,Motorcycle,Pedestrian Crossing Violation,Hot/Humid,2,0,2,Yes,SIMULATED,True
NGP-01067,2024-01-19,2024,09:42,Variety Square,Severe,Motorcycle,Overspeeding,Clear,3,0,3,Yes,SIMULATED,True
NGP-01066,2024-01-19,2024,21:31,Abhyankar Nagar Square,Moderate,Motorcycle,Wrong-side Driving,Clear,3,0,1,Yes,SIMULATED,True
NGP-01068,2024-01-20,2024,14:09,Shraddhanand Peth Square,Minor,Truck,Distracted Driving,Clear,1,0,3,Yes,SIMULATED,True
NGP-01070,2024-01-21,2024,07:48,Variety Square,Severe,Auto-Rickshaw,Lane Violation,Rainy,5,0,1,No,SIMULATED,True
NGP-01069,2024-01-21,2024,16:19,Pratap Nagar Chowk,Moderate,Car,Lane Violation,Clear,1,0,3,Yes,SIMULATED,True
NGP-01071,2024-01-23,2024,19:55,Mate Chowk,Moderate,Bicycle,Wrong-side Driving,Clear,1,0,1,Yes,SIMULATED,True
NGP-01072,2024-01-26,2024,10:38,Mate Chowk,Moderate,Bicycle,Drunk Driving,Foggy,2,0,1,Yes,SIMULATED,True
NGP-01073,2024-01-26,2024,12:03,Variety Square,Moderate,Bicycle,Wrong-side Driving,Rainy,1,0,3,Yes,SIMULATED,True
NGP-01074,2024-01-27,2024,08:07,Cotton Market Chowk,Moderate,Pedestrian-involved,Drunk Driving,Clear,3,0,2,Yes,SIMULATED,True
NGP-01075,2024-01-28,2024,15:03,Automotive Square,Minor,Motorcycle,Signal Jumping,Clear,1,0,2,No,SIMULATED,True
NGP-01076,2024-01-28,2024,16:13,Kachipura Square,Minor,Motorcycle,Wrong-side Driving,Clear,1,0,4,Yes,SIMULATED,True
NGP-01077,2024-01-29,2024,06:46,LIC Chowk,Minor,Car,Pedestrian Crossing Violation,Rainy,1,0,3,Yes,SIMULATED,True
NGP-01078,2024-01-31,2024,07:30,Itwari,Moderate,Bus,Distracted Driving,Rainy,1,0,1,Yes,SIMULATED,True
NGP-01079,2024-01-31,2024,20:11,Shraddhanand Peth Square,Minor,Motorcycle,Distracted Driving,Clear,1,0,4,Yes,SIMULATED,True
NGP-01081,2024-02-02,2024,11:03,Sitabuldi Chowk,Moderate,Car,Lane Violation,Clear,2,0,1,Yes,SIMULATED,True
NGP-01080,2024-02-02,2024,12:21,Abhyankar Nagar Square,Moderate,Pedestrian-involved,Pothole/Road Defect,Clear,1,0,4,Yes,SIMULATED,True
NGP-01082,2024-02-04,2024,07:42,Pratap Nagar Chowk,Minor,Auto-Rickshaw,Distracted Driving,Foggy,1,0,3,Yes,SIMULATED,True
NGP-01083,2024-02-05,2024,06:18,Katol Road Chowk,Minor,Truck,Brake Failure,Clear,0,0,3,Yes,SIMULATED,True
NGP-01084,2024-02-05,2024,20:39,Shraddhanand Peth Square,Moderate,Auto-Rickshaw,Drunk Driving,Clear,2,0,4,Yes,SIMULATED,True
NGP-01085,2024-02-06,2024,13:11,Cotton Market Chowk,Moderate,Motorcycle,Brake Failure,Clear,3,0,2,No,SIMULATED,True
NGP-01086,2024-02-06,2024,22:21,Sitabuldi Chowk,Moderate,Bicycle,Wrong-side Driving,Clear,1,0,2,Yes,SIMULATED,True
NGP-01087,2024-02-09,2024,11:06,Pardi Chowk,Moderate,Bus,Lane Violation,Rainy,1,0,1,Yes,SIMULATED,True
NGP-01088,2024-02-10,2024,13:22,Kamptee Chowk,Minor,Car,Poor Visibility (Fog/Rain),Clear,0,0,4,Yes,SIMULATED,True
NGP-01090,2024-02-13,2024,08:39,Variety Square,Minor,Truck,Lane Violation,Foggy,1,0,2,No,SIMULATED,True
NGP-01089,2024-02-13,2024,14:14,Sitabuldi Chowk,Minor,Bus,Distracted Driving,Clear,1,0,2,Yes,SIMULATED,True
NGP-01092,2024-02-14,2024,08:11,Gaddi Godam Chowk,Moderate,Truck,Pothole/Road Defect,Clear,2,0,4,Yes,SIMULATED,True
NGP-01091,2024-02-14,2024,09:43,Ajni Chowk,Minor,Motorcycle,Lane Violation,Clear,1,0,2,Yes,SIMULATED,True
NGP-01093,2024-02-14,2024,15:42,Laxmi Nagar Square,Minor,Motorcycle,Pothole/Road Defect,Clear,0,0,2,Yes,SIMULATED,True
NGP-01094,2024-02-16,2024,10:56,Indora Chowk,Minor,Motorcycle,Wrong-side Driving,Clear,0,0,1,Yes,SIMULATED,True
NGP-01095,2024-02-17,2024,08:29,Gaddi Godam Chowk,Minor,Motorcycle,Signal Jumping,Clear,1,0,3,Yes,SIMULATED,True
NGP-01096,2024-02-18,2024,18:22,Kamptee Chowk,Minor,Motorcycle,Brake Failure,Clear,0,0,2,No,SIMULATED,True
NGP-01097,2024-02-19,2024,06:10,Abhyankar Nagar Square,Minor,Car,Pedestrian Crossing Violation,Overcast,1,0,1,No,SIMULATED,True
NGP-01098,2024-02-20,2024,07:25,Automotive Square,Minor,Motorcycle,Pedestrian Crossing Violation,Rainy,1,0,4,Yes,SIMULATED,True
NGP-01099,2024-02-20,2024,15:22,Automotive Square,Minor,Motorcycle,Brake Failure,Clear,0,0,2,Yes,SIMULATED,True
NGP-01100,2024-02-21,2024,05:24,Alankar Square,Moderate,Motorcycle,Pedestrian Crossing Violation,Rainy,3,0,2,Yes,SIMULATED,True
NGP-01101,2024-02-22,2024,13:04,Shraddhanand Peth Square,Moderate,Car,Signal Jumping,Rainy,1,0,3,No,SIMULATED,True
NGP-01102,2024-02-23,2024,09:35,Kamptee Chowk,Minor,Car,Wrong-side Driving,Clear,0,0,4,Yes,SIMULATED,True
NGP-01105,2024-02-24,2024,07:01,Chhatrapati Square,Minor,Auto-Rickshaw,Wrong-side Driving,Foggy,0,0,3,Yes,SIMULATED,True
NGP-01103,2024-02-24,2024,11:38,Abhyankar Nagar Square,Moderate,Motorcycle,Brake Failure,Rainy,1,0,2,Yes,SIMULATED,True
NGP-01104,2024-02-24,2024,17:31,Ajit Bakery Square,Moderate,Auto-Rickshaw,Poor Visibility (Fog/Rain),Hot/Humid,3,0,1,Yes,SIMULATED,True
NGP-01106,2024-02-24,2024,17:44,Pardi Chowk,Severe,Motorcycle,Brake Failure,Clear,4,0,4,Yes,SIMULATED,True
NGP-01108,2024-02-25,2024,11:59,Sakkardara Square,Fatal,Motorcycle,Pedestrian Crossing Violation,Clear,1,2,3,Yes,SIMULATED,True
NGP-01107,2024-02-25,2024,13:55,Pratap Nagar Chowk,Severe,Motorcycle,Distracted Driving,Foggy,2,0,4,Yes,SIMULATED,True
NGP-01109,2024-02-26,2024,20:18,Laxmi Nagar Square,Minor,Motorcycle,Distracted Driving,Clear,0,0,4,No,SIMULATED,True
NGP-01110,2024-02-27,2024,01:31,Kachipura Square,Minor,Motorcycle,Brake Failure,Foggy,0,0,2,Yes,SIMULATED,True
NGP-01112,2024-02-27,2024,09:39,Manewada Chowk,Minor,Motorcycle,Drunk Driving,Rainy,0,0,2,Yes,SIMULATED,True
NGP-01113,2024-02-27,2024,11:44,Vaishnodevi Chowk,Moderate,Auto-Rickshaw,Brake Failure,Clear,3,0,1,Yes,SIMULATED,True
NGP-01111,2024-02-27,2024,14:29,Kadbi Chowk,Moderate,Motorcycle,Brake Failure,Rainy,2,0,2,No,SIMULATED,True
NGP-01114,2024-03-01,2024,12:47,Sakkardara Square,Fatal,Motorcycle,Signal Jumping,Rainy,1,2,2,No,SIMULATED,True
NGP-01115,2024-03-03,2024,04:21,Jhansi Rani Square,Moderate,Auto-Rickshaw,Distracted Driving,Rainy,3,0,4,Yes,SIMULATED,True
NGP-01116,2024-03-03,2024,10:59,Shankar Nagar Square,Moderate,Truck,Lane Violation,Clear,3,0,3,Yes,SIMULATED,True
NGP-01117,2024-03-03,2024,22:12,Sitabuldi Chowk,Minor,Bicycle,Pedestrian Crossing Violation,Clear,1,0,2,Yes,SIMULATED,True
NGP-01118,2024-03-04,2024,14:40,Variety Square,Fatal,Truck,Brake Failure,Clear,1,1,3,Yes,SIMULATED,True
NGP-01120,2024-03-05,2024,09:47,Sitabuldi Chowk,Minor,Car,Distracted Driving,Rainy,0,0,1,Yes,SIMULATED,True
NGP-01119,2024-03-05,2024,16:16,Kasturchand Park Square,Severe,Motorcycle,Distracted Driving,Clear,2,0,2,Yes,SIMULATED,True
NGP-01121,2024-03-06,2024,16:23,Indora Chowk,Minor,Car,Overspeeding,Clear,1,0,1,Yes,SIMULATED,True
NGP-01122,2024-03-07,2024,18:46,Sakkardara Square,Severe,Truck,Lane Violation,Clear,5,0,4,Yes,SIMULATED,True
NGP-01125,2024-03-09,2024,13:41,Mental Hospital Chowk,Minor,Car,Signal Jumping,Clear,0,0,1,Yes,SIMULATED,True
NGP-01124,2024-03-09,2024,16:19,Itwari,Minor,Car,Brake Failure,Overcast,1,0,3,Yes,SIMULATED,True
NGP-01123,2024-03-09,2024,17:30,Chhatrapati Square,Moderate,Auto-Rickshaw,Pedestrian Crossing Violation,Rainy,3,0,3,Yes,SIMULATED,True
NGP-01127,2024-03-11,2024,10:15,Kamptee Chowk,Fatal,Motorcycle,Pedestrian Crossing Violation,Overcast,3,2,2,Yes,SIMULATED,True
NGP-01126,2024-03-11,2024,12:58,Chhatrapati Square,Minor,Auto-Rickshaw,Lane Violation,Rainy,1,0,2,Yes,SIMULATED,True
NGP-01128,2024-03-11,2024,17:55,Mental Hospital Chowk,Moderate,Pedestrian-involved,Pothole/Road Defect,Clear,3,0,4,No,SIMULATED,True
NGP-01129,2024-03-13,2024,09:54,Vaishnodevi Chowk,Moderate,Car,Lane Violation,Rainy,3,0,3,Yes,SIMULATED,True
NGP-01131,2024-03-14,2024,12:08,Mental Hospital Chowk,Severe,Motorcycle,Pothole/Road Defect,Hot/Humid,5,0,1,No,SIMULATED,True
NGP-01130,2024-03-14,2024,17:58,Kadbi Chowk,Moderate,Motorcycle,Distracted Driving,Overcast,3,0,3,No,SIMULATED,True
NGP-01132,2024-03-15,2024,05:49,Medical Chowk,Moderate,Motorcycle,Distracted Driving,Clear,1,0,4,No,SIMULATED,True
NGP-01133,2024-03-16,2024,14:34,Indora Chowk,Minor,Motorcycle,Brake Failure,Rainy,0,0,3,Yes,SIMULATED,True
NGP-01134,2024-03-18,2024,11:42,Ajni Chowk,Severe,Truck,Pothole/Road Defect,Clear,4,0,2,Yes,SIMULATED,True
NGP-01135,2024-03-20,2024,16:00,RBI Chowk,Moderate,Pedestrian-involved,Overspeeding,Overcast,2,0,2,Yes,SIMULATED,True
NGP-01136,2024-03-21,2024,16:00,Lokmat Square,Minor,Car,Signal Jumping,Clear,1,0,1,Yes,SIMULATED,True
NGP-01137,2024-03-22,2024,04:33,Cotton Market Chowk,Severe,Bicycle,Lane Violation,Rainy,2,0,1,Yes,SIMULATED,True
NGP-01138,2024-03-22,2024,16:41,Kachipura Square,Minor,Auto-Rickshaw,Overspeeding,Clear,0,0,3,Yes,SIMULATED,True
NGP-01139,2024-03-24,2024,03:02,Dighori Chowk,Minor,Auto-Rickshaw,Drunk Driving,Overcast,0,0,4,Yes,SIMULATED,True
NGP-01140,2024-03-27,2024,18:52,Hingna Chowk,Minor,Truck,Pedestrian Crossing Violation,Clear,1,0,4,Yes,SIMULATED,True
NGP-01141,2024-03-28,2024,07:39,Gaddi Godam Chowk,Moderate,Car,Distracted Driving,Overcast,1,0,3,Yes,SIMULATED,True
NGP-01142,2024-03-30,2024,17:50,LIC Chowk,Minor,Motorcycle,Poor Visibility (Fog/Rain),Clear,0,0,1,Yes,SIMULATED,True
NGP-01143,2024-03-31,2024,16:04,Indora Chowk,Severe,Bus,Pothole/Road Defect,Clear,4,0,1,Yes,SIMULATED,True
NGP-01144,2024-04-01,2024,08:39,Jhansi Rani Square,Moderate,Car,Distracted Driving,Clear,1,0,2,Yes,SIMULATED,True
NGP-01146,2024-04-01,2024,15:56,LAD Square,Moderate,Car,Pedestrian Crossing Violation,Clear,1,0,3,Yes,SIMULATED,True
NGP-01147,2024-04-01,2024,17:09,Shraddhanand Peth Square,Minor,Bus,Signal Jumping,Clear,1,0,4,Yes,SIMULATED,True
NGP-01145,2024-04-01,2024,19:08,Kachipura Square,Minor,Bicycle,Poor Visibility (Fog/Rain),Foggy,1,0,4,Yes,SIMULATED,True
NGP-01148,2024-04-01,2024,21:19,Variety Square,Minor,Truck,Pothole/Road Defect,Hot/Humid,0,0,3,Yes,SIMULATED,True
NGP-01149,2024-04-02,2024,17:26,Variety Square,Minor,Auto-Rickshaw,Pothole/Road Defect,Rainy,0,0,3,Yes,SIMULATED,True
NGP-01150,2024-04-03,2024,18:07,Medical Chowk,Minor,Motorcycle,Distracted Driving,Hot/Humid,0,0,4,Yes,SIMULATED,True
NGP-01151,2024-04-04,2024,13:46,Chhatrapati Square,Moderate,Motorcycle,Wrong-side Driving,Clear,2,0,1,No,SIMULATED,True
NGP-01152,2024-04-04,2024,16:30,Chhatrapati Square,Moderate,Car,Brake Failure,Clear,2,0,2,Yes,SIMULATED,True
NGP-01153,2024-04-04,2024,17:54,Katol Road Chowk,Minor,Motorcycle,Pedestrian Crossing Violation,Clear,0,0,3,Yes,SIMULATED,True
NGP-01154,2024-04-05,2024,19:29,Pratap Nagar Chowk,Moderate,Motorcycle,Lane Violation,Clear,1,0,1,Yes,SIMULATED,True
NGP-01155,2024-04-06,2024,06:09,Medical Chowk,Moderate,Auto-Rickshaw,Overspeeding,Rainy,2,0,1,Yes,SIMULATED,True
NGP-01156,2024-04-07,2024,09:22,Katol Road Chowk,Minor,Bicycle,Lane Violation,Foggy,0,0,3,Yes,SIMULATED,True
NGP-01157,2024-04-07,2024,21:25,Variety Square,Minor,Truck,Brake Failure,Clear,1,0,3,Yes,SIMULATED,True
NGP-01158,2024-04-08,2024,08:15,Ajit Bakery Square,Minor,Bicycle,Pedestrian Crossing Violation,Clear,0,0,4,Yes,SIMULATED,True
NGP-01159,2024-04-08,2024,19:34,Lokmat Square,Minor,Car,Distracted Driving,Clear,1,0,3,Yes,SIMULATED,True
NGP-01160,2024-04-09,2024,12:12,Kachipura Square,Minor,Auto-Rickshaw,Distracted Driving,Clear,1,0,3,Yes,SIMULATED,True
NGP-01161,2024-04-11,2024,08:33,Cotton Market Chowk,Minor,Motorcycle,Signal Jumping,Foggy,1,0,2,Yes,SIMULATED,True
NGP-01162,2024-04-12,2024,12:09,Manewada Chowk,Moderate,Motorcycle,Poor Visibility (Fog/Rain),Clear,3,0,1,Yes,SIMULATED,True
NGP-01164,2024-04-13,2024,09:12,Mate Chowk,Minor,Motorcycle,Brake Failure,Clear,0,0,1,Yes,SIMULATED,True
NGP-01163,2024-04-13,2024,13:32,LIC Chowk,Moderate,Car,Brake Failure,Clear,1,0,1,Yes,SIMULATED,True
NGP-01165,2024-04-13,2024,18:48,Variety Square,Minor,Car,Pedestrian Crossing Violation,Clear,0,0,3,Yes,SIMULATED,True
NGP-01166,2024-04-14,2024,08:59,Dighori Chowk,Minor,Motorcycle,Wrong-side Driving,Clear,0,0,4,No,SIMULATED,True
NGP-01168,2024-04-15,2024,10:35,Gaddi Godam Chowk,Moderate,Motorcycle,Poor Visibility (Fog/Rain),Clear,3,0,3,Yes,SIMULATED,True
NGP-01167,2024-04-15,2024,13:34,Ajni Chowk,Severe,Truck,Pedestrian Crossing Violation,Rainy,3,0,2,Yes,SIMULATED,True
NGP-01169,2024-04-17,2024,16:06,Sitabuldi Chowk,Severe,Bus,Pothole/Road Defect,Rainy,3,0,1,Yes,SIMULATED,True
NGP-01171,2024-04-21,2024,08:45,Shraddhanand Peth Square,Severe,Car,Brake Failure,Rainy,2,0,3,Yes,SIMULATED,True
NGP-01170,2024-04-21,2024,12:19,Medical Chowk,Severe,Motorcycle,Pothole/Road Defect,Rainy,4,0,4,Yes,SIMULATED,True
NGP-01172,2024-04-27,2024,02:14,Kachipura Square,Severe,Auto-Rickshaw,Poor Visibility (Fog/Rain),Rainy,2,0,1,Yes,SIMULATED,True
NGP-01173,2024-04-28,2024,11:12,Pardi Chowk,Minor,Auto-Rickshaw,Drunk Driving,Foggy,1,0,2,Yes,SIMULATED,True
NGP-01174,2024-04-28,2024,14:45,Pratap Nagar Chowk,Minor,Truck,Lane Violation,Clear,1,0,1,Yes,SIMULATED,True
NGP-01175,2024-04-29,2024,12:00,Medical Chowk,Moderate,Truck,Wrong-side Driving,Hot/Humid,1,0,4,Yes,SIMULATED,True
NGP-01176,2024-04-30,2024,15:40,Ajni Chowk,Minor,Motorcycle,Overspeeding,Hot/Humid,1,0,3,Yes,SIMULATED,True
NGP-01177,2024-05-01,2024,08:55,Kachipura Square,Moderate,Motorcycle,Pothole/Road Defect,Rainy,3,0,2,Yes,SIMULATED,True
NGP-01178,2024-05-01,2024,20:42,Variety Square,Minor,Motorcycle,Pedestrian Crossing Violation,Clear,0,0,4,No,SIMULATED,True
NGP-01179,2024-05-02,2024,13:44,LAD Square,Moderate,Car,Pedestrian Crossing Violation,Clear,1,0,1,Yes,SIMULATED,True
NGP-01180,2024-05-04,2024,05:49,Hingna Chowk,Minor,Bicycle,Distracted Driving,Rainy,0,0,4,No,SIMULATED,True
NGP-01182,2024-05-05,2024,10:40,Variety Square,Minor,Motorcycle,Pedestrian Crossing Violation,Clear,1,0,2,Yes,SIMULATED,True
NGP-01181,2024-05-05,2024,19:43,Vaishnodevi Chowk,Minor,Car,Signal Jumping,Clear,1,0,3,Yes,SIMULATED,True
NGP-01183,2024-05-06,2024,05:49,Dighori Chowk,Minor,Bicycle,Pothole/Road Defect,Overcast,1,0,1,Yes,SIMULATED,True
NGP-01184,2024-05-07,2024,00:05,Manakpur Chowk,Minor,Car,Brake Failure,Rainy,0,0,3,Yes,SIMULATED,True
NGP-01186,2024-05-08,2024,11:45,Manakpur Chowk,Moderate,Pedestrian-involved,Brake Failure,Clear,1,0,4,Yes,SIMULATED,True
NGP-01185,2024-05-08,2024,16:07,Cotton Market Chowk,Minor,Car,Overspeeding,Rainy,1,0,2,Yes,SIMULATED,True
NGP-01187,2024-05-09,2024,08:12,Cotton Market Chowk,Severe,Truck,Distracted Driving,Clear,5,0,3,Yes,SIMULATED,True
NGP-01188,2024-05-10,2024,10:18,Pratap Nagar Chowk,Minor,Pedestrian-involved,Overspeeding,Clear,0,0,2,Yes,SIMULATED,True
NGP-01189,2024-05-11,2024,12:36,Kamptee Chowk,Severe,Auto-Rickshaw,Signal Jumping,Clear,4,0,4,Yes,SIMULATED,True
NGP-01190,2024-05-13,2024,12:11,Kasturchand Park Square,Minor,Car,Brake Failure,Clear,0,0,1,Yes,SIMULATED,True
NGP-01191,2024-05-14,2024,08:32,Hingna Chowk,Minor,Motorcycle,Pothole/Road Defect,Overcast,0,0,4,Yes,SIMULATED,True
NGP-01192,2024-05-17,2024,13:46,Medical Chowk,Moderate,Car,Brake Failure,Hot/Humid,1,0,1,Yes,SIMULATED,True
NGP-01193,2024-05-18,2024,19:36,Gaddi Godam Chowk,Severe,Motorcycle,Distracted Driving,Clear,3,0,2,Yes,SIMULATED,True
NGP-01194,2024-05-19,2024,15:31,LIC Chowk,Moderate,Pedestrian-involved,Signal Jumping,Clear,2,0,2,Yes,SIMULATED,True
NGP-01196,2024-05-21,2024,12:24,Laxmi Nagar Square,Minor,Auto-Rickshaw,Pothole/Road Defect,Clear,0,0,3,Yes,SIMULATED,True
NGP-01195,2024-05-21,2024,15:50,Cotton Market Chowk,Severe,Car,Pothole/Road Defect,Overcast,2,0,2,No,SIMULATED,True
NGP-01197,2024-05-24,2024,03:36,Kadbi Chowk,Severe,Motorcycle,Pedestrian Crossing Violation,Overcast,4,0,2,Yes,SIMULATED,True
NGP-01200,2024-05-25,2024,04:12,Medical Chowk,Minor,Pedestrian-involved,Pothole/Road Defect,Clear,1,0,1,Yes,SIMULATED,True
NGP-01201,2024-05-25,2024,09:43,Sitabuldi Chowk,Minor,Pedestrian-involved,Poor Visibility (Fog/Rain),Clear,1,0,4,Yes,SIMULATED,True
NGP-01202,2024-05-25,2024,13:08,Sitabuldi Chowk,Moderate,Motorcycle,Wrong-side Driving,Clear,2,0,2,Yes,SIMULATED,True
NGP-01199,2024-05-25,2024,15:16,Kachipura Square,Minor,Motorcycle,Pothole/Road Defect,Clear,0,0,3,Yes,SIMULATED,True
NGP-01198,2024-05-25,2024,20:02,Automotive Square,Minor,Car,Drunk Driving,Rainy,1,0,1,Yes,SIMULATED,True
NGP-01203,2024-05-26,2024,16:27,Variety Square,Moderate,Motorcycle,Wrong-side Driving,Clear,2,0,3,Yes,SIMULATED,True
NGP-01204,2024-05-27,2024,13:44,Manewada Chowk,Minor,Truck,Poor Visibility (Fog/Rain),Overcast,0,0,1,Yes,SIMULATED,True
NGP-01205,2024-05-28,2024,08:44,Bardi Chowk,Severe,Motorcycle,Overspeeding,Clear,3,0,3,Yes,SIMULATED,True
NGP-01206,2024-05-28,2024,12:35,Shankar Nagar Square,Minor,Auto-Rickshaw,Wrong-side Driving,Clear,0,0,1,Yes,SIMULATED,True
NGP-01207,2024-06-02,2024,17:58,Indora Chowk,Moderate,Bus,Distracted Driving,Foggy,3,0,4,Yes,SIMULATED,True
NGP-01208,2024-06-03,2024,00:14,Kamptee Chowk,Moderate,Motorcycle,Distracted Driving,Clear,1,0,2,Yes,SIMULATED,True
NGP-01209,2024-06-05,2024,09:21,Manewada Chowk,Fatal,Motorcycle,Overspeeding,Clear,4,2,2,Yes,SIMULATED,True
NGP-01210,2024-06-06,2024,11:45,LIC Chowk,Moderate,Auto-Rickshaw,Poor Visibility (Fog/Rain),Clear,3,0,1,Yes,SIMULATED,True
NGP-01211,2024-06-06,2024,13:35,Manish Nagar-Besa Junction,Minor,Motorcycle,Lane Violation,Clear,1,0,3,Yes,SIMULATED,True
NGP-01213,2024-06-08,2024,12:55,Lokmat Square,Moderate,Motorcycle,Pedestrian Crossing Violation,Clear,1,0,1,Yes,SIMULATED,True
NGP-01212,2024-06-08,2024,15:34,Ajni Chowk,Minor,Car,Brake Failure,Foggy,1,0,2,Yes,SIMULATED,True
NGP-01214,2024-06-09,2024,10:45,Sitabuldi Chowk,Minor,Car,Distracted Driving,Hot/Humid,1,0,3,No,SIMULATED,True
NGP-01215,2024-06-10,2024,09:58,Kamptee Chowk,Severe,Auto-Rickshaw,Distracted Driving,Hot/Humid,2,0,2,Yes,SIMULATED,True
NGP-01216,2024-06-10,2024,11:34,Pratap Nagar Chowk,Moderate,Pedestrian-involved,Pedestrian Crossing Violation,Clear,2,0,1,No,SIMULATED,True
NGP-01218,2024-06-11,2024,11:46,Manakpur Chowk,Minor,Auto-Rickshaw,Brake Failure,Rainy,1,0,2,Yes,SIMULATED,True
NGP-01217,2024-06-11,2024,21:34,Chhatrapati Square,Minor,Auto-Rickshaw,Lane Violation,Clear,0,0,1,Yes,SIMULATED,True
NGP-01220,2024-06-12,2024,10:09,Kamptee Chowk,Moderate,Car,Pedestrian Crossing Violation,Clear,3,0,3,Yes,SIMULATED,True
NGP-01219,2024-06-12,2024,13:19,Chhatrapati Square,Minor,Pedestrian-involved,Pothole/Road Defect,Clear,1,0,4,Yes,SIMULATED,True
NGP-01221,2024-06-13,2024,06:37,Alankar Square,Minor,Bus,Overspeeding,Clear,0,0,2,Yes,SIMULATED,True
NGP-01222,2024-06-14,2024,09:42,Hingna Chowk,Severe,Motorcycle,Signal Jumping,Clear,2,0,4,Yes,SIMULATED,True
NGP-01223,2024-06-14,2024,21:52,Jhansi Rani Square,Minor,Car,Pothole/Road Defect,Clear,1,0,1,Yes,SIMULATED,True
NGP-01225,2024-06-15,2024,12:34,Golibar Chowk,Minor,Car,Distracted Driving,Rainy,0,0,4,Yes,SIMULATED,True
NGP-01224,2024-06-15,2024,16:34,Alankar Square,Moderate,Car,Pedestrian Crossing Violation,Clear,1,0,2,Yes,SIMULATED,True
NGP-01226,2024-06-15,2024,20:52,Indora Chowk,Moderate,Car,Signal Jumping,Rainy,3,0,4,Yes,SIMULATED,True
NGP-01227,2024-06-18,2024,18:06,Variety Square,Moderate,Bicycle,Overspeeding,Clear,1,0,4,Yes,SIMULATED,True
NGP-01229,2024-06-19,2024,09:03,Shankar Nagar Square,Minor,Car,Pothole/Road Defect,Rainy,1,0,1,No,SIMULATED,True
NGP-01228,2024-06-19,2024,16:06,Lokmat Square,Moderate,Bicycle,Overspeeding,Hot/Humid,2,0,3,Yes,SIMULATED,True
NGP-01230,2024-06-20,2024,09:17,Alankar Square,Minor,Motorcycle,Signal Jumping,Hot/Humid,0,0,2,Yes,SIMULATED,True
NGP-01231,2024-06-20,2024,18:55,Variety Square,Minor,Car,Wrong-side Driving,Clear,0,0,2,Yes,SIMULATED,True
NGP-01232,2024-06-22,2024,07:50,Abhyankar Nagar Square,Minor,Motorcycle,Poor Visibility (Fog/Rain),Rainy,0,0,1,Yes,SIMULATED,True
NGP-01233,2024-06-22,2024,09:53,LIC Chowk,Minor,Truck,Lane Violation,Clear,1,0,2,Yes,SIMULATED,True
NGP-01234,2024-06-22,2024,14:51,Manish Nagar-Besa Junction,Severe,Bus,Brake Failure,Clear,5,0,1,Yes,SIMULATED,True
NGP-01235,2024-06-23,2024,08:36,Golibar Chowk,Fatal,Motorcycle,Pothole/Road Defect,Rainy,2,2,3,Yes,SIMULATED,True
NGP-01236,2024-06-24,2024,22:38,Airport T-Point,Minor,Auto-Rickshaw,Wrong-side Driving,Clear,0,0,2,Yes,SIMULATED,True
NGP-01237,2024-06-25,2024,12:49,Hingna Chowk,Moderate,Car,Overspeeding,Overcast,3,0,3,Yes,SIMULATED,True
NGP-01238,2024-06-25,2024,16:00,Indora Chowk,Minor,Auto-Rickshaw,Pedestrian Crossing Violation,Clear,0,0,4,Yes,SIMULATED,True
NGP-01239,2024-06-25,2024,16:34,RBI Chowk,Minor,Motorcycle,Brake Failure,Clear,1,0,1,Yes,SIMULATED,True
NGP-01240,2024-06-26,2024,16:14,RBI Chowk,Minor,Car,Lane Violation,Overcast,1,0,1,Yes,SIMULATED,True
NGP-01241,2024-06-28,2024,09:40,Manish Nagar-Besa Junction,Minor,Motorcycle,Overspeeding,Clear,0,0,2,Yes,SIMULATED,True
NGP-01242,2024-06-29,2024,18:20,Kamptee Chowk,Minor,Motorcycle,Lane Violation,Hot/Humid,1,0,3,Yes,SIMULATED,True
NGP-01243,2024-06-30,2024,12:17,LIC Chowk,Minor,Pedestrian-involved,Wrong-side Driving,Clear,0,0,1,Yes,SIMULATED,True
NGP-01245,2024-07-03,2024,13:25,Kamptee Chowk,Minor,Auto-Rickshaw,Brake Failure,Overcast,1,0,1,No,SIMULATED,True
NGP-01244,2024-07-03,2024,16:01,Itwari,Minor,Car,Poor Visibility (Fog/Rain),Clear,1,0,4,Yes,SIMULATED,True
NGP-01246,2024-07-04,2024,18:33,Sitabuldi Chowk,Moderate,Car,Pedestrian Crossing Violation,Clear,3,0,4,Yes,SIMULATED,True
NGP-01247,2024-07-06,2024,13:53,Shankar Nagar Square,Minor,Pedestrian-involved,Signal Jumping,Clear,1,0,4,Yes,SIMULATED,True
NGP-01248,2024-07-07,2024,08:52,Mate Chowk,Moderate,Car,Overspeeding,Rainy,3,0,3,No,SIMULATED,True
NGP-01249,2024-07-09,2024,13:13,LIC Chowk,Minor,Motorcycle,Distracted Driving,Overcast,1,0,3,Yes,SIMULATED,True
NGP-01250,2024-07-09,2024,21:21,Medical Chowk,Minor,Motorcycle,Overspeeding,Rainy,1,0,1,Yes,SIMULATED,True
NGP-01251,2024-07-11,2024,12:30,Kachipura Square,Minor,Motorcycle,Signal Jumping,Clear,0,0,4,Yes,SIMULATED,True
NGP-01253,2024-07-12,2024,16:02,Variety Square,Moderate,Car,Pothole/Road Defect,Clear,3,0,2,Yes,SIMULATED,True
NGP-01252,2024-07-12,2024,19:05,Medical Chowk,Severe,Motorcycle,Distracted Driving,Clear,3,0,4,Yes,SIMULATED,True
NGP-01254,2024-07-15,2024,16:19,Shankar Nagar Square,Moderate,Truck,Drunk Driving,Clear,3,0,4,Yes,SIMULATED,True
NGP-01255,2024-07-15,2024,17:11,Vaishnodevi Chowk,Minor,Auto-Rickshaw,Drunk Driving,Clear,1,0,4,Yes,SIMULATED,True
NGP-01256,2024-07-16,2024,07:47,Cotton Market Chowk,Minor,Motorcycle,Drunk Driving,Hot/Humid,1,0,1,Yes,SIMULATED,True
NGP-01257,2024-07-17,2024,03:17,Ajni Chowk,Severe,Car,Lane Violation,Rainy,2,0,2,Yes,SIMULATED,True
NGP-01259,2024-07-18,2024,07:13,Indora Chowk,Minor,Auto-Rickshaw,Drunk Driving,Clear,1,0,3,Yes,SIMULATED,True
NGP-01258,2024-07-18,2024,11:41,Ajit Bakery Square,Moderate,Truck,Lane Violation,Hot/Humid,1,0,3,Yes,SIMULATED,True
NGP-01261,2024-07-19,2024,06:45,Shraddhanand Peth Square,Minor,Auto-Rickshaw,Lane Violation,Clear,0,0,4,Yes,SIMULATED,True
NGP-01260,2024-07-19,2024,16:50,Kadbi Chowk,Minor,Auto-Rickshaw,Poor Visibility (Fog/Rain),Clear,0,0,3,Yes,SIMULATED,True
NGP-01263,2024-07-20,2024,07:21,Hingna Chowk,Minor,Pedestrian-involved,Wrong-side Driving,Overcast,0,0,1,Yes,SIMULATED,True
NGP-01262,2024-07-20,2024,09:06,Dighori Chowk,Minor,Car,Lane Violation,Clear,0,0,4,Yes,SIMULATED,True
NGP-01264,2024-07-21,2024,10:45,Medical Chowk,Minor,Bicycle,Wrong-side Driving,Clear,0,0,4,Yes,SIMULATED,True
NGP-01265,2024-07-22,2024,13:16,Sitabuldi Chowk,Minor,Pedestrian-involved,Signal Jumping,Clear,0,0,2,Yes,SIMULATED,True
NGP-01266,2024-07-24,2024,19:39,Golibar Chowk,Minor,Motorcycle,Drunk Driving,Clear,1,0,2,Yes,SIMULATED,True
NGP-01267,2024-07-26,2024,21:51,Abhyankar Nagar Square,Minor,Motorcycle,Drunk Driving,Clear,0,0,4,No,SIMULATED,True
NGP-01268,2024-07-28,2024,20:06,Mate Chowk,Severe,Motorcycle,Signal Jumping,Clear,4,0,1,No,SIMULATED,True
NGP-01269,2024-07-30,2024,07:38,Kamptee Chowk,Minor,Pedestrian-involved,Poor Visibility (Fog/Rain),Clear,1,0,2,Yes,SIMULATED,True
NGP-01270,2024-07-30,2024,14:54,Sitabuldi Chowk,Minor,Car,Wrong-side Driving,Clear,0,0,1,Yes,SIMULATED,True
NGP-01271,2024-07-31,2024,11:35,Alankar Square,Minor,Pedestrian-involved,Poor Visibility (Fog/Rain),Clear,0,0,2,No,SIMULATED,True
NGP-01274,2024-08-01,2024,08:13,LAD Square,Minor,Bus,Wrong-side Driving,Overcast,1,0,2,Yes,SIMULATED,True
NGP-01275,2024-08-01,2024,14:55,Mental Hospital Chowk,Minor,Car,Distracted Driving,Foggy,0,0,2,Yes,SIMULATED,True
NGP-01273,2024-08-01,2024,14:59,Kamptee Chowk,Fatal,Motorcycle,Pedestrian Crossing Violation,Clear,1,1,1,Yes,SIMULATED,True
NGP-01272,2024-08-01,2024,19:09,Ajni Chowk,Minor,Motorcycle,Pedestrian Crossing Violation,Clear,0,0,4,Yes,SIMULATED,True
NGP-01276,2024-08-04,2024,14:12,Hingna Chowk,Minor,Auto-Rickshaw,Poor Visibility (Fog/Rain),Hot/Humid,1,0,3,Yes,SIMULATED,True
NGP-01277,2024-08-06,2024,09:30,Jhansi Rani Square,Minor,Car,Distracted Driving,Overcast,0,0,2,Yes,SIMULATED,True
NGP-01278,2024-08-06,2024,17:10,Laxmi Nagar Square,Severe,Bus,Distracted Driving,Foggy,4,0,1,Yes,SIMULATED,True
NGP-01279,2024-08-06,2024,20:33,Sakkardara Square,Minor,Car,Distracted Driving,Clear,1,0,3,Yes,SIMULATED,True
NGP-01281,2024-08-08,2024,09:14,RBI Chowk,Moderate,Auto-Rickshaw,Pedestrian Crossing Violation,Hot/Humid,2,0,1,Yes,SIMULATED,True
NGP-01280,2024-08-08,2024,16:58,Chhatrapati Square,Minor,Car,Pedestrian Crossing Violation,Clear,0,0,2,Yes,SIMULATED,True
NGP-01282,2024-08-09,2024,14:17,Automotive Square,Minor,Bicycle,Poor Visibility (Fog/Rain),Clear,1,0,3,Yes,SIMULATED,True
NGP-01283,2024-08-10,2024,10:42,Mental Hospital Chowk,Moderate,Car,Drunk Driving,Rainy,3,0,2,Yes,SIMULATED,True
NGP-01284,2024-08-12,2024,11:02,Alankar Square,Minor,Car,Pedestrian Crossing Violation,Clear,0,0,2,Yes,SIMULATED,True
NGP-01285,2024-08-13,2024,03:17,Lokmat Square,Moderate,Car,Signal Jumping,Overcast,3,0,2,No,SIMULATED,True
NGP-01286,2024-08-14,2024,03:26,RBI Chowk,Severe,Pedestrian-involved,Poor Visibility (Fog/Rain),Clear,4,0,3,Yes,SIMULATED,True
NGP-01287,2024-08-15,2024,08:47,Kachipura Square,Fatal,Auto-Rickshaw,Drunk Driving,Clear,3,2,3,Yes,SIMULATED,True
NGP-01289,2024-08-16,2024,12:09,Shraddhanand Peth Square,Minor,Truck,Brake Failure,Overcast,0,0,1,Yes,SIMULATED,True
NGP-01290,2024-08-16,2024,15:39,Sitabuldi Chowk,Minor,Pedestrian-involved,Pothole/Road Defect,Clear,0,0,3,Yes,SIMULATED,True
NGP-01288,2024-08-16,2024,17:27,Kamptee Chowk,Minor,Pedestrian-involved,Drunk Driving,Overcast,0,0,3,Yes,SIMULATED,True
NGP-01291,2024-08-16,2024,21:07,Variety Square,Minor,Car,Wrong-side Driving,Clear,1,0,2,Yes,SIMULATED,True
NGP-01292,2024-08-18,2024,07:16,Itwari,Moderate,Motorcycle,Poor Visibility (Fog/Rain),Clear,3,0,3,Yes,SIMULATED,True
NGP-01293,2024-08-18,2024,08:29,Variety Square,Severe,Car,Wrong-side Driving,Clear,2,0,2,Yes,SIMULATED,True
NGP-01295,2024-08-20,2024,06:20,Variety Square,Severe,Car,Distracted Driving,Foggy,2,0,2,Yes,SIMULATED,True
NGP-01296,2024-08-20,2024,12:05,Variety Square,Severe,Motorcycle,Brake Failure,Hot/Humid,5,0,1,Yes,SIMULATED,True
NGP-01294,2024-08-20,2024,18:04,Kadbi Chowk,Minor,Car,Overspeeding,Clear,1,0,4,Yes,SIMULATED,True
NGP-01297,2024-08-21,2024,08:05,Jhansi Rani Square,Minor,Truck,Overspeeding,Clear,1,0,3,Yes,SIMULATED,True
NGP-01298,2024-08-21,2024,13:33,Variety Square,Minor,Auto-Rickshaw,Drunk Driving,Clear,0,0,4,Yes,SIMULATED,True
NGP-01299,2024-08-23,2024,15:07,Lokmat Square,Moderate,Car,Lane Violation,Rainy,2,0,1,Yes,SIMULATED,True
NGP-01300,2024-08-25,2024,11:19,Automotive Square,Minor,Truck,Brake Failure,Clear,1,0,4,Yes,SIMULATED,True
NGP-01303,2024-08-25,2024,15:46,Variety Square,Minor,Car,Signal Jumping,Clear,1,0,1,Yes,SIMULATED,True
NGP-01301,2024-08-25,2024,16:03,Kachipura Square,Severe,Motorcycle,Distracted Driving,Hot/Humid,3,0,2,Yes,SIMULATED,True
NGP-01302,2024-08-25,2024,19:55,Sitabuldi Chowk,Moderate,Motorcycle,Wrong-side Driving,Clear,3,0,2,Yes,SIMULATED,True
NGP-01304,2024-08-26,2024,18:56,Vaishnodevi Chowk,Minor,Motorcycle,Lane Violation,Clear,0,0,1,No,SIMULATED,True
NGP-01305,2024-08-27,2024,14:58,Katol Road Chowk,Minor,Pedestrian-involved,Pedestrian Crossing Violation,Rainy,1,0,2,Yes,SIMULATED,True
NGP-01306,2024-08-27,2024,16:35,Mate Chowk,Minor,Motorcycle,Poor Visibility (Fog/Rain),Overcast,0,0,4,Yes,SIMULATED,True
NGP-01307,2024-08-28,2024,03:57,Bardi Chowk,Minor,Motorcycle,Lane Violation,Clear,1,0,4,Yes,SIMULATED,True
NGP-01309,2024-08-29,2024,01:24,Gaddi Godam Chowk,Severe,Truck,Signal Jumping,Hot/Humid,2,0,1,Yes,SIMULATED,True
NGP-01308,2024-08-29,2024,16:44,Abhyankar Nagar Square,Minor,Motorcycle,Drunk Driving,Rainy,0,0,2,Yes,SIMULATED,True
NGP-01310,2024-08-30,2024,13:33,Automotive Square,Minor,Truck,Wrong-side Driving,Rainy,1,0,4,Yes,SIMULATED,True
NGP-01311,2024-08-30,2024,18:59,Cotton Market Chowk,Minor,Motorcycle,Distracted Driving,Clear,1,0,3,Yes,SIMULATED,True
NGP-01312,2024-08-30,2024,20:26,Itwari,Moderate,Car,Wrong-side Driving,Rainy,1,0,4,Yes,SIMULATED,True
NGP-01314,2024-08-31,2024,11:24,Mental Hospital Chowk,Fatal,Bus,Lane Violation,Rainy,2,1,3,Yes,SIMULATED,True
NGP-01315,2024-08-31,2024,15:59,Sitabuldi Chowk,Minor,Motorcycle,Lane Violation,Hot/Humid,1,0,3,Yes,SIMULATED,True
NGP-01313,2024-08-31,2024,20:35,Hingna Chowk,Moderate,Motorcycle,Overspeeding,Hot/Humid,3,0,4,Yes,SIMULATED,True
NGP-01316,2024-09-01,2024,17:54,Shankar Nagar Square,Moderate,Car,Pothole/Road Defect,Clear,2,0,1,Yes,SIMULATED,True
NGP-01319,2024-09-04,2024,08:09,Lokmat Square,Minor,Motorcycle,Poor Visibility (Fog/Rain),Overcast,1,0,1,Yes,SIMULATED,True
NGP-01318,2024-09-04,2024,13:12,Lokmat Square,Moderate,Auto-Rickshaw,Wrong-side Driving,Clear,3,0,3,Yes,SIMULATED,True
NGP-01317,2024-09-04,2024,17:52,Kamptee Chowk,Minor,Car,Brake Failure,Clear,0,0,1,No,SIMULATED,True
NGP-01320,2024-09-05,2024,05:57,Kachipura Square,Severe,Car,Signal Jumping,Clear,2,0,2,Yes,SIMULATED,True
NGP-01321,2024-09-06,2024,10:12,Hingna Chowk,Severe,Truck,Pedestrian Crossing Violation,Clear,5,0,2,Yes,SIMULATED,True
NGP-01322,2024-09-07,2024,17:01,Pratap Nagar Chowk,Minor,Car,Wrong-side Driving,Clear,1,0,3,Yes,SIMULATED,True
NGP-01323,2024-09-09,2024,11:12,Sakkardara Square,Fatal,Car,Distracted Driving,Clear,2,1,1,Yes,SIMULATED,True
NGP-01324,2024-09-10,2024,19:15,Airport T-Point,Minor,Car,Pothole/Road Defect,Clear,1,0,4,Yes,SIMULATED,True
NGP-01325,2024-09-12,2024,14:01,Ajit Bakery Square,Moderate,Auto-Rickshaw,Brake Failure,Clear,3,0,1,Yes,SIMULATED,True
NGP-01326,2024-09-14,2024,13:03,Kamptee Chowk,Minor,Motorcycle,Wrong-side Driving,Foggy,0,0,4,Yes,SIMULATED,True
NGP-01327,2024-09-15,2024,15:34,Kamptee Chowk,Minor,Truck,Wrong-side Driving,Clear,1,0,4,Yes,SIMULATED,True
NGP-01328,2024-09-17,2024,00:52,Kadbi Chowk,Minor,Motorcycle,Pothole/Road Defect,Foggy,0,0,1,Yes,SIMULATED,True
NGP-01329,2024-09-17,2024,18:52,Mental Hospital Chowk,Minor,Motorcycle,Lane Violation,Clear,1,0,4,Yes,SIMULATED,True
NGP-01330,2024-09-21,2024,05:46,Lokmat Square,Minor,Motorcycle,Drunk Driving,Rainy,0,0,1,Yes,SIMULATED,True
NGP-01331,2024-09-23,2024,19:20,Automotive Square,Severe,Motorcycle,Wrong-side Driving,Overcast,4,0,1,Yes,SIMULATED,True
NGP-01332,2024-09-25,2024,15:39,Jhansi Rani Square,Moderate,Motorcycle,Drunk Driving,Clear,1,0,1,Yes,SIMULATED,True
NGP-01333,2024-09-27,2024,17:53,Pardi Chowk,Minor,Truck,Signal Jumping,Clear,0,0,3,Yes,SIMULATED,True
NGP-01334,2024-09-28,2024,18:58,Automotive Square,Minor,Pedestrian-involved,Signal Jumping,Clear,0,0,3,Yes,SIMULATED,True
NGP-01335,2024-09-29,2024,18:43,Automotive Square,Minor,Motorcycle,Pothole/Road Defect,Clear,0,0,4,Yes,SIMULATED,True
NGP-01336,2024-09-30,2024,17:06,Medical Chowk,Minor,Motorcycle,Wrong-side Driving,Clear,0,0,3,Yes,SIMULATED,True
NGP-01337,2024-10-01,2024,06:50,Manish Nagar-Besa Junction,Severe,Auto-Rickshaw,Brake Failure,Rainy,4,0,4,Yes,SIMULATED,True
NGP-01338,2024-10-02,2024,10:50,Kachipura Square,Minor,Pedestrian-involved,Wrong-side Driving,Overcast,0,0,1,Yes,SIMULATED,True
NGP-01339,2024-10-02,2024,12:34,Manewada Chowk,Minor,Pedestrian-involved,Drunk Driving,Rainy,0,0,3,No,SIMULATED,True
NGP-01341,2024-10-03,2024,07:24,Shankar Nagar Square,Severe,Motorcycle,Overspeeding,Clear,3,0,4,No,SIMULATED,True
NGP-01340,2024-10-03,2024,10:08,Gaddi Godam Chowk,Moderate,Pedestrian-involved,Overspeeding,Clear,2,0,1,Yes,SIMULATED,True
NGP-01342,2024-10-04,2024,19:00,Katol Road Chowk,Minor,Pedestrian-involved,Brake Failure,Clear,1,0,4,Yes,SIMULATED,True
NGP-01343,2024-10-05,2024,08:42,Golibar Chowk,Severe,Car,Wrong-side Driving,Rainy,3,0,1,Yes,SIMULATED,True
NGP-01344,2024-10-05,2024,20:56,Variety Square,Moderate,Bus,Pedestrian Crossing Violation,Hot/Humid,1,0,4,No,SIMULATED,True
NGP-01345,2024-10-07,2024,08:24,Golibar Chowk,Severe,Motorcycle,Brake Failure,Hot/Humid,3,0,1,Yes,SIMULATED,True
NGP-01347,2024-10-07,2024,08:26,Medical Chowk,Severe,Auto-Rickshaw,Drunk Driving,Overcast,4,0,4,No,SIMULATED,True
NGP-01348,2024-10-07,2024,15:44,Sitabuldi Chowk,Minor,Car,Wrong-side Driving,Clear,1,0,2,No,SIMULATED,True
NGP-01346,2024-10-07,2024,16:46,Manewada Chowk,Minor,Motorcycle,Pedestrian Crossing Violation,Rainy,1,0,2,Yes,SIMULATED,True
NGP-01349,2024-10-09,2024,18:18,Mate Chowk,Minor,Car,Pedestrian Crossing Violation,Foggy,0,0,3,Yes,SIMULATED,True
NGP-01350,2024-10-11,2024,17:36,LIC Chowk,Minor,Pedestrian-involved,Drunk Driving,Rainy,0,0,3,Yes,SIMULATED,True
NGP-01351,2024-10-12,2024,20:07,Kachipura Square,Moderate,Motorcycle,Drunk Driving,Rainy,1,0,1,Yes,SIMULATED,True
NGP-01352,2024-10-13,2024,06:44,Manakpur Chowk,Severe,Pedestrian-involved,Lane Violation,Foggy,4,0,4,Yes,SIMULATED,True
NGP-01353,2024-10-14,2024,06:06,Itwari,Severe,Bicycle,Pothole/Road Defect,Overcast,2,0,2,Yes,SIMULATED,True
NGP-01354,2024-10-15,2024,14:40,Bardi Chowk,Minor,Car,Overspeeding,Clear,1,0,4,Yes,SIMULATED,True
NGP-01355,2024-10-15,2024,21:49,Kamptee Chowk,Severe,Motorcycle,Pothole/Road Defect,Clear,3,0,3,Yes,SIMULATED,True
NGP-01356,2024-10-18,2024,04:46,Kamptee Chowk,Moderate,Car,Signal Jumping,Hot/Humid,1,0,3,Yes,SIMULATED,True
NGP-01358,2024-10-18,2024,15:47,Pardi Chowk,Minor,Truck,Lane Violation,Hot/Humid,0,0,4,Yes,SIMULATED,True
NGP-01357,2024-10-18,2024,21:12,Manish Nagar-Besa Junction,Minor,Truck,Wrong-side Driving,Hot/Humid,0,0,3,Yes,SIMULATED,True
NGP-01359,2024-10-19,2024,09:38,LIC Chowk,Minor,Bicycle,Wrong-side Driving,Rainy,1,0,1,Yes,SIMULATED,True
NGP-01360,2024-10-20,2024,06:51,Bardi Chowk,Fatal,Motorcycle,Poor Visibility (Fog/Rain),Clear,3,2,3,Yes,SIMULATED,True
NGP-01361,2024-10-23,2024,11:03,Bardi Chowk,Severe,Bicycle,Pedestrian Crossing Violation,Rainy,3,0,3,Yes,SIMULATED,True
NGP-01362,2024-10-29,2024,21:40,Sitabuldi Chowk,Fatal,Car,Lane Violation,Clear,4,2,3,Yes,SIMULATED,True
NGP-01363,2024-10-31,2024,15:46,Kamptee Chowk,Severe,Truck,Overspeeding,Overcast,4,0,4,Yes,SIMULATED,True
NGP-01364,2024-11-01,2024,17:39,LAD Square,Moderate,Motorcycle,Brake Failure,Clear,1,0,1,Yes,SIMULATED,True
NGP-01365,2024-11-02,2024,03:45,Laxmi Nagar Square,Moderate,Truck,Signal Jumping,Clear,3,0,1,No,SIMULATED,True
NGP-01367,2024-11-05,2024,07:31,Vaishnodevi Chowk,Moderate,Motorcycle,Pedestrian Crossing Violation,Rainy,1,0,2,Yes,SIMULATED,True
NGP-01366,2024-11-05,2024,17:56,Sitabuldi Chowk,Severe,Car,Distracted Driving,Clear,5,0,4,Yes,SIMULATED,True
NGP-01368,2024-11-06,2024,08:14,Chhatrapati Square,Minor,Car,Pedestrian Crossing Violation,Clear,0,0,2,Yes,SIMULATED,True
NGP-01369,2024-11-07,2024,14:46,Dighori Chowk,Moderate,Bicycle,Pothole/Road Defect,Clear,3,0,3,No,SIMULATED,True
NGP-01370,2024-11-09,2024,00:34,Bardi Chowk,Minor,Auto-Rickshaw,Poor Visibility (Fog/Rain),Rainy,0,0,1,No,SIMULATED,True
NGP-01371,2024-11-09,2024,09:57,Variety Square,Minor,Pedestrian-involved,Lane Violation,Overcast,0,0,2,Yes,SIMULATED,True
NGP-01374,2024-11-11,2024,11:06,Kachipura Square,Moderate,Car,Overspeeding,Clear,2,0,1,Yes,SIMULATED,True
NGP-01375,2024-11-11,2024,12:54,Kasturchand Park Square,Minor,Bicycle,Distracted Driving,Rainy,1,0,3,Yes,SIMULATED,True
NGP-01372,2024-11-11,2024,12:55,Dighori Chowk,Minor,Bus,Poor Visibility (Fog/Rain),Overcast,1,0,4,Yes,SIMULATED,True
NGP-01373,2024-11-11,2024,15:21,Gaddi Godam Chowk,Minor,Car,Distracted Driving,Clear,1,0,2,Yes,SIMULATED,True
NGP-01376,2024-11-11,2024,17:02,Sakkardara Square,Minor,Car,Pothole/Road Defect,Clear,1,0,3,Yes,SIMULATED,True
NGP-01377,2024-11-12,2024,16:32,Kachipura Square,Severe,Pedestrian-involved,Lane Violation,Clear,4,0,2,Yes,SIMULATED,True
NGP-01378,2024-11-12,2024,19:44,Medical Chowk,Moderate,Bus,Distracted Driving,Hot/Humid,2,0,4,Yes,SIMULATED,True
NGP-01380,2024-11-13,2024,06:46,Katol Road Chowk,Minor,Car,Poor Visibility (Fog/Rain),Rainy,0,0,1,Yes,SIMULATED,True
NGP-01379,2024-11-13,2024,17:38,Automotive Square,Minor,Motorcycle,Overspeeding,Rainy,0,0,2,No,SIMULATED,True
NGP-01382,2024-11-15,2024,13:02,Manewada Chowk,Severe,Pedestrian-involved,Brake Failure,Clear,3,0,2,No,SIMULATED,True
NGP-01381,2024-11-15,2024,19:31,Bardi Chowk,Minor,Bus,Distracted Driving,Clear,0,0,1,No,SIMULATED,True
NGP-01385,2024-11-16,2024,15:25,Mental Hospital Chowk,Minor,Bicycle,Pothole/Road Defect,Clear,1,0,4,No,SIMULATED,True
NGP-01383,2024-11-16,2024,18:22,Manakpur Chowk,Moderate,Car,Overspeeding,Clear,1,0,2,No,SIMULATED,True
NGP-01384,2024-11-16,2024,20:48,Medical Chowk,Minor,Car,Lane Violation,Clear,0,0,3,Yes,SIMULATED,True
NGP-01386,2024-11-17,2024,12:26,Kachipura Square,Moderate,Auto-Rickshaw,Poor Visibility (Fog/Rain),Clear,2,0,1,Yes,SIMULATED,True
NGP-01387,2024-11-19,2024,15:08,Ajit Bakery Square,Severe,Bicycle,Drunk Driving,Clear,5,0,1,No,SIMULATED,True
NGP-01389,2024-11-20,2024,12:19,Kamptee Chowk,Minor,Motorcycle,Overspeeding,Clear,1,0,1,Yes,SIMULATED,True
NGP-01388,2024-11-20,2024,23:00,Cotton Market Chowk,Moderate,Motorcycle,Poor Visibility (Fog/Rain),Clear,2,0,2,Yes,SIMULATED,True
NGP-01390,2024-11-22,2024,15:36,Airport T-Point,Severe,Bicycle,Drunk Driving,Clear,3,0,3,Yes,SIMULATED,True
NGP-01391,2024-11-22,2024,20:09,Chhatrapati Square,Moderate,Motorcycle,Distracted Driving,Overcast,3,0,2,No,SIMULATED,True
NGP-01392,2024-11-23,2024,11:28,LAD Square,Severe,Car,Lane Violation,Rainy,4,0,4,Yes,SIMULATED,True
NGP-01393,2024-11-23,2024,17:40,Sitabuldi Chowk,Moderate,Auto-Rickshaw,Pothole/Road Defect,Foggy,2,0,4,Yes,SIMULATED,True
NGP-01394,2024-11-26,2024,15:09,Manish Nagar-Besa Junction,Minor,Car,Brake Failure,Clear,0,0,4,Yes,SIMULATED,True
NGP-01395,2024-12-03,2024,17:51,Kasturchand Park Square,Minor,Motorcycle,Poor Visibility (Fog/Rain),Clear,1,0,2,Yes,SIMULATED,True
NGP-01396,2024-12-03,2024,20:33,Mate Chowk,Minor,Auto-Rickshaw,Drunk Driving,Clear,1,0,4,Yes,SIMULATED,True
NGP-01397,2024-12-04,2024,14:59,Laxmi Nagar Square,Moderate,Motorcycle,Brake Failure,Overcast,1,0,3,Yes,SIMULATED,True
NGP-01398,2024-12-10,2024,15:00,Automotive Square,Minor,Truck,Signal Jumping,Foggy,0,0,4,Yes,SIMULATED,True
NGP-01399,2024-12-11,2024,08:49,Automotive Square,Minor,Auto-Rickshaw,Pedestrian Crossing Violation,Rainy,0,0,2,Yes,SIMULATED,True
NGP-01400,2024-12-13,2024,22:14,Abhyankar Nagar Square,Minor,Truck,Pedestrian Crossing Violation,Rainy,0,0,1,Yes,SIMULATED,True
NGP-01402,2024-12-16,2024,10:14,Gaddi Godam Chowk,Severe,Bus,Brake Failure,Foggy,5,0,2,Yes,SIMULATED,True
NGP-01403,2024-12-16,2024,10:41,Indora Chowk,Fatal,Auto-Rickshaw,Brake Failure,Clear,4,2,1,Yes,SIMULATED,True
NGP-01401,2024-12-16,2024,21:40,Ajni Chowk,Minor,Motorcycle,Poor Visibility (Fog/Rain),Clear,1,0,3,Yes,SIMULATED,True
NGP-01404,2024-12-17,2024,14:05,Chhatrapati Square,Minor,Auto-Rickshaw,Poor Visibility (Fog/Rain),Clear,0,0,4,Yes,SIMULATED,True
NGP-01406,2024-12-18,2024,06:19,RBI Chowk,Moderate,Motorcycle,Brake Failure,Rainy,2,0,1,Yes,SIMULATED,True
NGP-01405,2024-12-18,2024,08:49,Cotton Market Chowk,Severe,Car,Poor Visibility (Fog/Rain),Rainy,3,0,1,Yes,SIMULATED,True
NGP-01407,2024-12-19,2024,17:50,Manish Nagar-Besa Junction,Minor,Pedestrian-involved,Distracted Driving,Clear,1,0,1,Yes,SIMULATED,True
NGP-01408,2024-12-21,2024,16:37,Manewada Chowk,Minor,Auto-Rickshaw,Pothole/Road Defect,Rainy,0,0,1,Yes,SIMULATED,True
NGP-01410,2024-12-22,2024,19:29,Pratap Nagar Chowk,Minor,Motorcycle,Overspeeding,Overcast,1,0,1,Yes,SIMULATED,True
NGP-01409,2024-12-22,2024,21:11,Mental Hospital Chowk,Minor,Motorcycle,Pedestrian Crossing Violation,Clear,1,0,4,Yes,SIMULATED,True
NGP-01411,2024-12-23,2024,08:30,Hingna Chowk,Minor,Auto-Rickshaw,Wrong-side Driving,Clear,0,0,2,No,SIMULATED,True
NGP-01412,2024-12-25,2024,15:31,Manakpur Chowk,Minor,Car,Wrong-side Driving,Clear,0,0,2,Yes,SIMULATED,True
NGP-01413,2024-12-30,2024,08:37,Golibar Chowk,Minor,Motorcycle,Signal Jumping,Clear,1,0,4,No,SIMULATED,True
NGP-01414,2024-12-30,2024,19:59,Vaishnodevi Chowk,Minor,Bus,Pothole/Road Defect,Clear,1,0,3,No,SIMULATED,True
NGP-01415,2024-12-31,2024,15:36,Gaddi Godam Chowk,Minor,Auto-Rickshaw,Brake Failure,Rainy,0,0,2,Yes,SIMULATED,True
NGP-01417,2025-01-01,2025,12:17,LAD Square,Minor,Car,Brake Failure,Clear,0,0,3,Yes,SIMULATED,True
NGP-01416,2025-01-01,2025,17:18,LAD Square,Minor,Car,Pedestrian Crossing Violation,Clear,1,0,2,Yes,SIMULATED,True
NGP-01418,2025-01-02,2025,13:54,Kachipura Square,Minor,Auto-Rickshaw,Overspeeding,Overcast,1,0,3,No,SIMULATED,True
NGP-01419,2025-01-02,2025,17:22,Shraddhanand Peth Square,Minor,Pedestrian-involved,Lane Violation,Clear,0,0,1,Yes,SIMULATED,True
NGP-01420,2025-01-02,2025,22:40,Variety Square,Minor,Car,Drunk Driving,Clear,1,0,3,Yes,SIMULATED,True
NGP-01421,2025-01-03,2025,07:00,Golibar Chowk,Minor,Auto-Rickshaw,Signal Jumping,Clear,1,0,2,Yes,SIMULATED,True
NGP-01422,2025-01-03,2025,11:39,Manish Nagar-Besa Junction,Moderate,Motorcycle,Lane Violation,Clear,2,0,4,Yes,SIMULATED,True
NGP-01423,2025-01-08,2025,15:27,Jhansi Rani Square,Moderate,Motorcycle,Lane Violation,Clear,3,0,4,Yes,SIMULATED,True
NGP-01424,2025-01-09,2025,04:10,Itwari,Minor,Car,Distracted Driving,Clear,1,0,4,Yes,SIMULATED,True
NGP-01426,2025-01-09,2025,08:19,Pardi Chowk,Moderate,Car,Poor Visibility (Fog/Rain),Clear,2,0,3,Yes,SIMULATED,True
NGP-01425,2025-01-09,2025,19:41,Kachipura Square,Moderate,Car,Wrong-side Driving,Clear,3,0,1,Yes,SIMULATED,True
NGP-01427,2025-01-10,2025,09:37,Alankar Square,Minor,Bus,Lane Violation,Clear,1,0,1,Yes,SIMULATED,True
NGP-01428,2025-01-11,2025,05:46,Bardi Chowk,Minor,Pedestrian-involved,Distracted Driving,Hot/Humid,0,0,2,Yes,SIMULATED,True
NGP-01430,2025-01-11,2025,14:41,Jhansi Rani Square,Minor,Motorcycle,Lane Violation,Clear,0,0,2,Yes,SIMULATED,True
NGP-01429,2025-01-11,2025,15:44,Dighori Chowk,Minor,Motorcycle,Overspeeding,Clear,0,0,2,Yes,SIMULATED,True
NGP-01431,2025-01-13,2025,16:49,Medical Chowk,Minor,Car,Brake Failure,Clear,1,0,2,Yes,SIMULATED,True
NGP-01432,2025-01-15,2025,08:29,Chhatrapati Square,Moderate,Truck,Distracted Driving,Clear,1,0,4,Yes,SIMULATED,True
NGP-01433,2025-01-15,2025,14:31,Katol Road Chowk,Minor,Motorcycle,Distracted Driving,Rainy,0,0,1,No,SIMULATED,True
NGP-01434,2025-01-15,2025,21:15,Sakkardara Square,Minor,Motorcycle,Distracted Driving,Clear,1,0,4,Yes,SIMULATED,True
NGP-01435,2025-01-16,2025,05:49,Airport T-Point,Minor,Bicycle,Wrong-side Driving,Rainy,1,0,1,Yes,SIMULATED,True
NGP-01436,2025-01-16,2025,15:53,Manewada Chowk,Severe,Car,Overspeeding,Overcast,2,0,1,Yes,SIMULATED,True
NGP-01437,2025-01-17,2025,13:07,Kamptee Chowk,Minor,Truck,Brake Failure,Hot/Humid,0,0,3,Yes,SIMULATED,True
NGP-01439,2025-01-17,2025,17:42,Pratap Nagar Chowk,Minor,Motorcycle,Lane Violation,Clear,0,0,3,Yes,SIMULATED,True
NGP-01438,2025-01-17,2025,18:24,Pratap Nagar Chowk,Minor,Car,Signal Jumping,Clear,1,0,4,Yes,SIMULATED,True
NGP-01440,2025-01-19,2025,15:03,Airport T-Point,Minor,Auto-Rickshaw,Pedestrian Crossing Violation,Rainy,0,0,3,Yes,SIMULATED,True
NGP-01441,2025-01-19,2025,17:31,Vaishnodevi Chowk,Minor,Auto-Rickshaw,Pothole/Road Defect,Overcast,1,0,4,No,SIMULATED,True
NGP-01442,2025-01-20,2025,02:36,Ajni Chowk,Minor,Motorcycle,Pothole/Road Defect,Overcast,1,0,4,Yes,SIMULATED,True
NGP-01443,2025-01-21,2025,13:23,Shraddhanand Peth Square,Minor,Motorcycle,Signal Jumping,Rainy,0,0,3,No,SIMULATED,True
NGP-01444,2025-01-23,2025,05:42,Kamptee Chowk,Minor,Car,Distracted Driving,Rainy,0,0,1,No,SIMULATED,True
NGP-01445,2025-01-23,2025,08:36,Shraddhanand Peth Square,Minor,Motorcycle,Brake Failure,Rainy,1,0,3,Yes,SIMULATED,True
NGP-01446,2025-01-24,2025,19:06,Kadbi Chowk,Fatal,Car,Pothole/Road Defect,Clear,1,2,4,Yes,SIMULATED,True
NGP-01447,2025-01-25,2025,13:33,Mate Chowk,Minor,Truck,Distracted Driving,Clear,1,0,1,No,SIMULATED,True
NGP-01448,2025-01-26,2025,14:27,Jhansi Rani Square,Minor,Pedestrian-involved,Pedestrian Crossing Violation,Clear,1,0,3,Yes,SIMULATED,True
NGP-01451,2025-01-27,2025,06:50,Variety Square,Minor,Bus,Brake Failure,Clear,0,0,2,Yes,SIMULATED,True
NGP-01450,2025-01-27,2025,12:06,Mental Hospital Chowk,Moderate,Car,Overspeeding,Clear,2,0,4,No,SIMULATED,True
NGP-01449,2025-01-27,2025,23:48,Abhyankar Nagar Square,Minor,Auto-Rickshaw,Drunk Driving,Clear,0,0,2,Yes,SIMULATED,True
NGP-01452,2025-01-28,2025,13:02,LIC Chowk,Minor,Car,Wrong-side Driving,Clear,0,0,4,Yes,SIMULATED,True
NGP-01453,2025-01-28,2025,14:26,Mate Chowk,Minor,Car,Poor Visibility (Fog/Rain),Clear,1,0,3,Yes,SIMULATED,True
NGP-01454,2025-01-29,2025,19:07,Sitabuldi Chowk,Minor,Auto-Rickshaw,Overspeeding,Rainy,1,0,4,Yes,SIMULATED,True
NGP-01455,2025-01-31,2025,20:01,Abhyankar Nagar Square,Minor,Auto-Rickshaw,Wrong-side Driving,Clear,1,0,1,Yes,SIMULATED,True
NGP-01456,2025-02-01,2025,19:30,Laxmi Nagar Square,Moderate,Truck,Wrong-side Driving,Clear,2,0,2,Yes,SIMULATED,True
NGP-01457,2025-02-02,2025,10:07,Kasturchand Park Square,Severe,Bicycle,Pothole/Road Defect,Rainy,4,0,2,No,SIMULATED,True
NGP-01459,2025-02-03,2025,08:00,Katol Road Chowk,Minor,Motorcycle,Signal Jumping,Foggy,1,0,4,Yes,SIMULATED,True
NGP-01458,2025-02-03,2025,14:54,Kachipura Square,Fatal,Auto-Rickshaw,Pedestrian Crossing Violation,Overcast,2,2,2,Yes,SIMULATED,True
NGP-01460,2025-02-06,2025,09:25,Lokmat Square,Minor,Car,Signal Jumping,Clear,1,0,3,Yes,SIMULATED,True
NGP-01461,2025-02-09,2025,02:12,Pratap Nagar Chowk,Minor,Motorcycle,Brake Failure,Clear,1,0,3,Yes,SIMULATED,True
NGP-01462,2025-02-10,2025,20:09,Kadbi Chowk,Minor,Car,Distracted Driving,Rainy,1,0,2,Yes,SIMULATED,True
NGP-01463,2025-02-11,2025,17:29,Lokmat Square,Minor,Car,Brake Failure,Clear,1,0,3,Yes,SIMULATED,True
NGP-01464,2025-02-12,2025,12:43,Cotton Market Chowk,Moderate,Motorcycle,Brake Failure,Clear,3,0,1,Yes,SIMULATED,True
NGP-01465,2025-02-12,2025,17:07,Hingna Chowk,Minor,Car,Brake Failure,Clear,1,0,4,Yes,SIMULATED,True
NGP-01467,2025-02-13,2025,15:08,Sakkardara Square,Minor,Car,Brake Failure,Rainy,0,0,3,Yes,SIMULATED,True
NGP-01466,2025-02-13,2025,22:37,Abhyankar Nagar Square,Minor,Motorcycle,Pothole/Road Defect,Clear,1,0,1,Yes,SIMULATED,True
NGP-01468,2025-02-14,2025,01:09,Indora Chowk,Moderate,Truck,Brake Failure,Clear,2,0,4,Yes,SIMULATED,True
NGP-01469,2025-02-14,2025,15:57,RBI Chowk,Minor,Bus,Pothole/Road Defect,Clear,0,0,2,No,SIMULATED,True
NGP-01471,2025-02-15,2025,12:14,Shankar Nagar Square,Minor,Bus,Pothole/Road Defect,Overcast,1,0,4,Yes,SIMULATED,True
NGP-01470,2025-02-15,2025,13:16,Jhansi Rani Square,Minor,Motorcycle,Drunk Driving,Rainy,1,0,2,Yes,SIMULATED,True
NGP-01472,2025-02-16,2025,14:39,Kadbi Chowk,Minor,Truck,Poor Visibility (Fog/Rain),Clear,1,0,2,No,SIMULATED,True
NGP-01473,2025-02-18,2025,04:21,Manish Nagar-Besa Junction,Minor,Bus,Overspeeding,Foggy,0,0,2,Yes,SIMULATED,True
NGP-01475,2025-02-19,2025,07:00,Mate Chowk,Minor,Motorcycle,Wrong-side Driving,Hot/Humid,1,0,2,Yes,SIMULATED,True
NGP-01474,2025-02-19,2025,18:13,Kamptee Chowk,Minor,Pedestrian-involved,Pedestrian Crossing Violation,Foggy,0,0,2,Yes,SIMULATED,True
NGP-01476,2025-02-21,2025,08:19,Kasturchand Park Square,Minor,Motorcycle,Brake Failure,Clear,1,0,2,Yes,SIMULATED,True
NGP-01478,2025-02-26,2025,07:36,Shraddhanand Peth Square,Minor,Motorcycle,Poor Visibility (Fog/Rain),Rainy,0,0,3,Yes,SIMULATED,True
NGP-01477,2025-02-26,2025,17:31,Hingna Chowk,Moderate,Auto-Rickshaw,Wrong-side Driving,Rainy,3,0,3,Yes,SIMULATED,True
NGP-01479,2025-02-27,2025,20:09,RBI Chowk,Minor,Motorcycle,Brake Failure,Hot/Humid,0,0,2,Yes,SIMULATED,True
NGP-01480,2025-02-28,2025,07:34,Ajni Chowk,Fatal,Truck,Overspeeding,Overcast,3,1,3,Yes,SIMULATED,True
NGP-01481,2025-02-28,2025,13:50,Kadbi Chowk,Minor,Car,Wrong-side Driving,Foggy,1,0,2,Yes,SIMULATED,True
NGP-01484,2025-03-03,2025,06:25,Manewada Chowk,Minor,Motorcycle,Pothole/Road Defect,Clear,0,0,1,Yes,SIMULATED,True
NGP-01482,2025-03-03,2025,09:11,Ajit Bakery Square,Moderate,Truck,Lane Violation,Rainy,3,0,1,No,SIMULATED,True
NGP-01483,2025-03-03,2025,20:16,Kasturchand Park Square,Minor,Auto-Rickshaw,Brake Failure,Clear,0,0,3,Yes,SIMULATED,True
NGP-01486,2025-03-05,2025,15:13,LIC Chowk,Minor,Auto-Rickshaw,Signal Jumping,Overcast,1,0,3,Yes,SIMULATED,True
NGP-01485,2025-03-05,2025,20:59,Kachipura Square,Minor,Car,Poor Visibility (Fog/Rain),Clear,1,0,2,Yes,SIMULATED,True
NGP-01488,2025-03-07,2025,18:03,Itwari,Minor,Car,Pedestrian Crossing Violation,Hot/Humid,0,0,3,Yes,SIMULATED,True
NGP-01487,2025-03-07,2025,21:51,Ajni Chowk,Moderate,Car,Poor Visibility (Fog/Rain),Clear,2,0,1,Yes,SIMULATED,True
NGP-01489,2025-03-08,2025,01:10,Kasturchand Park Square,Severe,Car,Drunk Driving,Clear,3,0,4,Yes,SIMULATED,True
NGP-01490,2025-03-09,2025,02:26,Bardi Chowk,Moderate,Car,Pothole/Road Defect,Clear,2,0,3,Yes,SIMULATED,True
NGP-01491,2025-03-11,2025,17:07,Indora Chowk,Minor,Pedestrian-involved,Drunk Driving,Clear,0,0,1,No,SIMULATED,True
NGP-01492,2025-03-11,2025,19:29,Itwari,Minor,Car,Brake Failure,Rainy,0,0,4,Yes,SIMULATED,True
NGP-01494,2025-03-13,2025,06:17,Kachipura Square,Moderate,Car,Lane Violation,Clear,3,0,4,Yes,SIMULATED,True
NGP-01493,2025-03-13,2025,08:01,Cotton Market Chowk,Minor,Auto-Rickshaw,Distracted Driving,Rainy,0,0,4,Yes,SIMULATED,True
NGP-01495,2025-03-13,2025,16:05,Katol Road Chowk,Moderate,Truck,Pedestrian Crossing Violation,Clear,3,0,2,Yes,SIMULATED,True
NGP-01496,2025-03-13,2025,18:33,Pardi Chowk,Moderate,Auto-Rickshaw,Pedestrian Crossing Violation,Clear,2,0,3,No,SIMULATED,True
NGP-01497,2025-03-15,2025,09:26,Shraddhanand Peth Square,Moderate,Motorcycle,Pedestrian Crossing Violation,Hot/Humid,1,0,1,Yes,SIMULATED,True
NGP-01498,2025-03-16,2025,08:37,Kamptee Chowk,Moderate,Truck,Distracted Driving,Overcast,3,0,3,Yes,SIMULATED,True
NGP-01500,2025-03-17,2025,10:07,Manewada Chowk,Moderate,Motorcycle,Signal Jumping,Clear,2,0,3,No,SIMULATED,True
NGP-01499,2025-03-17,2025,13:05,Laxmi Nagar Square,Minor,Car,Pothole/Road Defect,Overcast,1,0,1,Yes,SIMULATED,True
NGP-01501,2025-03-18,2025,13:10,Jhansi Rani Square,Moderate,Pedestrian-involved,Poor Visibility (Fog/Rain),Clear,1,0,1,Yes,SIMULATED,True
NGP-01502,2025-03-19,2025,06:08,Airport T-Point,Minor,Bus,Drunk Driving,Clear,1,0,4,Yes,SIMULATED,True
NGP-01504,2025-03-20,2025,11:39,Pratap Nagar Chowk,Severe,Bicycle,Pedestrian Crossing Violation,Foggy,4,0,1,Yes,SIMULATED,True
NGP-01503,2025-03-20,2025,19:43,Abhyankar Nagar Square,Minor,Truck,Pothole/Road Defect,Clear,1,0,2,Yes,SIMULATED,True
NGP-01505,2025-03-21,2025,21:50,Pardi Chowk,Severe,Motorcycle,Drunk Driving,Foggy,3,0,1,Yes,SIMULATED,True
NGP-01506,2025-03-22,2025,02:45,Airport T-Point,Moderate,Auto-Rickshaw,Distracted Driving,Clear,3,0,4,Yes,SIMULATED,True
NGP-01507,2025-03-22,2025,06:38,Shraddhanand Peth Square,Minor,Pedestrian-involved,Signal Jumping,Overcast,1,0,4,Yes,SIMULATED,True
NGP-01508,2025-03-24,2025,19:02,Medical Chowk,Minor,Motorcycle,Signal Jumping,Clear,0,0,3,Yes,SIMULATED,True
NGP-01509,2025-03-25,2025,19:08,Laxmi Nagar Square,Minor,Auto-Rickshaw,Lane Violation,Clear,0,0,4,Yes,SIMULATED,True
NGP-01510,2025-03-26,2025,07:48,LIC Chowk,Severe,Motorcycle,Brake Failure,Clear,4,0,2,Yes,SIMULATED,True
NGP-01511,2025-03-27,2025,21:27,Ajni Chowk,Severe,Motorcycle,Poor Visibility (Fog/Rain),Foggy,4,0,2,Yes,SIMULATED,True
NGP-01512,2025-03-28,2025,19:12,Manewada Chowk,Minor,Auto-Rickshaw,Poor Visibility (Fog/Rain),Clear,0,0,3,Yes,SIMULATED,True
NGP-01513,2025-03-29,2025,10:56,Itwari,Severe,Car,Drunk Driving,Clear,4,0,3,Yes,SIMULATED,True
NGP-01514,2025-03-29,2025,12:30,Medical Chowk,Minor,Auto-Rickshaw,Drunk Driving,Clear,1,0,3,Yes,SIMULATED,True
NGP-01515,2025-03-30,2025,12:01,Pardi Chowk,Moderate,Motorcycle,Distracted Driving,Rainy,3,0,1,Yes,SIMULATED,True
NGP-01516,2025-03-31,2025,07:28,Dighori Chowk,Minor,Truck,Distracted Driving,Overcast,0,0,4,Yes,SIMULATED,True
NGP-01517,2025-04-02,2025,17:05,Lokmat Square,Moderate,Truck,Pothole/Road Defect,Clear,1,0,1,Yes,SIMULATED,True
NGP-01518,2025-04-03,2025,17:52,LIC Chowk,Minor,Motorcycle,Lane Violation,Clear,0,0,3,Yes,SIMULATED,True
NGP-01519,2025-04-04,2025,16:53,Jhansi Rani Square,Moderate,Truck,Pothole/Road Defect,Overcast,2,0,2,Yes,SIMULATED,True
NGP-01521,2025-04-05,2025,13:45,Medical Chowk,Moderate,Bicycle,Lane Violation,Clear,1,0,1,Yes,SIMULATED,True
NGP-01520,2025-04-05,2025,15:01,Kamptee Chowk,Moderate,Auto-Rickshaw,Poor Visibility (Fog/Rain),Rainy,3,0,1,No,SIMULATED,True
NGP-01522,2025-04-08,2025,10:47,Jhansi Rani Square,Moderate,Car,Distracted Driving,Clear,2,0,4,Yes,SIMULATED,True
NGP-01523,2025-04-11,2025,07:55,Kachipura Square,Severe,Car,Signal Jumping,Foggy,5,0,3,Yes,SIMULATED,True
NGP-01524,2025-04-12,2025,12:02,Automotive Square,Minor,Pedestrian-involved,Signal Jumping,Clear,1,0,3,Yes,SIMULATED,True
NGP-01525,2025-04-13,2025,15:14,Manewada Chowk,Minor,Car,Signal Jumping,Clear,1,0,4,Yes,SIMULATED,True
NGP-01526,2025-04-14,2025,06:08,Chhatrapati Square,Severe,Truck,Distracted Driving,Hot/Humid,3,0,1,Yes,SIMULATED,True
NGP-01527,2025-04-17,2025,17:49,Gaddi Godam Chowk,Moderate,Car,Pothole/Road Defect,Foggy,1,0,4,Yes,SIMULATED,True
NGP-01528,2025-04-17,2025,17:55,Katol Road Chowk,Severe,Truck,Brake Failure,Clear,4,0,3,No,SIMULATED,True
NGP-01530,2025-04-18,2025,07:22,Kasturchand Park Square,Severe,Motorcycle,Overspeeding,Foggy,2,0,3,No,SIMULATED,True
NGP-01529,2025-04-18,2025,17:40,Kachipura Square,Minor,Motorcycle,Poor Visibility (Fog/Rain),Rainy,1,0,3,Yes,SIMULATED,True
NGP-01531,2025-04-19,2025,09:20,Lokmat Square,Moderate,Motorcycle,Distracted Driving,Overcast,1,0,1,Yes,SIMULATED,True
NGP-01532,2025-04-20,2025,18:35,Automotive Square,Minor,Motorcycle,Lane Violation,Clear,0,0,3,Yes,SIMULATED,True
NGP-01533,2025-04-21,2025,07:53,Itwari,Moderate,Auto-Rickshaw,Brake Failure,Clear,3,0,4,Yes,SIMULATED,True
NGP-01535,2025-04-24,2025,07:44,Pardi Chowk,Moderate,Car,Wrong-side Driving,Overcast,1,0,2,Yes,SIMULATED,True
NGP-01534,2025-04-24,2025,16:23,Kachipura Square,Minor,Motorcycle,Brake Failure,Clear,0,0,1,No,SIMULATED,True
NGP-01537,2025-04-25,2025,06:09,Katol Road Chowk,Minor,Car,Overspeeding,Clear,0,0,3,Yes,SIMULATED,True
NGP-01536,2025-04-25,2025,14:58,Kachipura Square,Minor,Pedestrian-involved,Distracted Driving,Clear,0,0,4,Yes,SIMULATED,True
NGP-01538,2025-04-26,2025,01:06,Chhatrapati Square,Severe,Motorcycle,Pedestrian Crossing Violation,Clear,2,0,3,Yes,SIMULATED,True
NGP-01539,2025-04-26,2025,12:57,Sitabuldi Chowk,Minor,Motorcycle,Poor Visibility (Fog/Rain),Clear,1,0,3,Yes,SIMULATED,True
NGP-01540,2025-04-29,2025,09:01,Vaishnodevi Chowk,Minor,Motorcycle,Lane Violation,Rainy,0,0,4,Yes,SIMULATED,True
NGP-01541,2025-05-01,2025,08:47,Chhatrapati Square,Severe,Auto-Rickshaw,Pedestrian Crossing Violation,Clear,2,0,1,No,SIMULATED,True
NGP-01542,2025-05-01,2025,19:09,Dighori Chowk,Severe,Motorcycle,Drunk Driving,Clear,5,0,1,Yes,SIMULATED,True
NGP-01543,2025-05-02,2025,19:21,Dighori Chowk,Minor,Pedestrian-involved,Poor Visibility (Fog/Rain),Foggy,0,0,4,Yes,SIMULATED,True
NGP-01545,2025-05-07,2025,14:37,Itwari,Minor,Auto-Rickshaw,Pothole/Road Defect,Clear,1,0,2,Yes,SIMULATED,True
NGP-01544,2025-05-07,2025,17:36,Alankar Square,Minor,Car,Distracted Driving,Clear,0,0,4,Yes,SIMULATED,True
NGP-01546,2025-05-08,2025,16:43,Sakkardara Square,Severe,Bus,Pedestrian Crossing Violation,Rainy,4,0,4,Yes,SIMULATED,True
NGP-01547,2025-05-09,2025,17:11,Chhatrapati Square,Minor,Motorcycle,Lane Violation,Clear,1,0,1,Yes,SIMULATED,True
NGP-01548,2025-05-10,2025,09:40,Dighori Chowk,Minor,Bicycle,Distracted Driving,Overcast,1,0,3,Yes,SIMULATED,True
NGP-01550,2025-05-11,2025,08:59,Variety Square,Minor,Motorcycle,Signal Jumping,Clear,1,0,2,Yes,SIMULATED,True
NGP-01549,2025-05-11,2025,12:31,Dighori Chowk,Moderate,Car,Overspeeding,Overcast,3,0,3,Yes,SIMULATED,True
NGP-01551,2025-05-12,2025,15:06,Abhyankar Nagar Square,Moderate,Motorcycle,Signal Jumping,Clear,1,0,2,Yes,SIMULATED,True
NGP-01554,2025-05-13,2025,15:23,Katol Road Chowk,Minor,Motorcycle,Signal Jumping,Clear,1,0,1,Yes,SIMULATED,True
NGP-01552,2025-05-13,2025,17:03,Automotive Square,Severe,Motorcycle,Signal Jumping,Hot/Humid,4,0,1,Yes,SIMULATED,True
NGP-01555,2025-05-13,2025,17:03,Mate Chowk,Moderate,Car,Pedestrian Crossing Violation,Clear,1,0,2,Yes,SIMULATED,True
NGP-01553,2025-05-13,2025,17:11,Chhatrapati Square,Minor,Truck,Lane Violation,Clear,1,0,1,Yes,SIMULATED,True
NGP-01556,2025-05-14,2025,17:27,LIC Chowk,Minor,Motorcycle,Brake Failure,Clear,0,0,1,Yes,SIMULATED,True
NGP-01557,2025-05-14,2025,20:52,Variety Square,Minor,Truck,Pedestrian Crossing Violation,Hot/Humid,0,0,3,No,SIMULATED,True
NGP-01558,2025-05-15,2025,21:24,Pratap Nagar Chowk,Minor,Auto-Rickshaw,Pedestrian Crossing Violation,Hot/Humid,1,0,3,No,SIMULATED,True
NGP-01559,2025-05-17,2025,07:23,Airport T-Point,Minor,Car,Pothole/Road Defect,Clear,1,0,2,Yes,SIMULATED,True
NGP-01560,2025-05-17,2025,18:37,Ajni Chowk,Minor,Motorcycle,Brake Failure,Clear,0,0,1,Yes,SIMULATED,True
NGP-01561,2025-05-18,2025,18:51,Chhatrapati Square,Moderate,Motorcycle,Lane Violation,Clear,3,0,4,Yes,SIMULATED,True
NGP-01562,2025-05-20,2025,07:51,Chhatrapati Square,Minor,Pedestrian-involved,Pedestrian Crossing Violation,Overcast,0,0,4,Yes,SIMULATED,True
NGP-01564,2025-05-21,2025,15:30,Variety Square,Minor,Car,Brake Failure,Hot/Humid,0,0,4,Yes,SIMULATED,True
NGP-01563,2025-05-21,2025,22:53,Ajit Bakery Square,Severe,Motorcycle,Drunk Driving,Clear,3,0,4,No,SIMULATED,True
NGP-01565,2025-05-23,2025,11:47,Itwari,Minor,Bus,Pothole/Road Defect,Rainy,0,0,2,Yes,SIMULATED,True
NGP-01566,2025-05-24,2025,16:05,Kachipura Square,Severe,Bus,Drunk Driving,Clear,4,0,3,Yes,SIMULATED,True
NGP-01567,2025-05-24,2025,19:13,Kachipura Square,Minor,Motorcycle,Pedestrian Crossing Violation,Rainy,1,0,1,Yes,SIMULATED,True
NGP-01568,2025-05-25,2025,17:26,Variety Square,Minor,Car,Signal Jumping,Clear,0,0,3,No,SIMULATED,True
NGP-01569,2025-05-26,2025,16:07,Gaddi Godam Chowk,Moderate,Motorcycle,Wrong-side Driving,Clear,3,0,3,Yes,SIMULATED,True
NGP-01570,2025-05-26,2025,16:47,Hingna Chowk,Minor,Bus,Pedestrian Crossing Violation,Rainy,1,0,3,Yes,SIMULATED,True
NGP-01571,2025-05-26,2025,20:01,Pratap Nagar Chowk,Severe,Car,Overspeeding,Rainy,4,0,1,Yes,SIMULATED,True
NGP-01572,2025-05-27,2025,18:16,Abhyankar Nagar Square,Minor,Auto-Rickshaw,Wrong-side Driving,Clear,0,0,1,Yes,SIMULATED,True
NGP-01574,2025-05-28,2025,01:46,Manakpur Chowk,Minor,Auto-Rickshaw,Pothole/Road Defect,Clear,0,0,4,Yes,SIMULATED,True
NGP-01573,2025-05-28,2025,15:19,Chhatrapati Square,Minor,Auto-Rickshaw,Overspeeding,Foggy,1,0,4,No,SIMULATED,True
NGP-01576,2025-05-28,2025,17:10,RBI Chowk,Minor,Motorcycle,Signal Jumping,Rainy,0,0,3,Yes,SIMULATED,True
NGP-01575,2025-05-28,2025,19:22,Medical Chowk,Minor,Auto-Rickshaw,Wrong-side Driving,Foggy,0,0,3,Yes,SIMULATED,True
NGP-01578,2025-05-29,2025,05:52,Katol Road Chowk,Minor,Pedestrian-involved,Overspeeding,Clear,1,0,3,Yes,SIMULATED,True
NGP-01577,2025-05-29,2025,10:54,Hingna Chowk,Moderate,Motorcycle,Drunk Driving,Clear,2,0,1,Yes,SIMULATED,True
NGP-01579,2025-05-30,2025,15:01,RBI Chowk,Moderate,Bicycle,Signal Jumping,Clear,1,0,2,Yes,SIMULATED,True
NGP-01580,2025-06-01,2025,17:35,Kadbi Chowk,Moderate,Car,Overspeeding,Foggy,3,0,1,Yes,SIMULATED,True
NGP-01581,2025-06-02,2025,10:20,Abhyankar Nagar Square,Minor,Car,Signal Jumping,Clear,1,0,2,Yes,SIMULATED,True
NGP-01582,2025-06-02,2025,17:58,Variety Square,Minor,Car,Wrong-side Driving,Clear,0,0,4,Yes,SIMULATED,True
NGP-01583,2025-06-03,2025,09:41,Katol Road Chowk,Minor,Auto-Rickshaw,Signal Jumping,Clear,1,0,3,Yes,SIMULATED,True
NGP-01584,2025-06-03,2025,20:44,LAD Square,Moderate,Auto-Rickshaw,Pothole/Road Defect,Clear,1,0,1,Yes,SIMULATED,True
NGP-01585,2025-06-04,2025,11:08,LIC Chowk,Moderate,Car,Poor Visibility (Fog/Rain),Clear,2,0,1,Yes,SIMULATED,True
NGP-01586,2025-06-06,2025,10:11,Shraddhanand Peth Square,Severe,Motorcycle,Drunk Driving,Overcast,4,0,4,No,SIMULATED,True
NGP-01588,2025-06-07,2025,06:08,Pardi Chowk,Minor,Pedestrian-involved,Drunk Driving,Clear,0,0,1,Yes,SIMULATED,True
NGP-01587,2025-06-07,2025,16:05,Manakpur Chowk,Minor,Truck,Lane Violation,Clear,1,0,2,Yes,SIMULATED,True
NGP-01589,2025-06-09,2025,17:31,Pratap Nagar Chowk,Moderate,Truck,Pothole/Road Defect,Clear,3,0,1,Yes,SIMULATED,True
NGP-01592,2025-06-10,2025,06:51,Golibar Chowk,Fatal,Motorcycle,Pedestrian Crossing Violation,Rainy,4,2,3,Yes,SIMULATED,True
NGP-01590,2025-06-10,2025,08:52,Automotive Square,Severe,Car,Overspeeding,Overcast,4,0,3,Yes,SIMULATED,True
NGP-01591,2025-06-10,2025,15:57,Chhatrapati Square,Minor,Bus,Signal Jumping,Clear,1,0,4,Yes,SIMULATED,True
NGP-01594,2025-06-10,2025,16:10,Variety Square,Minor,Motorcycle,Signal Jumping,Clear,0,0,2,Yes,SIMULATED,True
NGP-01593,2025-06-10,2025,19:31,LIC Chowk,Severe,Motorcycle,Wrong-side Driving,Hot/Humid,2,0,3,Yes,SIMULATED,True
NGP-01595,2025-06-11,2025,08:29,Pratap Nagar Chowk,Minor,Car,Brake Failure,Hot/Humid,1,0,1,Yes,SIMULATED,True
NGP-01596,2025-06-12,2025,06:24,Ajni Chowk,Minor,Car,Pedestrian Crossing Violation,Clear,1,0,3,Yes,SIMULATED,True
NGP-01597,2025-06-12,2025,12:26,Alankar Square,Severe,Motorcycle,Lane Violation,Clear,5,0,1,Yes,SIMULATED,True
NGP-01599,2025-06-13,2025,01:55,Variety Square,Moderate,Car,Brake Failure,Rainy,2,0,2,Yes,SIMULATED,True
NGP-01598,2025-06-13,2025,07:22,Mate Chowk,Moderate,Bicycle,Wrong-side Driving,Clear,2,0,2,Yes,SIMULATED,True
NGP-01600,2025-06-17,2025,12:41,Cotton Market Chowk,Moderate,Auto-Rickshaw,Pedestrian Crossing Violation,Overcast,1,0,2,Yes,SIMULATED,True
NGP-01601,2025-06-20,2025,09:52,Variety Square,Minor,Pedestrian-involved,Signal Jumping,Foggy,1,0,2,Yes,SIMULATED,True
NGP-01602,2025-06-21,2025,19:54,Airport T-Point,Minor,Car,Signal Jumping,Overcast,0,0,2,Yes,SIMULATED,True
NGP-01603,2025-06-22,2025,21:51,Ajni Chowk,Moderate,Bicycle,Lane Violation,Clear,2,0,3,Yes,SIMULATED,True
NGP-01605,2025-06-23,2025,07:57,Medical Chowk,Severe,Motorcycle,Brake Failure,Clear,2,0,1,No,SIMULATED,True
NGP-01606,2025-06-23,2025,15:47,Shankar Nagar Square,Severe,Car,Brake Failure,Clear,2,0,3,Yes,SIMULATED,True
NGP-01604,2025-06-23,2025,18:05,LIC Chowk,Minor,Motorcycle,Wrong-side Driving,Rainy,1,0,3,Yes,SIMULATED,True
NGP-01608,2025-06-24,2025,14:11,Golibar Chowk,Severe,Car,Drunk Driving,Rainy,3,0,1,Yes,SIMULATED,True
NGP-01609,2025-06-24,2025,15:38,Kachipura Square,Minor,Car,Brake Failure,Clear,0,0,3,Yes,SIMULATED,True
NGP-01607,2025-06-24,2025,17:10,Airport T-Point,Moderate,Pedestrian-involved,Lane Violation,Clear,2,0,1,Yes,SIMULATED,True
NGP-01610,2025-06-26,2025,07:22,Ajni Chowk,Minor,Car,Pothole/Road Defect,Clear,1,0,1,Yes,SIMULATED,True
NGP-01611,2025-06-29,2025,10:42,Automotive Square,Minor,Auto-Rickshaw,Distracted Driving,Hot/Humid,1,0,2,Yes,SIMULATED,True
NGP-01612,2025-06-30,2025,12:49,Kamptee Chowk,Minor,Car,Lane Violation,Overcast,0,0,2,Yes,SIMULATED,True
NGP-01614,2025-07-01,2025,16:17,Kasturchand Park Square,Minor,Car,Lane Violation,Foggy,0,0,2,Yes,SIMULATED,True
NGP-01613,2025-07-01,2025,17:05,Kadbi Chowk,Minor,Car,Pedestrian Crossing Violation,Rainy,1,0,1,Yes,SIMULATED,True
NGP-01615,2025-07-02,2025,00:52,Kasturchand Park Square,Severe,Auto-Rickshaw,Wrong-side Driving,Rainy,3,0,1,No,SIMULATED,True
NGP-01617,2025-07-03,2025,13:41,Itwari,Minor,Car,Drunk Driving,Clear,1,0,1,No,SIMULATED,True
NGP-01616,2025-07-03,2025,21:53,Gaddi Godam Chowk,Moderate,Motorcycle,Signal Jumping,Clear,3,0,3,Yes,SIMULATED,True
NGP-01618,2025-07-04,2025,12:57,LIC Chowk,Severe,Bus,Distracted Driving,Clear,5,0,3,Yes,SIMULATED,True
NGP-01619,2025-07-05,2025,12:52,Dighori Chowk,Minor,Motorcycle,Poor Visibility (Fog/Rain),Rainy,1,0,3,No,SIMULATED,True
NGP-01620,2025-07-06,2025,17:25,Chhatrapati Square,Moderate,Car,Signal Jumping,Rainy,3,0,2,Yes,SIMULATED,True
NGP-01622,2025-07-07,2025,11:45,Sitabuldi Chowk,Severe,Motorcycle,Lane Violation,Rainy,3,0,1,No,SIMULATED,True
NGP-01621,2025-07-07,2025,17:02,Sitabuldi Chowk,Moderate,Auto-Rickshaw,Pedestrian Crossing Violation,Clear,2,0,3,Yes,SIMULATED,True
NGP-01623,2025-07-10,2025,14:22,Manakpur Chowk,Minor,Motorcycle,Distracted Driving,Rainy,0,0,3,Yes,SIMULATED,True
NGP-01624,2025-07-10,2025,20:31,Sitabuldi Chowk,Severe,Motorcycle,Brake Failure,Clear,4,0,1,No,SIMULATED,True
NGP-01625,2025-07-11,2025,00:50,Alankar Square,Moderate,Car,Wrong-side Driving,Clear,3,0,2,Yes,SIMULATED,True
NGP-01626,2025-07-11,2025,19:31,Shraddhanand Peth Square,Severe,Car,Distracted Driving,Clear,4,0,1,No,SIMULATED,True
NGP-01627,2025-07-13,2025,16:06,Automotive Square,Moderate,Bicycle,Drunk Driving,Foggy,3,0,3,Yes,SIMULATED,True
NGP-01628,2025-07-14,2025,08:32,Kamptee Chowk,Severe,Truck,Drunk Driving,Hot/Humid,5,0,2,Yes,SIMULATED,True
NGP-01629,2025-07-15,2025,12:54,Sakkardara Square,Severe,Car,Pothole/Road Defect,Overcast,3,0,2,Yes,SIMULATED,True
NGP-01630,2025-07-17,2025,01:27,Sitabuldi Chowk,Fatal,Motorcycle,Distracted Driving,Clear,3,1,3,Yes,SIMULATED,True
NGP-01631,2025-07-19,2025,07:34,Automotive Square,Minor,Car,Lane Violation,Clear,0,0,3,Yes,SIMULATED,True
NGP-01632,2025-07-21,2025,18:26,Golibar Chowk,Severe,Motorcycle,Signal Jumping,Rainy,2,0,3,Yes,SIMULATED,True
NGP-01633,2025-07-23,2025,08:23,Manakpur Chowk,Severe,Motorcycle,Pothole/Road Defect,Clear,3,0,4,Yes,SIMULATED,True
NGP-01634,2025-07-25,2025,03:03,Airport T-Point,Minor,Auto-Rickshaw,Pothole/Road Defect,Clear,0,0,4,Yes,SIMULATED,True
NGP-01635,2025-07-27,2025,19:09,Chhatrapati Square,Severe,Bus,Signal Jumping,Clear,3,0,2,Yes,SIMULATED,True
NGP-01636,2025-07-28,2025,15:07,Kamptee Chowk,Minor,Truck,Poor Visibility (Fog/Rain),Clear,0,0,4,Yes,SIMULATED,True
NGP-01637,2025-07-30,2025,19:06,Pardi Chowk,Severe,Motorcycle,Wrong-side Driving,Rainy,4,0,2,Yes,SIMULATED,True
NGP-01638,2025-07-31,2025,09:24,Abhyankar Nagar Square,Moderate,Bicycle,Distracted Driving,Hot/Humid,2,0,1,Yes,SIMULATED,True
NGP-01640,2025-07-31,2025,12:34,Kachipura Square,Minor,Bus,Pothole/Road Defect,Overcast,1,0,1,No,SIMULATED,True
NGP-01639,2025-07-31,2025,18:54,Airport T-Point,Minor,Auto-Rickshaw,Brake Failure,Clear,1,0,3,Yes,SIMULATED,True
NGP-01642,2025-08-01,2025,06:38,Mental Hospital Chowk,Severe,Bicycle,Pedestrian Crossing Violation,Overcast,5,0,3,Yes,SIMULATED,True
NGP-01641,2025-08-01,2025,21:20,Abhyankar Nagar Square,Moderate,Motorcycle,Lane Violation,Clear,1,0,4,Yes,SIMULATED,True
NGP-01644,2025-08-02,2025,10:58,Katol Road Chowk,Severe,Bicycle,Brake Failure,Clear,3,0,2,Yes,SIMULATED,True
NGP-01646,2025-08-02,2025,13:07,Pardi Chowk,Minor,Motorcycle,Signal Jumping,Hot/Humid,1,0,2,Yes,SIMULATED,True
NGP-01645,2025-08-02,2025,15:49,LIC Chowk,Minor,Motorcycle,Drunk Driving,Clear,0,0,4,No,SIMULATED,True
NGP-01643,2025-08-02,2025,16:30,Itwari,Minor,Auto-Rickshaw,Overspeeding,Clear,0,0,1,Yes,SIMULATED,True
NGP-01648,2025-08-03,2025,10:50,Sakkardara Square,Minor,Car,Pothole/Road Defect,Clear,0,0,2,Yes,SIMULATED,True
NGP-01647,2025-08-03,2025,18:55,Automotive Square,Minor,Auto-Rickshaw,Lane Violation,Foggy,1,0,3,Yes,SIMULATED,True
NGP-01649,2025-08-04,2025,17:44,Variety Square,Minor,Motorcycle,Brake Failure,Clear,1,0,1,Yes,SIMULATED,True
NGP-01650,2025-08-05,2025,09:53,Automotive Square,Minor,Motorcycle,Overspeeding,Rainy,0,0,3,Yes,SIMULATED,True
NGP-01651,2025-08-05,2025,20:10,Mental Hospital Chowk,Minor,Motorcycle,Signal Jumping,Clear,0,0,2,Yes,SIMULATED,True
NGP-01653,2025-08-06,2025,10:04,Kamptee Chowk,Moderate,Car,Signal Jumping,Clear,3,0,1,Yes,SIMULATED,True
NGP-01652,2025-08-06,2025,17:51,Itwari,Severe,Bus,Brake Failure,Foggy,5,0,1,Yes,SIMULATED,True
NGP-01654,2025-08-07,2025,20:50,Chhatrapati Square,Moderate,Car,Poor Visibility (Fog/Rain),Clear,1,0,1,No,SIMULATED,True
NGP-01655,2025-08-10,2025,17:26,Chhatrapati Square,Minor,Pedestrian-involved,Drunk Driving,Clear,1,0,4,Yes,SIMULATED,True
NGP-01656,2025-08-10,2025,19:07,Kachipura Square,Minor,Motorcycle,Distracted Driving,Overcast,1,0,4,No,SIMULATED,True
NGP-01657,2025-08-11,2025,09:55,Chhatrapati Square,Minor,Motorcycle,Poor Visibility (Fog/Rain),Clear,1,0,1,Yes,SIMULATED,True
NGP-01658,2025-08-11,2025,11:02,Kadbi Chowk,Minor,Auto-Rickshaw,Signal Jumping,Clear,1,0,3,Yes,SIMULATED,True
NGP-01659,2025-08-13,2025,07:15,Airport T-Point,Moderate,Bus,Overspeeding,Clear,2,0,4,No,SIMULATED,True
NGP-01661,2025-08-14,2025,12:46,Laxmi Nagar Square,Moderate,Motorcycle,Brake Failure,Clear,3,0,4,No,SIMULATED,True
NGP-01660,2025-08-14,2025,20:53,Kamptee Chowk,Minor,Car,Wrong-side Driving,Overcast,0,0,3,Yes,SIMULATED,True
NGP-01662,2025-08-15,2025,13:58,Dighori Chowk,Minor,Motorcycle,Overspeeding,Clear,1,0,4,Yes,SIMULATED,True
NGP-01664,2025-08-16,2025,08:51,Manakpur Chowk,Moderate,Motorcycle,Pothole/Road Defect,Clear,3,0,4,Yes,SIMULATED,True
NGP-01663,2025-08-16,2025,12:47,Kachipura Square,Minor,Truck,Drunk Driving,Rainy,0,0,1,Yes,SIMULATED,True
NGP-01665,2025-08-17,2025,00:13,Alankar Square,Minor,Motorcycle,Lane Violation,Overcast,0,0,2,No,SIMULATED,True
NGP-01666,2025-08-17,2025,10:43,Laxmi Nagar Square,Minor,Motorcycle,Poor Visibility (Fog/Rain),Clear,0,0,4,Yes,SIMULATED,True
NGP-01667,2025-08-18,2025,07:47,Automotive Square,Minor,Motorcycle,Pedestrian Crossing Violation,Clear,1,0,1,Yes,SIMULATED,True
NGP-01668,2025-08-18,2025,17:19,Medical Chowk,Minor,Car,Lane Violation,Overcast,0,0,1,Yes,SIMULATED,True
NGP-01670,2025-08-19,2025,07:55,Shankar Nagar Square,Minor,Car,Wrong-side Driving,Overcast,1,0,3,Yes,SIMULATED,True
NGP-01669,2025-08-19,2025,19:18,Mental Hospital Chowk,Minor,Car,Drunk Driving,Clear,0,0,4,Yes,SIMULATED,True
NGP-01672,2025-08-20,2025,09:12,RBI Chowk,Minor,Car,Signal Jumping,Clear,1,0,4,No,SIMULATED,True
NGP-01671,2025-08-20,2025,14:05,Itwari,Minor,Bicycle,Drunk Driving,Hot/Humid,1,0,1,No,SIMULATED,True
NGP-01673,2025-08-21,2025,18:51,Automotive Square,Minor,Motorcycle,Drunk Driving,Clear,1,0,2,Yes,SIMULATED,True
NGP-01674,2025-08-22,2025,13:59,Medical Chowk,Severe,Auto-Rickshaw,Pedestrian Crossing Violation,Overcast,3,0,2,Yes,SIMULATED,True
NGP-01677,2025-08-23,2025,06:08,Medical Chowk,Moderate,Car,Pedestrian Crossing Violation,Clear,2,0,3,No,SIMULATED,True
NGP-01678,2025-08-23,2025,13:00,Medical Chowk,Moderate,Bicycle,Wrong-side Driving,Clear,2,0,3,Yes,SIMULATED,True
NGP-01675,2025-08-23,2025,13:50,Kasturchand Park Square,Severe,Car,Signal Jumping,Clear,2,0,1,Yes,SIMULATED,True
NGP-01676,2025-08-23,2025,15:54,LIC Chowk,Minor,Motorcycle,Signal Jumping,Clear,1,0,2,No,SIMULATED,True
NGP-01679,2025-08-25,2025,18:09,Chhatrapati Square,Minor,Auto-Rickshaw,Drunk Driving,Rainy,0,0,3,Yes,SIMULATED,True
NGP-01680,2025-08-26,2025,06:59,Kadbi Chowk,Severe,Car,Wrong-side Driving,Foggy,3,0,4,Yes,SIMULATED,True
NGP-01681,2025-08-26,2025,22:11,Sitabuldi Chowk,Minor,Motorcycle,Pothole/Road Defect,Clear,0,0,3,Yes,SIMULATED,True
NGP-01683,2025-08-29,2025,14:43,Sitabuldi Chowk,Moderate,Truck,Lane Violation,Clear,3,0,3,Yes,SIMULATED,True
NGP-01682,2025-08-29,2025,21:14,Bardi Chowk,Minor,Car,Brake Failure,Overcast,1,0,2,Yes,SIMULATED,True
NGP-01685,2025-08-30,2025,07:42,Manish Nagar-Besa Junction,Minor,Car,Pedestrian Crossing Violation,Clear,1,0,1,No,SIMULATED,True
NGP-01684,2025-08-30,2025,18:13,Bardi Chowk,Minor,Car,Pedestrian Crossing Violation,Clear,0,0,3,Yes,SIMULATED,True
NGP-01686,2025-08-31,2025,18:28,RBI Chowk,Minor,Motorcycle,Pothole/Road Defect,Clear,1,0,1,Yes,SIMULATED,True
NGP-01687,2025-09-01,2025,04:17,Dighori Chowk,Moderate,Truck,Drunk Driving,Clear,3,0,2,No,SIMULATED,True
NGP-01690,2025-09-01,2025,13:03,Pratap Nagar Chowk,Severe,Car,Lane Violation,Clear,3,0,4,Yes,SIMULATED,True
NGP-01688,2025-09-01,2025,15:38,Gaddi Godam Chowk,Minor,Pedestrian-involved,Pedestrian Crossing Violation,Clear,1,0,4,No,SIMULATED,True
NGP-01691,2025-09-01,2025,18:32,Shankar Nagar Square,Minor,Auto-Rickshaw,Wrong-side Driving,Clear,0,0,4,Yes,SIMULATED,True
NGP-01689,2025-09-01,2025,22:00,Hingna Chowk,Minor,Car,Wrong-side Driving,Clear,1,0,4,Yes,SIMULATED,True
NGP-01693,2025-09-05,2025,10:12,Kamptee Chowk,Moderate,Bus,Overspeeding,Rainy,2,0,1,Yes,SIMULATED,True
NGP-01692,2025-09-05,2025,19:40,Alankar Square,Moderate,Car,Pothole/Road Defect,Rainy,1,0,2,Yes,SIMULATED,True
NGP-01694,2025-09-06,2025,10:55,Chhatrapati Square,Minor,Bus,Overspeeding,Clear,0,0,1,Yes,SIMULATED,True
NGP-01695,2025-09-08,2025,11:40,Manewada Chowk,Minor,Car,Drunk Driving,Clear,1,0,2,Yes,SIMULATED,True
NGP-01696,2025-09-09,2025,07:27,Abhyankar Nagar Square,Minor,Auto-Rickshaw,Poor Visibility (Fog/Rain),Rainy,0,0,2,Yes,SIMULATED,True
NGP-01697,2025-09-09,2025,09:57,Gaddi Godam Chowk,Minor,Bicycle,Distracted Driving,Rainy,1,0,2,Yes,SIMULATED,True
NGP-01698,2025-09-10,2025,18:17,Abhyankar Nagar Square,Severe,Truck,Signal Jumping,Overcast,5,0,1,Yes,SIMULATED,True
NGP-01700,2025-09-11,2025,09:22,LIC Chowk,Minor,Auto-Rickshaw,Brake Failure,Clear,0,0,4,Yes,SIMULATED,True
NGP-01699,2025-09-11,2025,19:48,Kachipura Square,Moderate,Pedestrian-involved,Lane Violation,Overcast,2,0,1,Yes,SIMULATED,True
NGP-01701,2025-09-12,2025,15:53,Ajni Chowk,Moderate,Pedestrian-involved,Signal Jumping,Clear,3,0,2,Yes,SIMULATED,True
NGP-01703,2025-09-13,2025,08:24,Pratap Nagar Chowk,Severe,Bicycle,Wrong-side Driving,Clear,2,0,3,Yes,SIMULATED,True
NGP-01702,2025-09-13,2025,17:22,Manewada Chowk,Fatal,Car,Pothole/Road Defect,Clear,3,2,4,Yes,SIMULATED,True
NGP-01704,2025-09-15,2025,16:03,Sitabuldi Chowk,Severe,Bus,Distracted Driving,Clear,5,0,1,Yes,SIMULATED,True
NGP-01706,2025-09-16,2025,11:23,Kamptee Chowk,Moderate,Motorcycle,Brake Failure,Overcast,3,0,2,Yes,SIMULATED,True
NGP-01705,2025-09-16,2025,19:52,Kamptee Chowk,Minor,Motorcycle,Signal Jumping,Rainy,0,0,1,Yes,SIMULATED,True
NGP-01707,2025-09-17,2025,08:09,Airport T-Point,Moderate,Car,Signal Jumping,Foggy,2,0,3,Yes,SIMULATED,True
NGP-01709,2025-09-20,2025,08:28,Gaddi Godam Chowk,Minor,Car,Brake Failure,Foggy,0,0,4,Yes,SIMULATED,True
NGP-01708,2025-09-20,2025,14:31,Cotton Market Chowk,Moderate,Car,Drunk Driving,Clear,2,0,3,Yes,SIMULATED,True
NGP-01710,2025-09-21,2025,18:48,Mate Chowk,Moderate,Truck,Wrong-side Driving,Clear,1,0,1,Yes,SIMULATED,True
NGP-01713,2025-09-22,2025,11:43,Variety Square,Minor,Bicycle,Pedestrian Crossing Violation,Clear,0,0,4,No,SIMULATED,True
NGP-01711,2025-09-22,2025,17:21,Airport T-Point,Minor,Truck,Signal Jumping,Rainy,0,0,3,No,SIMULATED,True
NGP-01712,2025-09-22,2025,17:29,Automotive Square,Minor,Motorcycle,Poor Visibility (Fog/Rain),Rainy,0,0,1,No,SIMULATED,True
NGP-01714,2025-09-23,2025,10:49,Mate Chowk,Severe,Motorcycle,Poor Visibility (Fog/Rain),Rainy,4,0,4,Yes,SIMULATED,True
NGP-01716,2025-09-24,2025,07:26,RBI Chowk,Severe,Car,Distracted Driving,Clear,2,0,2,Yes,SIMULATED,True
NGP-01715,2025-09-24,2025,13:01,Automotive Square,Moderate,Bus,Wrong-side Driving,Rainy,2,0,1,Yes,SIMULATED,True
NGP-01717,2025-09-24,2025,20:37,RBI Chowk,Minor,Car,Pothole/Road Defect,Clear,1,0,3,Yes,SIMULATED,True
NGP-01719,2025-09-25,2025,08:54,Kachipura Square,Minor,Car,Drunk Driving,Foggy,1,0,1,Yes,SIMULATED,True
NGP-01718,2025-09-25,2025,19:56,Dighori Chowk,Minor,Auto-Rickshaw,Brake Failure,Clear,1,0,1,Yes,SIMULATED,True
NGP-01720,2025-09-27,2025,14:29,Kadbi Chowk,Minor,Motorcycle,Distracted Driving,Clear,0,0,4,Yes,SIMULATED,True
NGP-01722,2025-09-28,2025,07:18,Kamptee Chowk,Moderate,Auto-Rickshaw,Drunk Driving,Clear,1,0,2,No,SIMULATED,True
NGP-01721,2025-09-28,2025,08:28,Automotive Square,Minor,Truck,Pothole/Road Defect,Clear,0,0,2,Yes,SIMULATED,True
NGP-01723,2025-09-30,2025,19:00,Kachipura Square,Moderate,Car,Poor Visibility (Fog/Rain),Clear,2,0,4,Yes,SIMULATED,True
NGP-01725,2025-10-03,2025,10:28,LAD Square,Minor,Motorcycle,Lane Violation,Foggy,1,0,1,Yes,SIMULATED,True
NGP-01724,2025-10-03,2025,16:59,Kamptee Chowk,Minor,Motorcycle,Signal Jumping,Clear,0,0,2,Yes,SIMULATED,True
NGP-01727,2025-10-04,2025,14:55,Sitabuldi Chowk,Fatal,Motorcycle,Pedestrian Crossing Violation,Clear,1,2,2,Yes,SIMULATED,True
NGP-01726,2025-10-04,2025,19:53,Automotive Square,Minor,Auto-Rickshaw,Drunk Driving,Clear,1,0,3,No,SIMULATED,True
NGP-01728,2025-10-05,2025,17:34,Pratap Nagar Chowk,Moderate,Truck,Lane Violation,Foggy,2,0,1,Yes,SIMULATED,True
NGP-01729,2025-10-06,2025,16:56,Automotive Square,Severe,Truck,Poor Visibility (Fog/Rain),Rainy,5,0,4,Yes,SIMULATED,True
NGP-01730,2025-10-12,2025,08:12,LIC Chowk,Minor,Auto-Rickshaw,Overspeeding,Clear,1,0,2,No,SIMULATED,True
NGP-01731,2025-10-14,2025,21:41,Chhatrapati Square,Minor,Car,Pothole/Road Defect,Rainy,1,0,1,No,SIMULATED,True
NGP-01732,2025-10-15,2025,09:06,Kasturchand Park Square,Moderate,Car,Lane Violation,Clear,1,0,2,Yes,SIMULATED,True
NGP-01733,2025-10-15,2025,09:21,Sitabuldi Chowk,Minor,Pedestrian-involved,Wrong-side Driving,Overcast,0,0,2,Yes,SIMULATED,True
NGP-01734,2025-10-16,2025,13:00,LIC Chowk,Minor,Bus,Pedestrian Crossing Violation,Foggy,0,0,2,Yes,SIMULATED,True
NGP-01735,2025-10-17,2025,07:12,Chhatrapati Square,Minor,Motorcycle,Lane Violation,Foggy,0,0,3,Yes,SIMULATED,True
NGP-01736,2025-10-17,2025,17:50,Shankar Nagar Square,Minor,Car,Poor Visibility (Fog/Rain),Overcast,1,0,4,Yes,SIMULATED,True
NGP-01739,2025-10-19,2025,08:43,Pratap Nagar Chowk,Minor,Motorcycle,Lane Violation,Overcast,1,0,4,Yes,SIMULATED,True
NGP-01737,2025-10-19,2025,14:57,Ajit Bakery Square,Fatal,Car,Lane Violation,Clear,2,2,1,Yes,SIMULATED,True
NGP-01738,2025-10-19,2025,19:35,Kachipura Square,Minor,Car,Wrong-side Driving,Hot/Humid,1,0,2,Yes,SIMULATED,True
NGP-01740,2025-10-20,2025,11:41,Ajit Bakery Square,Minor,Car,Lane Violation,Overcast,1,0,1,Yes,SIMULATED,True
NGP-01741,2025-10-20,2025,15:01,Itwari,Moderate,Truck,Pedestrian Crossing Violation,Clear,3,0,4,Yes,SIMULATED,True
NGP-01742,2025-10-21,2025,00:06,Ajni Chowk,Moderate,Bus,Brake Failure,Rainy,1,0,2,No,SIMULATED,True
NGP-01743,2025-10-21,2025,08:46,Medical Chowk,Severe,Pedestrian-involved,Pedestrian Crossing Violation,Clear,3,0,4,No,SIMULATED,True
NGP-01744,2025-10-22,2025,05:16,Medical Chowk,Moderate,Motorcycle,Brake Failure,Clear,1,0,3,Yes,SIMULATED,True
NGP-01746,2025-10-23,2025,10:42,Chhatrapati Square,Minor,Car,Drunk Driving,Clear,1,0,4,Yes,SIMULATED,True
NGP-01745,2025-10-23,2025,16:04,Bardi Chowk,Minor,Bus,Lane Violation,Foggy,1,0,3,Yes,SIMULATED,True
NGP-01747,2025-10-23,2025,18:26,Itwari,Minor,Car,Signal Jumping,Clear,0,0,4,Yes,SIMULATED,True
NGP-01748,2025-10-25,2025,01:10,LIC Chowk,Minor,Motorcycle,Distracted Driving,Clear,0,0,4,Yes,SIMULATED,True
NGP-01749,2025-10-26,2025,12:12,Cotton Market Chowk,Minor,Car,Distracted Driving,Clear,0,0,1,Yes,SIMULATED,True
NGP-01751,2025-10-27,2025,12:10,LAD Square,Minor,Auto-Rickshaw,Overspeeding,Overcast,1,0,1,Yes,SIMULATED,True
NGP-01750,2025-10-27,2025,12:35,Katol Road Chowk,Moderate,Auto-Rickshaw,Brake Failure,Clear,2,0,4,Yes,SIMULATED,True
NGP-01752,2025-10-28,2025,20:54,Bardi Chowk,Minor,Auto-Rickshaw,Pedestrian Crossing Violation,Clear,1,0,4,No,SIMULATED,True
NGP-01753,2025-10-29,2025,22:31,Laxmi Nagar Square,Fatal,Motorcycle,Pedestrian Crossing Violation,Foggy,4,2,4,Yes,SIMULATED,True
NGP-01755,2025-10-30,2025,11:09,Lokmat Square,Severe,Pedestrian-involved,Poor Visibility (Fog/Rain),Clear,2,0,1,Yes,SIMULATED,True
NGP-01754,2025-10-30,2025,13:57,Itwari,Moderate,Bicycle,Pedestrian Crossing Violation,Clear,1,0,1,No,SIMULATED,True
NGP-01756,2025-10-31,2025,18:55,Ajni Chowk,Minor,Bicycle,Signal Jumping,Rainy,0,0,3,Yes,SIMULATED,True
NGP-01757,2025-11-01,2025,17:21,Lokmat Square,Moderate,Truck,Overspeeding,Clear,3,0,1,Yes,SIMULATED,True
NGP-01758,2025-11-03,2025,07:30,Katol Road Chowk,Minor,Truck,Pedestrian Crossing Violation,Foggy,1,0,4,Yes,SIMULATED,True
NGP-01759,2025-11-03,2025,19:20,Mate Chowk,Minor,Motorcycle,Lane Violation,Clear,0,0,3,Yes,SIMULATED,True
NGP-01760,2025-11-04,2025,13:11,Kachipura Square,Moderate,Car,Pothole/Road Defect,Hot/Humid,2,0,1,Yes,SIMULATED,True
NGP-01761,2025-11-04,2025,15:46,Sakkardara Square,Moderate,Truck,Distracted Driving,Clear,1,0,2,Yes,SIMULATED,True
NGP-01762,2025-11-05,2025,09:03,Manakpur Chowk,Moderate,Bus,Lane Violation,Clear,3,0,3,Yes,SIMULATED,True
NGP-01764,2025-11-06,2025,18:57,Itwari,Minor,Motorcycle,Pedestrian Crossing Violation,Clear,0,0,2,Yes,SIMULATED,True
NGP-01763,2025-11-06,2025,19:34,Golibar Chowk,Fatal,Motorcycle,Pothole/Road Defect,Rainy,3,1,1,Yes,SIMULATED,True
NGP-01765,2025-11-08,2025,06:43,Kachipura Square,Fatal,Motorcycle,Overspeeding,Hot/Humid,4,1,2,Yes,SIMULATED,True
NGP-01766,2025-11-10,2025,10:20,LIC Chowk,Minor,Bus,Lane Violation,Clear,1,0,4,Yes,SIMULATED,True
NGP-01767,2025-11-13,2025,18:22,Cotton Market Chowk,Minor,Motorcycle,Brake Failure,Overcast,0,0,1,Yes,SIMULATED,True
NGP-01768,2025-11-15,2025,17:28,Bardi Chowk,Moderate,Bus,Poor Visibility (Fog/Rain),Clear,3,0,4,Yes,SIMULATED,True
NGP-01770,2025-11-17,2025,05:55,Sitabuldi Chowk,Minor,Motorcycle,Overspeeding,Rainy,1,0,1,No,SIMULATED,True
NGP-01769,2025-11-17,2025,12:06,Ajni Chowk,Moderate,Car,Pothole/Road Defect,Clear,2,0,4,Yes,SIMULATED,True
NGP-01771,2025-11-18,2025,13:55,Chhatrapati Square,Moderate,Auto-Rickshaw,Lane Violation,Rainy,3,0,2,No,SIMULATED,True
NGP-01772,2025-11-19,2025,22:58,Airport T-Point,Minor,Car,Drunk Driving,Clear,0,0,3,Yes,SIMULATED,True
NGP-01773,2025-11-20,2025,15:50,Variety Square,Minor,Car,Pothole/Road Defect,Clear,1,0,1,Yes,SIMULATED,True
NGP-01774,2025-11-21,2025,17:17,Chhatrapati Square,Minor,Auto-Rickshaw,Pothole/Road Defect,Clear,0,0,3,Yes,SIMULATED,True
NGP-01775,2025-11-24,2025,08:11,Katol Road Chowk,Severe,Bus,Pothole/Road Defect,Clear,4,0,4,Yes,SIMULATED,True
NGP-01776,2025-11-26,2025,14:12,Ajit Bakery Square,Moderate,Car,Signal Jumping,Overcast,3,0,1,Yes,SIMULATED,True
NGP-01778,2025-11-27,2025,05:43,Chhatrapati Square,Minor,Car,Distracted Driving,Clear,0,0,2,Yes,SIMULATED,True
NGP-01777,2025-11-27,2025,21:45,Ajit Bakery Square,Moderate,Bicycle,Wrong-side Driving,Overcast,1,0,1,No,SIMULATED,True
NGP-01779,2025-11-28,2025,15:07,Bardi Chowk,Moderate,Auto-Rickshaw,Brake Failure,Clear,2,0,4,Yes,SIMULATED,True
NGP-01780,2025-11-28,2025,19:30,Medical Chowk,Moderate,Motorcycle,Distracted Driving,Rainy,3,0,3,Yes,SIMULATED,True
NGP-01781,2025-11-29,2025,06:27,Indora Chowk,Moderate,Bus,Drunk Driving,Rainy,1,0,2,Yes,SIMULATED,True
NGP-01782,2025-11-29,2025,09:34,Kachipura Square,Moderate,Auto-Rickshaw,Signal Jumping,Overcast,3,0,1,Yes,SIMULATED,True
NGP-01783,2025-11-30,2025,17:51,Chhatrapati Square,Minor,Bicycle,Lane Violation,Clear,1,0,3,Yes,SIMULATED,True
NGP-01785,2025-12-02,2025,13:46,Lokmat Square,Minor,Motorcycle,Poor Visibility (Fog/Rain),Clear,1,0,2,Yes,SIMULATED,True
NGP-01784,2025-12-02,2025,17:44,Golibar Chowk,Minor,Pedestrian-involved,Brake Failure,Overcast,1,0,4,Yes,SIMULATED,True
NGP-01786,2025-12-02,2025,18:37,RBI Chowk,Severe,Auto-Rickshaw,Brake Failure,Rainy,4,0,4,Yes,SIMULATED,True
NGP-01787,2025-12-03,2025,07:39,Golibar Chowk,Minor,Motorcycle,Distracted Driving,Overcast,1,0,3,Yes,SIMULATED,True
NGP-01788,2025-12-04,2025,16:37,Kachipura Square,Minor,Car,Signal Jumping,Clear,0,0,2,No,SIMULATED,True
NGP-01791,2025-12-05,2025,14:32,Pratap Nagar Chowk,Severe,Bus,Brake Failure,Clear,5,0,3,Yes,SIMULATED,True
NGP-01790,2025-12-05,2025,15:52,Kadbi Chowk,Moderate,Pedestrian-involved,Pedestrian Crossing Violation,Rainy,3,0,3,Yes,SIMULATED,True
NGP-01789,2025-12-05,2025,16:15,Ajni Chowk,Minor,Motorcycle,Drunk Driving,Hot/Humid,0,0,3,Yes,SIMULATED,True
NGP-01792,2025-12-07,2025,17:09,Medical Chowk,Severe,Truck,Poor Visibility (Fog/Rain),Clear,4,0,3,Yes,SIMULATED,True
NGP-01793,2025-12-08,2025,06:32,Manewada Chowk,Severe,Car,Brake Failure,Rainy,5,0,3,Yes,SIMULATED,True
NGP-01794,2025-12-10,2025,20:22,Kachipura Square,Severe,Bicycle,Signal Jumping,Hot/Humid,5,0,4,Yes,SIMULATED,True
NGP-01796,2025-12-11,2025,08:14,Jhansi Rani Square,Minor,Auto-Rickshaw,Signal Jumping,Rainy,1,0,2,Yes,SIMULATED,True
NGP-01795,2025-12-11,2025,17:28,Hingna Chowk,Severe,Pedestrian-involved,Pothole/Road Defect,Clear,2,0,1,Yes,SIMULATED,True
NGP-01797,2025-12-13,2025,10:01,Lokmat Square,Minor,Car,Poor Visibility (Fog/Rain),Clear,0,0,3,Yes,SIMULATED,True
NGP-01799,2025-12-15,2025,09:25,Lokmat Square,Moderate,Car,Signal Jumping,Clear,3,0,3,Yes,SIMULATED,True
NGP-01798,2025-12-15,2025,17:53,LAD Square,Minor,Auto-Rickshaw,Poor Visibility (Fog/Rain),Clear,1,0,2,Yes,SIMULATED,True
NGP-01801,2025-12-17,2025,08:33,Kadbi Chowk,Minor,Pedestrian-involved,Drunk Driving,Foggy,1,0,4,Yes,SIMULATED,True
NGP-01800,2025-12-17,2025,08:55,Dighori Chowk,Minor,Pedestrian-involved,Lane Violation,Hot/Humid,0,0,2,Yes,SIMULATED,True
NGP-01802,2025-12-17,2025,11:43,Mate Chowk,Moderate,Bus,Distracted Driving,Rainy,2,0,3,Yes,SIMULATED,True
NGP-01803,2025-12-18,2025,21:35,Hingna Chowk,Minor,Auto-Rickshaw,Drunk Driving,Clear,1,0,4,Yes,SIMULATED,True
NGP-01804,2025-12-20,2025,12:05,Indora Chowk,Minor,Bus,Distracted Driving,Rainy,1,0,2,Yes,SIMULATED,True
NGP-01806,2025-12-20,2025,18:59,Kasturchand Park Square,Minor,Bus,Overspeeding,Hot/Humid,0,0,4,Yes,SIMULATED,True
NGP-01805,2025-12-20,2025,20:42,Kasturchand Park Square,Moderate,Truck,Signal Jumping,Foggy,3,0,4,Yes,SIMULATED,True
NGP-01807,2025-12-21,2025,08:13,Itwari,Moderate,Car,Pothole/Road Defect,Clear,3,0,2,Yes,SIMULATED,True
NGP-01809,2025-12-21,2025,11:45,Sakkardara Square,Minor,Auto-Rickshaw,Drunk Driving,Clear,1,0,4,Yes,SIMULATED,True
NGP-01808,2025-12-21,2025,18:56,Kachipura Square,Minor,Pedestrian-involved,Lane Violation,Clear,1,0,4,Yes,SIMULATED,True
NGP-01810,2025-12-22,2025,12:30,Shraddhanand Peth Square,Moderate,Truck,Brake Failure,Clear,1,0,1,Yes,SIMULATED,True
NGP-01811,2025-12-23,2025,17:13,Indora Chowk,Moderate,Motorcycle,Overspeeding,Clear,1,0,4,Yes,SIMULATED,True
NGP-01813,2025-12-24,2025,08:04,Variety Square,Minor,Truck,Lane Violation,Overcast,1,0,3,Yes,SIMULATED,True
NGP-01812,2025-12-24,2025,16:39,Sitabuldi Chowk,Minor,Motorcycle,Signal Jumping,Clear,0,0,3,Yes,SIMULATED,True
NGP-01814,2025-12-25,2025,18:34,Dighori Chowk,Minor,Car,Poor Visibility (Fog/Rain),Clear,0,0,4,Yes,SIMULATED,True
NGP-01815,2025-12-26,2025,07:30,Mental Hospital Chowk,Moderate,Car,Brake Failure,Hot/Humid,2,0,1,Yes,SIMULATED,True
NGP-01816,2025-12-27,2025,09:46,Hingna Chowk,Minor,Motorcycle,Lane Violation,Rainy,1,0,1,Yes,SIMULATED,True
NGP-01817,2025-12-28,2025,21:27,Pratap Nagar Chowk,Severe,Motorcycle,Brake Failure,Clear,3,0,2,Yes,SIMULATED,True
NGP-01818,2025-12-29,2025,19:15,Kachipura Square,Severe,Car,Distracted Driving,Hot/Humid,5,0,3,Yes,SIMULATED,True
NGP-01819,2025-12-29,2025,19:16,Sakkardara Square,Moderate,Bicycle,Pedestrian Crossing Violation,Clear,2,0,1,Yes,SIMULATED,True
NGP-01820,2025-12-30,2025,09:11,Katol Road Chowk,Minor,Motorcycle,Drunk Driving,Foggy,0,0,4,Yes,SIMULATED,True
NGP-01821,2025-12-30,2025,17:16,LIC Chowk,Minor,Motorcycle,Wrong-side Driving,Foggy,1,0,1,Yes,SIMULATED,True
NGP-01822,2025-12-31,2025,09:11,Medical Chowk,Severe,Bicycle,Wrong-side Driving,Clear,4,0,2,Yes,SIMULATED,True
NGP-01823,2025-12-31,2025,20:45,Shraddhanand Peth Square,Minor,Pedestrian-involved,Wrong-side Driving,Clear,1,0,1,Yes,SIMULATED,True
