junction,year,month,period_date,total_accidents,fatal_accidents,injury_accidents,accidents_7d,accidents_30d,accidents_90d,accidents_1y,fatal_accidents_1y,injury_accidents_1y,historical_accident_rate,risk_score,traffic_risk
Airport Square,2020,1,2020-01-01,0,0,0,0.0,0.0,0.0,0.0,0.0,0.0,0.0,0.0,LOW
IT Park Ring Road,2020,1,2020-01-01,0,0,0,0.0,0.0,0.0,0.0,0.0,0.0,0.0,0.0,LOW
Sakkardara Square,2020,1,2020-01-01,0,0,0,0.0,0.0,0.0,0.0,0.0,0.0,0.0,0.0,LOW
HB Town Square,2020,1,2020-01-01,0,0,0,0.0,0.0,0.0,0.0,0.0,0.0,0.0,0.0,LOW
Sanvidhan Square,2020,1,2020-01-01,0,0,0,0.0,0.0,0.0,0.0,0.0,0.0,0.0,0.0,LOW
Shankar Nagar Square,2020,1,2020-01-01,0,0,0,0.0,0.0,0.0,0.0,0.0,0.0,0.0,0.0,LOW
Gokulpeth Market,2020,1,2020-01-01,0,0,0,0.0,0.0,0.0,0.0,0.0,0.0,0.0,0.0,LOW
Sitabuldi Interchange,2020,1,2020-01-01,0,0,0,0.0,0.0,0.0,0.0,0.0,0.0,0.0,0.0,LOW
Reshimbagh Square,2020,1,2020-01-01,0,0,0,0.0,0.0,0.0,0.0,0.0,0.0,0.0,0.0,LOW
Dharampeth Tower,2020,1,2020-01-01,0,0,0,0.0,0.0,0.0,0.0,0.0,0.0,0.0,0.0,LOW
Deo Nagar Chowk,2020,1,2020-01-01,0,0,0,0.0,0.0,0.0,0.0,0.0,0.0,0.0,0.0,LOW
Subhash Nagar Square,2020,1,2020-01-01,0,0,0,0.0,0.0,0.0,0.0,0.0,0.0,0.0,0.0,LOW
VCA Stadium Chowk,2020,1,2020-01-01,0,0,0,0.0,0.0,0.0,0.0,0.0,0.0,0.0,0.0,LOW
Chhatrapati Square,2020,1,2020-01-01,1,0,1,0.0,0.0,0.0,0.0,0.0,0.0,0.0,2.76,LOW
Variety Square,2020,1,2020-01-01,0,0,0,0.0,0.0,0.0,0.0,0.0,0.0,0.0,0.0,LOW
Bhande Plot Square,2020,1,2020-01-01,0,0,0,0.0,0.0,0.0,0.0,0.0,0.0,0.0,0.0,LOW
Wardha Road Toll Plaza,2020,1,2020-01-01,0,0,0,0.0,0.0,0.0,0.0,0.0,0.0,0.0,0.0,LOW
Somalwada Square,2020,1,2020-01-01,0,0,0,0.0,0.0,0.0,0.0,0.0,0.0,0.0,0.0,LOW
Automotive Square,2020,1,2020-01-01,0,0,0,0.0,0.0,0.0,0.0,0.0,0.0,0.0,0.0,LOW
Itwari Railway Station Square,2020,1,2020-01-01,0,0,0,0.0,0.0,0.0,0.0,0.0,0.0,0.0,0.0,LOW
Japanese Garden Square,2020,1,2020-01-01,0,0,0,0.0,0.0,0.0,0.0,0.0,0.0,0.0,0.0,LOW
Law College Square,2020,1,2020-01-01,0,0,0,0.0,0.0,0.0,0.0,0.0,0.0,0.0,0.0,LOW
Mate Square,2020,1,2020-01-01,0,0,0,0.0,0.0,0.0,0.0,0.0,0.0,0.0,0.0,LOW
LIC Chowk,2020,1,2020-01-01,7,0,5,0.0,0.0,0.0,0.0,0.0,0.0,0.0,25.97,MEDIUM
Medical Square,2020,1,2020-01-01,0,0,0,0.0,0.0,0.0,0.0,0.0,0.0,0.0,0.0,LOW
Krida Chowk,2020,1,2020-01-01,0,0,0,0.0,0.0,0.0,0.0,0.0,0.0,0.0,0.0,LOW
Nandanvan Main Square,2020,1,2020-01-01,0,0,0,0.0,0.0,0.0,0.0,0.0,0.0,0.0,0.0,LOW
Khamla Square,2020,1,2020-01-01,0,0,0,0.0,0.0,0.0,0.0,0.0,0.0,0.0,0.0,LOW
Reserve Bank Chowk,2020,1,2020-01-01,0,0,0,0.0,0.0,0.0,0.0,0.0,0.0,0.0,0.0,LOW
Omkar Nagar Square,2020,1,2020-01-01,0,0,0,0.0,0.0,0.0,0.0,0.0,0.0,0.0,0.0,LOW
Kalamna Market Chowk,2020,1,2020-01-01,0,0,0,0.0,0.0,0.0,0.0,0.0,0.0,0.0,0.0,LOW
Pratap Nagar Square,2020,1,2020-01-01,0,0,0,0.0,0.0,0.0,0.0,0.0,0.0,0.0,0.0,LOW
KDK College Chowk,2020,1,2020-01-01,0,0,0,0.0,0.0,0.0,0.0,0.0,0.0,0.0,0.0,LOW
Rachana Ring Road,2020,1,2020-01-01,0,0,0,0.0,0.0,0.0,0.0,0.0,0.0,0.0,0.0,LOW
Jhansi Rani Square,2020,1,2020-01-01,4,0,1,0.0,0.0,0.0,0.0,0.0,0.0,0.0,9.39,LOW
Ram Nagar Square,2020,1,2020-01-01,0,0,0,0.0,0.0,0.0,0.0,0.0,0.0,0.0,0.0,LOW
Rambagh Chowk,2020,1,2020-01-01,0,0,0,0.0,0.0,0.0,0.0,0.0,0.0,0.0,0.0,LOW
Pardi Naka,2020,1,2020-01-01,0,0,0,0.0,0.0,0.0,0.0,0.0,0.0,0.0,0.0,LOW
Zero Mile Freedom Park,2020,1,2020-01-01,0,0,0,0.0,0.0,0.0,0.0,0.0,0.0,0.0,0.0,LOW
Manewada Square,2020,1,2020-01-01,0,0,0,0.0,0.0,0.0,0.0,0.0,0.0,0.0,0.0,LOW
Pratap Nagar Square,2020,2,2020-02-01,0,0,0,0.0,0.0,0.0,0.0,0.0,0.0,0.0,0.0,LOW
Reshimbagh Square,2020,2,2020-02-01,0,0,0,0.0,0.0,0.0,0.0,0.0,0.0,0.0,0.0,LOW
Manewada Square,2020,2,2020-02-01,0,0,0,0.0,0.0,0.0,0.0,0.0,0.0,0.0,0.0,LOW
Nandanvan Main Square,2020,2,2020-02-01,0,0,0,0.0,0.0,0.0,0.0,0.0,0.0,0.0,0.0,LOW
Jhansi Rani Square,2020,2,2020-02-01,6,1,5,4.0,4.0,4.0,4.0,0.0,1.0,0.333,23.2,LOW
Ram Nagar Square,2020,2,2020-02-01,0,0,0,0.0,0.0,0.0,0.0,0.0,0.0,0.0,0.0,LOW
Krida Chowk,2020,2,2020-02-01,0,0,0,0.0,0.0,0.0,0.0,0.0,0.0,0.0,0.0,LOW
Automotive Square,2020,2,2020-02-01,1,0,0,0.0,0.0,0.0,0.0,0.0,0.0,0.0,1.1,LOW
Somalwada Square,2020,2,2020-02-01,0,0,0,0.0,0.0,0.0,0.0,0.0,0.0,0.0,0.0,LOW
VCA Stadium Chowk,2020,2,2020-02-01,0,0,0,0.0,0.0,0.0,0.0,0.0,0.0,0.0,0.0,LOW
Variety Square,2020,2,2020-02-01,0,0,0,0.0,0.0,0.0,0.0,0.0,0.0,0.0,0.0,LOW
Itwari Railway Station Square,2020,2,2020-02-01,0,0,0,0.0,0.0,0.0,0.0,0.0,0.0,0.0,0.0,LOW
Japanese Garden Square,2020,2,2020-02-01,0,0,0,0.0,0.0,0.0,0.0,0.0,0.0,0.0,0.0,LOW
Deo Nagar Chowk,2020,2,2020-02-01,0,0,0,0.0,0.0,0.0,0.0,0.0,0.0,0.0,0.0,LOW
Pardi Naka,2020,2,2020-02-01,0,0,0,0.0,0.0,0.0,0.0,0.0,0.0,0.0,0.0,LOW
Subhash Nagar Square,2020,2,2020-02-01,0,0,0,0.0,0.0,0.0,0.0,0.0,0.0,0.0,0.0,LOW
Chhatrapati Square,2020,2,2020-02-01,0,0,0,1.0,1.0,1.0,1.0,0.0,1.0,0.083,0.0,LOW
Medical Square,2020,2,2020-02-01,0,0,0,0.0,0.0,0.0,0.0,0.0,0.0,0.0,0.0,LOW
Reserve Bank Chowk,2020,2,2020-02-01,0,0,0,0.0,0.0,0.0,0.0,0.0,0.0,0.0,0.0,LOW
Wardha Road Toll Plaza,2020,2,2020-02-01,0,0,0,0.0,0.0,0.0,0.0,0.0,0.0,0.0,0.0,LOW
Mate Square,2020,2,2020-02-01,0,0,0,0.0,0.0,0.0,0.0,0.0,0.0,0.0,0.0,LOW
Dharampeth Tower,2020,2,2020-02-01,0,0,0,0.0,0.0,0.0,0.0,0.0,0.0,0.0,0.0,LOW
Bhande Plot Square,2020,2,2020-02-01,0,0,0,0.0,0.0,0.0,0.0,0.0,0.0,0.0,0.0,LOW
HB Town Square,2020,2,2020-02-01,0,0,0,0.0,0.0,0.0,0.0,0.0,0.0,0.0,0.0,LOW
Sanvidhan Square,2020,2,2020-02-01,0,0,0,0.0,0.0,0.0,0.0,0.0,0.0,0.0,0.0,LOW
Rambagh Chowk,2020,2,2020-02-01,0,0,0,0.0,0.0,0.0,0.0,0.0,0.0,0.0,0.0,LOW
Sakkardara Square,2020,2,2020-02-01,0,0,0,0.0,0.0,0.0,0.0,0.0,0.0,0.0,0.0,LOW
Rachana Ring Road,2020,2,2020-02-01,0,0,0,0.0,0.0,0.0,0.0,0.0,0.0,0.0,0.0,LOW
Omkar Nagar Square,2020,2,2020-02-01,0,0,0,0.0,0.0,0.0,0.0,0.0,0.0,0.0,0.0,LOW
Khamla Square,2020,2,2020-02-01,0,0,0,0.0,0.0,0.0,0.0,0.0,0.0,0.0,0.0,LOW
Shankar Nagar Square,2020,2,2020-02-01,0,0,0,0.0,0.0,0.0,0.0,0.0,0.0,0.0,0.0,LOW
LIC Chowk,2020,2,2020-02-01,10,2,8,7.0,7.0,7.0,7.0,0.0,5.0,0.583,47.51,MEDIUM
Kalamna Market Chowk,2020,2,2020-02-01,0,0,0,0.0,0.0,0.0,0.0,0.0,0.0,0.0,0.0,LOW
KDK College Chowk,2020,2,2020-02-01,0,0,0,0.0,0.0,0.0,0.0,0.0,0.0,0.0,0.0,LOW
Sitabuldi Interchange,2020,2,2020-02-01,0,0,0,0.0,0.0,0.0,0.0,0.0,0.0,0.0,0.0,LOW
Gokulpeth Market,2020,2,2020-02-01,0,0,0,0.0,0.0,0.0,0.0,0.0,0.0,0.0,0.0,LOW
Airport Square,2020,2,2020-02-01,0,0,0,0.0,0.0,0.0,0.0,0.0,0.0,0.0,0.0,LOW
Law College Square,2020,2,2020-02-01,0,0,0,0.0,0.0,0.0,0.0,0.0,0.0,0.0,0.0,LOW
IT Park Ring Road,2020,2,2020-02-01,0,0,0,0.0,0.0,0.0,0.0,0.0,0.0,0.0,0.0,LOW
Zero Mile Freedom Park,2020,2,2020-02-01,0,0,0,0.0,0.0,0.0,0.0,0.0,0.0,0.0,0.0,LOW
Rachana Ring Road,2020,3,2020-03-01,0,0,0,0.0,0.0,0.0,0.0,0.0,0.0,0.0,0.0,LOW
LIC Chowk,2020,3,2020-03-01,14,2,12,10.0,10.0,17.0,17.0,2.0,13.0,1.417,63.54,HIGH
Chhatrapati Square,2020,3,2020-03-01,0,0,0,0.0,0.0,1.0,1.0,0.0,1.0,0.083,0.0,LOW
Variety Square,2020,3,2020-03-01,1,0,0,0.0,0.0,0.0,0.0,0.0,0.0,0.0,1.1,LOW
Rambagh Chowk,2020,3,2020-03-01,0,0,0,0.0,0.0,0.0,0.0,0.0,0.0,0.0,0.0,LOW
Japanese Garden Square,2020,3,2020-03-01,0,0,0,0.0,0.0,0.0,0.0,0.0,0.0,0.0,0.0,LOW
KDK College Chowk,2020,3,2020-03-01,0,0,0,0.0,0.0,0.0,0.0,0.0,0.0,0.0,0.0,LOW
Bhande Plot Square,2020,3,2020-03-01,0,0,0,0.0,0.0,0.0,0.0,0.0,0.0,0.0,0.0,LOW
Mate Square,2020,3,2020-03-01,0,0,0,0.0,0.0,0.0,0.0,0.0,0.0,0.0,0.0,LOW
Airport Square,2020,3,2020-03-01,0,0,0,0.0,0.0,0.0,0.0,0.0,0.0,0.0,0.0,LOW
Itwari Railway Station Square,2020,3,2020-03-01,0,0,0,0.0,0.0,0.0,0.0,0.0,0.0,0.0,0.0,LOW
Medical Square,2020,3,2020-03-01,0,0,0,0.0,0.0,0.0,0.0,0.0,0.0,0.0,0.0,LOW
HB Town Square,2020,3,2020-03-01,0,0,0,0.0,0.0,0.0,0.0,0.0,0.0,0.0,0.0,LOW
Sanvidhan Square,2020,3,2020-03-01,0,0,0,0.0,0.0,0.0,0.0,0.0,0.0,0.0,0.0,LOW
Sakkardara Square,2020,3,2020-03-01,0,0,0,0.0,0.0,0.0,0.0,0.0,0.0,0.0,0.0,LOW
Omkar Nagar Square,2020,3,2020-03-01,0,0,0,0.0,0.0,0.0,0.0,0.0,0.0,0.0,0.0,LOW
Khamla Square,2020,3,2020-03-01,0,0,0,0.0,0.0,0.0,0.0,0.0,0.0,0.0,0.0,LOW
Shankar Nagar Square,2020,3,2020-03-01,0,0,0,0.0,0.0,0.0,0.0,0.0,0.0,0.0,0.0,LOW
Gokulpeth Market,2020,3,2020-03-01,0,0,0,0.0,0.0,0.0,0.0,0.0,0.0,0.0,0.0,LOW
IT Park Ring Road,2020,3,2020-03-01,0,0,0,0.0,0.0,0.0,0.0,0.0,0.0,0.0,0.0,LOW
Kalamna Market Chowk,2020,3,2020-03-01,0,0,0,0.0,0.0,0.0,0.0,0.0,0.0,0.0,0.0,LOW
Sitabuldi Interchange,2020,3,2020-03-01,0,0,0,0.0,0.0,0.0,0.0,0.0,0.0,0.0,0.0,LOW
Reshimbagh Square,2020,3,2020-03-01,0,0,0,0.0,0.0,0.0,0.0,0.0,0.0,0.0,0.0,LOW
Dharampeth Tower,2020,3,2020-03-01,0,0,0,0.0,0.0,0.0,0.0,0.0,0.0,0.0,0.0,LOW
Nandanvan Main Square,2020,3,2020-03-01,0,0,0,0.0,0.0,0.0,0.0,0.0,0.0,0.0,0.0,LOW
Krida Chowk,2020,3,2020-03-01,0,0,0,0.0,0.0,0.0,0.0,0.0,0.0,0.0,0.0,LOW
Somalwada Square,2020,3,2020-03-01,0,0,0,0.0,0.0,0.0,0.0,0.0,0.0,0.0,0.0,LOW
Pratap Nagar Square,2020,3,2020-03-01,0,0,0,0.0,0.0,0.0,0.0,0.0,0.0,0.0,0.0,LOW
Deo Nagar Chowk,2020,3,2020-03-01,0,0,0,0.0,0.0,0.0,0.0,0.0,0.0,0.0,0.0,LOW
Subhash Nagar Square,2020,3,2020-03-01,0,0,0,0.0,0.0,0.0,0.0,0.0,0.0,0.0,0.0,LOW
Reserve Bank Chowk,2020,3,2020-03-01,0,0,0,0.0,0.0,0.0,0.0,0.0,0.0,0.0,0.0,LOW
VCA Stadium Chowk,2020,3,2020-03-01,0,0,0,0.0,0.0,0.0,0.0,0.0,0.0,0.0,0.0,LOW
Wardha Road Toll Plaza,2020,3,2020-03-01,0,0,0,0.0,0.0,0.0,0.0,0.0,0.0,0.0,0.0,LOW
Pardi Naka,2020,3,2020-03-01,0,0,0,0.0,0.0,0.0,0.0,0.0,0.0,0.0,0.0,LOW
Manewada Square,2020,3,2020-03-01,0,0,0,0.0,0.0,0.0,0.0,0.0,0.0,0.0,0.0,LOW
Ram Nagar Square,2020,3,2020-03-01,0,0,0,0.0,0.0,0.0,0.0,0.0,0.0,0.0,0.0,LOW
Law College Square,2020,3,2020-03-01,0,0,0,0.0,0.0,0.0,0.0,0.0,0.0,0.0,0.0,LOW
Automotive Square,2020,3,2020-03-01,0,0,0,1.0,1.0,1.0,1.0,0.0,0.0,0.083,0.0,LOW
Jhansi Rani Square,2020,3,2020-03-01,3,0,2,6.0,6.0,10.0,10.0,1.0,6.0,0.833,8.29,LOW
Zero Mile Freedom Park,2020,3,2020-03-01,0,0,0,0.0,0.0,0.0,0.0,0.0,0.0,0.0,0.0,LOW
Subhash Nagar Square,2020,4,2020-04-01,0,0,0,0.0,0.0,0.0,0.0,0.0,0.0,0.0,0.0,LOW
Sakkardara Square,2020,4,2020-04-01,0,0,0,0.0,0.0,0.0,0.0,0.0,0.0,0.0,0.0,LOW
Japanese Garden Square,2020,4,2020-04-01,0,0,0,0.0,0.0,0.0,0.0,0.0,0.0,0.0,0.0,LOW
Variety Square,2020,4,2020-04-01,1,0,1,1.0,1.0,1.0,1.0,0.0,0.0,0.083,6.08,LOW
Khamla Square,2020,4,2020-04-01,0,0,0,0.0,0.0,0.0,0.0,0.0,0.0,0.0,0.0,LOW
Mate Square,2020,4,2020-04-01,0,0,0,0.0,0.0,0.0,0.0,0.0,0.0,0.0,0.0,LOW
Somalwada Square,2020,4,2020-04-01,0,0,0,0.0,0.0,0.0,0.0,0.0,0.0,0.0,0.0,LOW
Rambagh Chowk,2020,4,2020-04-01,0,0,0,0.0,0.0,0.0,0.0,0.0,0.0,0.0,0.0,LOW
Chhatrapati Square,2020,4,2020-04-01,0,0,0,0.0,0.0,1.0,1.0,0.0,1.0,0.083,0.0,LOW
Gokulpeth Market,2020,4,2020-04-01,0,0,0,0.0,0.0,0.0,0.0,0.0,0.0,0.0,0.0,LOW
Zero Mile Freedom Park,2020,4,2020-04-01,0,0,0,0.0,0.0,0.0,0.0,0.0,0.0,0.0,0.0,LOW
Kalamna Market Chowk,2020,4,2020-04-01,0,0,0,0.0,0.0,0.0,0.0,0.0,0.0,0.0,0.0,LOW
VCA Stadium Chowk,2020,4,2020-04-01,0,0,0,0.0,0.0,0.0,0.0,0.0,0.0,0.0,0.0,LOW
KDK College Chowk,2020,4,2020-04-01,0,0,0,0.0,0.0,0.0,0.0,0.0,0.0,0.0,0.0,LOW
Deo Nagar Chowk,2020,4,2020-04-01,0,0,0,0.0,0.0,0.0,0.0,0.0,0.0,0.0,0.0,LOW
HB Town Square,2020,4,2020-04-01,0,0,0,0.0,0.0,0.0,0.0,0.0,0.0,0.0,0.0,LOW
Automotive Square,2020,4,2020-04-01,1,0,1,0.0,0.0,1.0,1.0,0.0,0.0,0.083,2.76,LOW
Reshimbagh Square,2020,4,2020-04-01,0,0,0,0.0,0.0,0.0,0.0,0.0,0.0,0.0,0.0,LOW
Bhande Plot Square,2020,4,2020-04-01,0,0,0,0.0,0.0,0.0,0.0,0.0,0.0,0.0,0.0,LOW
Rachana Ring Road,2020,4,2020-04-01,0,0,0,0.0,0.0,0.0,0.0,0.0,0.0,0.0,0.0,LOW
Itwari Railway Station Square,2020,4,2020-04-01,1,0,0,0.0,0.0,0.0,0.0,0.0,0.0,0.0,1.1,LOW
Ram Nagar Square,2020,4,2020-04-01,0,0,0,0.0,0.0,0.0,0.0,0.0,0.0,0.0,0.0,LOW
Medical Square,2020,4,2020-04-01,0,0,0,0.0,0.0,0.0,0.0,0.0,0.0,0.0,0.0,LOW
IT Park Ring Road,2020,4,2020-04-01,0,0,0,0.0,0.0,0.0,0.0,0.0,0.0,0.0,0.0,LOW
Airport Square,2020,4,2020-04-01,1,0,0,0.0,0.0,0.0,0.0,0.0,0.0,0.0,1.1,LOW
Wardha Road Toll Plaza,2020,4,2020-04-01,0,0,0,0.0,0.0,0.0,0.0,0.0,0.0,0.0,0.0,LOW
Dharampeth Tower,2020,4,2020-04-01,0,0,0,0.0,0.0,0.0,0.0,0.0,0.0,0.0,0.0,LOW
Pardi Naka,2020,4,2020-04-01,0,0,0,0.0,0.0,0.0,0.0,0.0,0.0,0.0,0.0,LOW
Reserve Bank Chowk,2020,4,2020-04-01,0,0,0,0.0,0.0,0.0,0.0,0.0,0.0,0.0,0.0,LOW
Krida Chowk,2020,4,2020-04-01,0,0,0,0.0,0.0,0.0,0.0,0.0,0.0,0.0,0.0,LOW
Pratap Nagar Square,2020,4,2020-04-01,0,0,0,0.0,0.0,0.0,0.0,0.0,0.0,0.0,0.0,LOW
Jhansi Rani Square,2020,4,2020-04-01,3,0,1,3.0,3.0,13.0,13.0,1.0,8.0,1.083,8.29,LOW
Nandanvan Main Square,2020,4,2020-04-01,0,0,0,0.0,0.0,0.0,0.0,0.0,0.0,0.0,0.0,LOW
Sitabuldi Interchange,2020,4,2020-04-01,1,0,1,0.0,0.0,0.0,0.0,0.0,0.0,0.0,2.76,LOW
Manewada Square,2020,4,2020-04-01,0,0,0,0.0,0.0,0.0,0.0,0.0,0.0,0.0,0.0,LOW
Shankar Nagar Square,2020,4,2020-04-01,0,0,0,0.0,0.0,0.0,0.0,0.0,0.0,0.0,0.0,LOW
Omkar Nagar Square,2020,4,2020-04-01,0,0,0,0.0,0.0,0.0,0.0,0.0,0.0,0.0,0.0,LOW
Sanvidhan Square,2020,4,2020-04-01,0,0,0,0.0,0.0,0.0,0.0,0.0,0.0,0.0,0.0,LOW
LIC Chowk,2020,4,2020-04-01,7,0,5,14.0,14.0,31.0,31.0,4.0,25.0,2.583,19.34,LOW
Law College Square,2020,4,2020-04-01,0,0,0,0.0,0.0,0.0,0.0,0.0,0.0,0.0,0.0,LOW
IT Park Ring Road,2020,5,2020-05-01,0,0,0,0.0,0.0,0.0,0.0,0.0,0.0,0.0,0.0,LOW
Nandanvan Main Square,2020,5,2020-05-01,0,0,0,0.0,0.0,0.0,0.0,0.0,0.0,0.0,0.0,LOW
Omkar Nagar Square,2020,5,2020-05-01,0,0,0,0.0,0.0,0.0,0.0,0.0,0.0,0.0,0.0,LOW
Rambagh Chowk,2020,5,2020-05-01,0,0,0,0.0,0.0,0.0,0.0,0.0,0.0,0.0,0.0,LOW
HB Town Square,2020,5,2020-05-01,0,0,0,0.0,0.0,0.0,0.0,0.0,0.0,0.0,0.0,LOW
Japanese Garden Square,2020,5,2020-05-01,0,0,0,0.0,0.0,0.0,0.0,0.0,0.0,0.0,0.0,LOW
Itwari Railway Station Square,2020,5,2020-05-01,1,1,1,1.0,1.0,1.0,1.0,0.0,0.0,0.083,7.73,LOW
VCA Stadium Chowk,2020,5,2020-05-01,0,0,0,0.0,0.0,0.0,0.0,0.0,0.0,0.0,0.0,LOW
Chhatrapati Square,2020,5,2020-05-01,2,0,0,0.0,0.0,0.0,1.0,0.0,1.0,0.083,2.21,LOW
Khamla Square,2020,5,2020-05-01,0,0,0,0.0,0.0,0.0,0.0,0.0,0.0,0.0,0.0,LOW
Kalamna Market Chowk,2020,5,2020-05-01,0,0,0,0.0,0.0,0.0,0.0,0.0,0.0,0.0,0.0,LOW
Subhash Nagar Square,2020,5,2020-05-01,0,0,0,0.0,0.0,0.0,0.0,0.0,0.0,0.0,0.0,LOW
Sanvidhan Square,2020,5,2020-05-01,0,0,0,0.0,0.0,0.0,0.0,0.0,0.0,0.0,0.0,LOW
Sakkardara Square,2020,5,2020-05-01,0,0,0,0.0,0.0,0.0,0.0,0.0,0.0,0.0,0.0,LOW
LIC Chowk,2020,5,2020-05-01,7,0,6,7.0,7.0,31.0,38.0,4.0,30.0,3.167,39.23,MEDIUM
Sitabuldi Interchange,2020,5,2020-05-01,0,0,0,1.0,1.0,1.0,1.0,0.0,1.0,0.083,0.0,LOW
Reserve Bank Chowk,2020,5,2020-05-01,0,0,0,0.0,0.0,0.0,0.0,0.0,0.0,0.0,0.0,LOW
Medical Square,2020,5,2020-05-01,0,0,0,0.0,0.0,0.0,0.0,0.0,0.0,0.0,0.0,LOW
Ram Nagar Square,2020,5,2020-05-01,0,0,0,0.0,0.0,0.0,0.0,0.0,0.0,0.0,0.0,LOW
Deo Nagar Chowk,2020,5,2020-05-01,0,0,0,0.0,0.0,0.0,0.0,0.0,0.0,0.0,0.0,LOW
Variety Square,2020,5,2020-05-01,1,0,1,1.0,1.0,2.0,2.0,0.0,1.0,0.167,2.76,LOW
Airport Square,2020,5,2020-05-01,0,0,0,1.0,1.0,1.0,1.0,0.0,0.0,0.083,0.0,LOW
Somalwada Square,2020,5,2020-05-01,0,0,0,0.0,0.0,0.0,0.0,0.0,0.0,0.0,0.0,LOW
Bhande Plot Square,2020,5,2020-05-01,0,0,0,0.0,0.0,0.0,0.0,0.0,0.0,0.0,0.0,LOW
Manewada Square,2020,5,2020-05-01,0,0,0,0.0,0.0,0.0,0.0,0.0,0.0,0.0,0.0,LOW
KDK College Chowk,2020,5,2020-05-01,0,0,0,0.0,0.0,0.0,0.0,0.0,0.0,0.0,0.0,LOW
Shankar Nagar Square,2020,5,2020-05-01,1,1,1,0.0,0.0,0.0,0.0,0.0,0.0,0.0,6.08,LOW
Krida Chowk,2020,5,2020-05-01,0,0,0,0.0,0.0,0.0,0.0,0.0,0.0,0.0,0.0,LOW
Zero Mile Freedom Park,2020,5,2020-05-01,0,0,0,0.0,0.0,0.0,0.0,0.0,0.0,0.0,0.0,LOW
Law College Square,2020,5,2020-05-01,0,0,0,0.0,0.0,0.0,0.0,0.0,0.0,0.0,0.0,LOW
Rachana Ring Road,2020,5,2020-05-01,0,0,0,0.0,0.0,0.0,0.0,0.0,0.0,0.0,0.0,LOW
Mate Square,2020,5,2020-05-01,0,0,0,0.0,0.0,0.0,0.0,0.0,0.0,0.0,0.0,LOW
Reshimbagh Square,2020,5,2020-05-01,0,0,0,0.0,0.0,0.0,0.0,0.0,0.0,0.0,0.0,LOW
Pardi Naka,2020,5,2020-05-01,0,0,0,0.0,0.0,0.0,0.0,0.0,0.0,0.0,0.0,LOW
Gokulpeth Market,2020,5,2020-05-01,0,0,0,0.0,0.0,0.0,0.0,0.0,0.0,0.0,0.0,LOW
Automotive Square,2020,5,2020-05-01,1,0,1,1.0,1.0,2.0,2.0,0.0,1.0,0.167,2.76,LOW
Dharampeth Tower,2020,5,2020-05-01,0,0,0,0.0,0.0,0.0,0.0,0.0,0.0,0.0,0.0,LOW
Pratap Nagar Square,2020,5,2020-05-01,0,0,0,0.0,0.0,0.0,0.0,0.0,0.0,0.0,0.0,LOW
Jhansi Rani Square,2020,5,2020-05-01,5,1,5,3.0,3.0,12.0,16.0,1.0,9.0,1.333,25.41,MEDIUM
Wardha Road Toll Plaza,2020,5,2020-05-01,0,0,0,0.0,0.0,0.0,0.0,0.0,0.0,0.0,0.0,LOW
LIC Chowk,2020,6,2020-06-01,10,0,7,7.0,7.0,28.0,45.0,4.0,36.0,3.75,34.25,MEDIUM
Bhande Plot Square,2020,6,2020-06-01,0,0,0,0.0,0.0,0.0,0.0,0.0,0.0,0.0,0.0,LOW
Chhatrapati Square,2020,6,2020-06-01,1,0,0,2.0,2.0,2.0,3.0,0.0,1.0,0.25,1.1,LOW
Dharampeth Tower,2020,6,2020-06-01,0,0,0,0.0,0.0,0.0,0.0,0.0,0.0,0.0,0.0,LOW
Gokulpeth Market,2020,6,2020-06-01,0,0,0,0.0,0.0,0.0,0.0,0.0,0.0,0.0,0.0,LOW
Wardha Road Toll Plaza,2020,6,2020-06-01,0,0,0,0.0,0.0,0.0,0.0,0.0,0.0,0.0,0.0,LOW
Krida Chowk,2020,6,2020-06-01,0,0,0,0.0,0.0,0.0,0.0,0.0,0.0,0.0,0.0,LOW
Sitabuldi Interchange,2020,6,2020-06-01,0,0,0,0.0,0.0,1.0,1.0,0.0,1.0,0.083,0.0,LOW
Medical Square,2020,6,2020-06-01,0,0,0,0.0,0.0,0.0,0.0,0.0,0.0,0.0,0.0,LOW
Rachana Ring Road,2020,6,2020-06-01,0,0,0,0.0,0.0,0.0,0.0,0.0,0.0,0.0,0.0,LOW
Sanvidhan Square,2020,6,2020-06-01,0,0,0,0.0,0.0,0.0,0.0,0.0,0.0,0.0,0.0,LOW
Subhash Nagar Square,2020,6,2020-06-01,0,0,0,0.0,0.0,0.0,0.0,0.0,0.0,0.0,0.0,LOW
Khamla Square,2020,6,2020-06-01,0,0,0,0.0,0.0,0.0,0.0,0.0,0.0,0.0,0.0,LOW
Variety Square,2020,6,2020-06-01,1,0,1,1.0,1.0,3.0,3.0,0.0,2.0,0.25,2.76,LOW
Pardi Naka,2020,6,2020-06-01,0,0,0,0.0,0.0,0.0,0.0,0.0,0.0,0.0,0.0,LOW
Jhansi Rani Square,2020,6,2020-06-01,4,1,4,5.0,5.0,11.0,21.0,2.0,14.0,1.75,17.68,LOW
Reserve Bank Chowk,2020,6,2020-06-01,0,0,0,0.0,0.0,0.0,0.0,0.0,0.0,0.0,0.0,LOW
Manewada Square,2020,6,2020-06-01,0,0,0,0.0,0.0,0.0,0.0,0.0,0.0,0.0,0.0,LOW
Airport Square,2020,6,2020-06-01,0,0,0,0.0,0.0,1.0,1.0,0.0,0.0,0.083,0.0,LOW
Kalamna Market Chowk,2020,6,2020-06-01,0,0,0,0.0,0.0,0.0,0.0,0.0,0.0,0.0,0.0,LOW
Sakkardara Square,2020,6,2020-06-01,1,0,1,0.0,0.0,0.0,0.0,0.0,0.0,0.0,2.76,LOW
Mate Square,2020,6,2020-06-01,0,0,0,0.0,0.0,0.0,0.0,0.0,0.0,0.0,0.0,LOW
IT Park Ring Road,2020,6,2020-06-01,0,0,0,0.0,0.0,0.0,0.0,0.0,0.0,0.0,0.0,LOW
Nandanvan Main Square,2020,6,2020-06-01,0,0,0,0.0,0.0,0.0,0.0,0.0,0.0,0.0,0.0,LOW
Somalwada Square,2020,6,2020-06-01,0,0,0,0.0,0.0,0.0,0.0,0.0,0.0,0.0,0.0,LOW
Law College Square,2020,6,2020-06-01,0,0,0,0.0,0.0,0.0,0.0,0.0,0.0,0.0,0.0,LOW
Rambagh Chowk,2020,6,2020-06-01,0,0,0,0.0,0.0,0.0,0.0,0.0,0.0,0.0,0.0,LOW
Automotive Square,2020,6,2020-06-01,0,0,0,1.0,1.0,2.0,3.0,0.0,2.0,0.25,0.0,LOW
Omkar Nagar Square,2020,6,2020-06-01,0,0,0,0.0,0.0,0.0,0.0,0.0,0.0,0.0,0.0,LOW
HB Town Square,2020,6,2020-06-01,0,0,0,0.0,0.0,0.0,0.0,0.0,0.0,0.0,0.0,LOW
Japanese Garden Square,2020,6,2020-06-01,0,0,0,0.0,0.0,0.0,0.0,0.0,0.0,0.0,0.0,LOW
Reshimbagh Square,2020,6,2020-06-01,0,0,0,0.0,0.0,0.0,0.0,0.0,0.0,0.0,0.0,LOW
Itwari Railway Station Square,2020,6,2020-06-01,0,0,0,1.0,1.0,2.0,2.0,1.0,1.0,0.167,0.0,LOW
Deo Nagar Chowk,2020,6,2020-06-01,0,0,0,0.0,0.0,0.0,0.0,0.0,0.0,0.0,0.0,LOW
Ram Nagar Square,2020,6,2020-06-01,0,0,0,0.0,0.0,0.0,0.0,0.0,0.0,0.0,0.0,LOW
KDK College Chowk,2020,6,2020-06-01,0,0,0,0.0,0.0,0.0,0.0,0.0,0.0,0.0,0.0,LOW
Pratap Nagar Square,2020,6,2020-06-01,0,0,0,0.0,0.0,0.0,0.0,0.0,0.0,0.0,0.0,LOW
VCA Stadium Chowk,2020,6,2020-06-01,0,0,0,0.0,0.0,0.0,0.0,0.0,0.0,0.0,0.0,LOW
Zero Mile Freedom Park,2020,6,2020-06-01,0,0,0,0.0,0.0,0.0,0.0,0.0,0.0,0.0,0.0,LOW
Shankar Nagar Square,2020,6,2020-06-01,0,0,0,1.0,1.0,1.0,1.0,1.0,1.0,0.083,0.0,LOW
Jhansi Rani Square,2020,7,2020-07-01,3,0,2,4.0,4.0,12.0,25.0,3.0,18.0,2.083,9.94,LOW
Pratap Nagar Square,2020,7,2020-07-01,0,0,0,0.0,0.0,0.0,0.0,0.0,0.0,0.0,0.0,LOW
Dharampeth Tower,2020,7,2020-07-01,0,0,0,0.0,0.0,0.0,0.0,0.0,0.0,0.0,0.0,LOW
Itwari Railway Station Square,2020,7,2020-07-01,0,0,0,0.0,0.0,2.0,2.0,1.0,1.0,0.167,0.0,LOW
Airport Square,2020,7,2020-07-01,0,0,0,0.0,0.0,1.0,1.0,0.0,0.0,0.083,0.0,LOW
Reserve Bank Chowk,2020,7,2020-07-01,0,0,0,0.0,0.0,0.0,0.0,0.0,0.0,0.0,0.0,LOW
Khamla Square,2020,7,2020-07-01,0,0,0,0.0,0.0,0.0,0.0,0.0,0.0,0.0,0.0,LOW
Subhash Nagar Square,2020,7,2020-07-01,0,0,0,0.0,0.0,0.0,0.0,0.0,0.0,0.0,0.0,LOW
Omkar Nagar Square,2020,7,2020-07-01,0,0,0,0.0,0.0,0.0,0.0,0.0,0.0,0.0,0.0,LOW
Nandanvan Main Square,2020,7,2020-07-01,0,0,0,0.0,0.0,0.0,0.0,0.0,0.0,0.0,0.0,LOW
Deo Nagar Chowk,2020,7,2020-07-01,0,0,0,0.0,0.0,0.0,0.0,0.0,0.0,0.0,0.0,LOW
Krida Chowk,2020,7,2020-07-01,0,0,0,0.0,0.0,0.0,0.0,0.0,0.0,0.0,0.0,LOW
Shankar Nagar Square,2020,7,2020-07-01,0,0,0,0.0,0.0,1.0,1.0,1.0,1.0,0.083,0.0,LOW
Medical Square,2020,7,2020-07-01,0,0,0,0.0,0.0,0.0,0.0,0.0,0.0,0.0,0.0,LOW
Somalwada Square,2020,7,2020-07-01,0,0,0,0.0,0.0,0.0,0.0,0.0,0.0,0.0,0.0,LOW
Reshimbagh Square,2020,7,2020-07-01,0,0,0,0.0,0.0,0.0,0.0,0.0,0.0,0.0,0.0,LOW
Automotive Square,2020,7,2020-07-01,0,0,0,0.0,0.0,2.0,3.0,0.0,2.0,0.25,0.0,LOW
LIC Chowk,2020,7,2020-07-01,12,0,9,10.0,10.0,24.0,55.0,4.0,43.0,4.583,33.15,MEDIUM
Rachana Ring Road,2020,7,2020-07-01,0,0,0,0.0,0.0,0.0,0.0,0.0,0.0,0.0,0.0,LOW
Zero Mile Freedom Park,2020,7,2020-07-01,0,0,0,0.0,0.0,0.0,0.0,0.0,0.0,0.0,0.0,LOW
Law College Square,2020,7,2020-07-01,0,0,0,0.0,0.0,0.0,0.0,0.0,0.0,0.0,0.0,LOW
HB Town Square,2020,7,2020-07-01,0,0,0,0.0,0.0,0.0,0.0,0.0,0.0,0.0,0.0,LOW
Japanese Garden Square,2020,7,2020-07-01,0,0,0,0.0,0.0,0.0,0.0,0.0,0.0,0.0,0.0,LOW
Bhande Plot Square,2020,7,2020-07-01,0,0,0,0.0,0.0,0.0,0.0,0.0,0.0,0.0,0.0,LOW
IT Park Ring Road,2020,7,2020-07-01,0,0,0,0.0,0.0,0.0,0.0,0.0,0.0,0.0,0.0,LOW
Rambagh Chowk,2020,7,2020-07-01,0,0,0,0.0,0.0,0.0,0.0,0.0,0.0,0.0,0.0,LOW
Gokulpeth Market,2020,7,2020-07-01,0,0,0,0.0,0.0,0.0,0.0,0.0,0.0,0.0,0.0,LOW
Mate Square,2020,7,2020-07-01,0,0,0,0.0,0.0,0.0,0.0,0.0,0.0,0.0,0.0,LOW
Pardi Naka,2020,7,2020-07-01,0,0,0,0.0,0.0,0.0,0.0,0.0,0.0,0.0,0.0,LOW
Variety Square,2020,7,2020-07-01,1,0,1,1.0,1.0,3.0,4.0,0.0,3.0,0.333,4.42,LOW
VCA Stadium Chowk,2020,7,2020-07-01,0,0,0,0.0,0.0,0.0,0.0,0.0,0.0,0.0,0.0,LOW
Chhatrapati Square,2020,7,2020-07-01,0,0,0,1.0,1.0,3.0,4.0,0.0,1.0,0.333,0.0,LOW
Kalamna Market Chowk,2020,7,2020-07-01,0,0,0,0.0,0.0,0.0,0.0,0.0,0.0,0.0,0.0,LOW
KDK College Chowk,2020,7,2020-07-01,0,0,0,0.0,0.0,0.0,0.0,0.0,0.0,0.0,0.0,LOW
Sakkardara Square,2020,7,2020-07-01,0,0,0,1.0,1.0,1.0,1.0,0.0,1.0,0.083,0.0,LOW
Sitabuldi Interchange,2020,7,2020-07-01,1,0,1,0.0,0.0,1.0,1.0,0.0,1.0,0.083,6.08,LOW
Ram Nagar Square,2020,7,2020-07-01,0,0,0,0.0,0.0,0.0,0.0,0.0,0.0,0.0,0.0,LOW
Wardha Road Toll Plaza,2020,7,2020-07-01,0,0,0,0.0,0.0,0.0,0.0,0.0,0.0,0.0,0.0,LOW
Sanvidhan Square,2020,7,2020-07-01,0,0,0,0.0,0.0,0.0,0.0,0.0,0.0,0.0,0.0,LOW
Manewada Square,2020,7,2020-07-01,0,0,0,0.0,0.0,0.0,0.0,0.0,0.0,0.0,0.0,LOW
KDK College Chowk,2020,8,2020-08-01,0,0,0,0.0,0.0,0.0,0.0,0.0,0.0,0.0,0.0,LOW
Nandanvan Main Square,2020,8,2020-08-01,0,0,0,0.0,0.0,0.0,0.0,0.0,0.0,0.0,0.0,LOW
Airport Square,2020,8,2020-08-01,0,0,0,0.0,0.0,0.0,1.0,0.0,0.0,0.083,0.0,LOW
Sakkardara Square,2020,8,2020-08-01,1,0,1,0.0,0.0,1.0,1.0,0.0,1.0,0.083,2.76,LOW
Omkar Nagar Square,2020,8,2020-08-01,0,0,0,0.0,0.0,0.0,0.0,0.0,0.0,0.0,0.0,LOW
Rambagh Chowk,2020,8,2020-08-01,0,0,0,0.0,0.0,0.0,0.0,0.0,0.0,0.0,0.0,LOW
Dharampeth Tower,2020,8,2020-08-01,0,0,0,0.0,0.0,0.0,0.0,0.0,0.0,0.0,0.0,LOW
Wardha Road Toll Plaza,2020,8,2020-08-01,0,0,0,0.0,0.0,0.0,0.0,0.0,0.0,0.0,0.0,LOW
Jhansi Rani Square,2020,8,2020-08-01,9,0,7,3.0,3.0,12.0,28.0,3.0,20.0,2.333,26.52,MEDIUM
LIC Chowk,2020,8,2020-08-01,2,0,2,12.0,12.0,29.0,67.0,4.0,52.0,5.583,8.84,LOW
Japanese Garden Square,2020,8,2020-08-01,0,0,0,0.0,0.0,0.0,0.0,0.0,0.0,0.0,0.0,LOW
Bhande Plot Square,2020,8,2020-08-01,0,0,0,0.0,0.0,0.0,0.0,0.0,0.0,0.0,0.0,LOW
Sitabuldi Interchange,2020,8,2020-08-01,1,0,1,1.0,1.0,1.0,2.0,0.0,2.0,0.167,2.76,LOW
Itwari Railway Station Square,2020,8,2020-08-01,0,0,0,0.0,0.0,1.0,2.0,1.0,1.0,0.167,0.0,LOW
HB Town Square,2020,8,2020-08-01,0,0,0,0.0,0.0,0.0,0.0,0.0,0.0,0.0,0.0,LOW
Law College Square,2020,8,2020-08-01,0,0,0,0.0,0.0,0.0,0.0,0.0,0.0,0.0,0.0,LOW
Sanvidhan Square,2020,8,2020-08-01,0,0,0,0.0,0.0,0.0,0.0,0.0,0.0,0.0,0.0,LOW
Ram Nagar Square,2020,8,2020-08-01,0,0,0,0.0,0.0,0.0,0.0,0.0,0.0,0.0,0.0,LOW
Reshimbagh Square,2020,8,2020-08-01,0,0,0,0.0,0.0,0.0,0.0,0.0,0.0,0.0,0.0,LOW
Krida Chowk,2020,8,2020-08-01,0,0,0,0.0,0.0,0.0,0.0,0.0,0.0,0.0,0.0,LOW
IT Park Ring Road,2020,8,2020-08-01,0,0,0,0.0,0.0,0.0,0.0,0.0,0.0,0.0,0.0,LOW
Khamla Square,2020,8,2020-08-01,0,0,0,0.0,0.0,0.0,0.0,0.0,0.0,0.0,0.0,LOW
Manewada Square,2020,8,2020-08-01,0,0,0,0.0,0.0,0.0,0.0,0.0,0.0,0.0,0.0,LOW
Kalamna Market Chowk,2020,8,2020-08-01,0,0,0,0.0,0.0,0.0,0.0,0.0,0.0,0.0,0.0,LOW
Somalwada Square,2020,8,2020-08-01,0,0,0,0.0,0.0,0.0,0.0,0.0,0.0,0.0,0.0,LOW
Variety Square,2020,8,2020-08-01,1,1,1,1.0,1.0,3.0,5.0,0.0,4.0,0.417,7.73,LOW
Medical Square,2020,8,2020-08-01,0,0,0,0.0,0.0,0.0,0.0,0.0,0.0,0.0,0.0,LOW
Pratap Nagar Square,2020,8,2020-08-01,0,0,0,0.0,0.0,0.0,0.0,0.0,0.0,0.0,0.0,LOW
Chhatrapati Square,2020,8,2020-08-01,1,0,1,0.0,0.0,3.0,4.0,0.0,1.0,0.333,6.08,LOW
Subhash Nagar Square,2020,8,2020-08-01,0,0,0,0.0,0.0,0.0,0.0,0.0,0.0,0.0,0.0,LOW
Shankar Nagar Square,2020,8,2020-08-01,0,0,0,0.0,0.0,1.0,1.0,1.0,1.0,0.083,0.0,LOW
Rachana Ring Road,2020,8,2020-08-01,0,0,0,0.0,0.0,0.0,0.0,0.0,0.0,0.0,0.0,LOW
Zero Mile Freedom Park,2020,8,2020-08-01,0,0,0,0.0,0.0,0.0,0.0,0.0,0.0,0.0,0.0,LOW
Automotive Square,2020,8,2020-08-01,0,0,0,0.0,0.0,1.0,3.0,0.0,2.0,0.25,0.0,LOW
VCA Stadium Chowk,2020,8,2020-08-01,0,0,0,0.0,0.0,0.0,0.0,0.0,0.0,0.0,0.0,LOW
Pardi Naka,2020,8,2020-08-01,0,0,0,0.0,0.0,0.0,0.0,0.0,0.0,0.0,0.0,LOW
Reserve Bank Chowk,2020,8,2020-08-01,0,0,0,0.0,0.0,0.0,0.0,0.0,0.0,0.0,0.0,LOW
Deo Nagar Chowk,2020,8,2020-08-01,0,0,0,0.0,0.0,0.0,0.0,0.0,0.0,0.0,0.0,LOW
Gokulpeth Market,2020,8,2020-08-01,0,0,0,0.0,0.0,0.0,0.0,0.0,0.0,0.0,0.0,LOW
Mate Square,2020,8,2020-08-01,0,0,0,0.0,0.0,0.0,0.0,0.0,0.0,0.0,0.0,LOW
Somalwada Square,2020,9,2020-09-01,0,0,0,0.0,0.0,0.0,0.0,0.0,0.0,0.0,0.0,LOW
Shankar Nagar Square,2020,9,2020-09-01,0,0,0,0.0,0.0,0.0,1.0,1.0,1.0,0.083,0.0,LOW
Sanvidhan Square,2020,9,2020-09-01,0,0,0,0.0,0.0,0.0,0.0,0.0,0.0,0.0,0.0,LOW
Sakkardara Square,2020,9,2020-09-01,0,0,0,1.0,1.0,2.0,2.0,0.0,2.0,0.167,0.0,LOW
Krida Chowk,2020,9,2020-09-01,0,0,0,0.0,0.0,0.0,0.0,0.0,0.0,0.0,0.0,LOW
Rachana Ring Road,2020,9,2020-09-01,0,0,0,0.0,0.0,0.0,0.0,0.0,0.0,0.0,0.0,LOW
Gokulpeth Market,2020,9,2020-09-01,0,0,0,0.0,0.0,0.0,0.0,0.0,0.0,0.0,0.0,LOW
Zero Mile Freedom Park,2020,9,2020-09-01,0,0,0,0.0,0.0,0.0,0.0,0.0,0.0,0.0,0.0,LOW
Manewada Square,2020,9,2020-09-01,0,0,0,0.0,0.0,0.0,0.0,0.0,0.0,0.0,0.0,LOW
Wardha Road Toll Plaza,2020,9,2020-09-01,0,0,0,0.0,0.0,0.0,0.0,0.0,0.0,0.0,0.0,LOW
Bhande Plot Square,2020,9,2020-09-01,0,0,0,0.0,0.0,0.0,0.0,0.0,0.0,0.0,0.0,LOW
Pardi Naka,2020,9,2020-09-01,0,0,0,0.0,0.0,0.0,0.0,0.0,0.0,0.0,0.0,LOW
Itwari Railway Station Square,2020,9,2020-09-01,0,0,0,0.0,0.0,0.0,2.0,1.0,1.0,0.167,0.0,LOW
Dharampeth Tower,2020,9,2020-09-01,0,0,0,0.0,0.0,0.0,0.0,0.0,0.0,0.0,0.0,LOW
KDK College Chowk,2020,9,2020-09-01,0,0,0,0.0,0.0,0.0,0.0,0.0,0.0,0.0,0.0,LOW
LIC Chowk,2020,9,2020-09-01,7,0,4,2.0,2.0,24.0,69.0,4.0,54.0,5.75,22.65,LOW
Chhatrapati Square,2020,9,2020-09-01,0,0,0,1.0,1.0,2.0,5.0,0.0,2.0,0.417,0.0,LOW
Medical Square,2020,9,2020-09-01,0,0,0,0.0,0.0,0.0,0.0,0.0,0.0,0.0,0.0,LOW
Reserve Bank Chowk,2020,9,2020-09-01,0,0,0,0.0,0.0,0.0,0.0,0.0,0.0,0.0,0.0,LOW
Automotive Square,2020,9,2020-09-01,1,0,1,0.0,0.0,0.0,3.0,0.0,2.0,0.25,2.76,LOW
VCA Stadium Chowk,2020,9,2020-09-01,0,0,0,0.0,0.0,0.0,0.0,0.0,0.0,0.0,0.0,LOW
Mate Square,2020,9,2020-09-01,0,0,0,0.0,0.0,0.0,0.0,0.0,0.0,0.0,0.0,LOW
IT Park Ring Road,2020,9,2020-09-01,0,0,0,0.0,0.0,0.0,0.0,0.0,0.0,0.0,0.0,LOW
Deo Nagar Chowk,2020,9,2020-09-01,0,0,0,0.0,0.0,0.0,0.0,0.0,0.0,0.0,0.0,LOW
Ram Nagar Square,2020,9,2020-09-01,0,0,0,0.0,0.0,0.0,0.0,0.0,0.0,0.0,0.0,LOW
Khamla Square,2020,9,2020-09-01,0,0,0,0.0,0.0,0.0,0.0,0.0,0.0,0.0,0.0,LOW
Jhansi Rani Square,2020,9,2020-09-01,1,0,1,9.0,9.0,16.0,37.0,3.0,27.0,3.083,4.42,LOW
Rambagh Chowk,2020,9,2020-09-01,0,0,0,0.0,0.0,0.0,0.0,0.0,0.0,0.0,0.0,LOW
Omkar Nagar Square,2020,9,2020-09-01,0,0,0,0.0,0.0,0.0,0.0,0.0,0.0,0.0,0.0,LOW
Law College Square,2020,9,2020-09-01,0,0,0,0.0,0.0,0.0,0.0,0.0,0.0,0.0,0.0,LOW
Japanese Garden Square,2020,9,2020-09-01,0,0,0,0.0,0.0,0.0,0.0,0.0,0.0,0.0,0.0,LOW
Reshimbagh Square,2020,9,2020-09-01,0,0,0,0.0,0.0,0.0,0.0,0.0,0.0,0.0,0.0,LOW
Airport Square,2020,9,2020-09-01,0,0,0,0.0,0.0,0.0,1.0,0.0,0.0,0.083,0.0,LOW
Pratap Nagar Square,2020,9,2020-09-01,0,0,0,0.0,0.0,0.0,0.0,0.0,0.0,0.0,0.0,LOW
Variety Square,2020,9,2020-09-01,0,0,0,1.0,1.0,3.0,6.0,1.0,5.0,0.5,0.0,LOW
Sitabuldi Interchange,2020,9,2020-09-01,0,0,0,1.0,1.0,2.0,3.0,0.0,3.0,0.25,0.0,LOW
Kalamna Market Chowk,2020,9,2020-09-01,0,0,0,0.0,0.0,0.0,0.0,0.0,0.0,0.0,0.0,LOW
HB Town Square,2020,9,2020-09-01,0,0,0,0.0,0.0,0.0,0.0,0.0,0.0,0.0,0.0,LOW
Nandanvan Main Square,2020,9,2020-09-01,0,0,0,0.0,0.0,0.0,0.0,0.0,0.0,0.0,0.0,LOW
Subhash Nagar Square,2020,9,2020-09-01,0,0,0,0.0,0.0,0.0,0.0,0.0,0.0,0.0,0.0,LOW
Sitabuldi Interchange,2020,10,2020-10-01,0,0,0,0.0,0.0,2.0,3.0,0.0,3.0,0.25,0.0,LOW
Shankar Nagar Square,2020,10,2020-10-01,0,0,0,0.0,0.0,0.0,1.0,1.0,1.0,0.083,0.0,LOW
Pardi Naka,2020,10,2020-10-01,0,0,0,0.0,0.0,0.0,0.0,0.0,0.0,0.0,0.0,LOW
Gokulpeth Market,2020,10,2020-10-01,0,0,0,0.0,0.0,0.0,0.0,0.0,0.0,0.0,0.0,LOW
Reshimbagh Square,2020,10,2020-10-01,0,0,0,0.0,0.0,0.0,0.0,0.0,0.0,0.0,0.0,LOW
Nandanvan Main Square,2020,10,2020-10-01,0,0,0,0.0,0.0,0.0,0.0,0.0,0.0,0.0,0.0,LOW
Kalamna Market Chowk,2020,10,2020-10-01,0,0,0,0.0,0.0,0.0,0.0,0.0,0.0,0.0,0.0,LOW
Khamla Square,2020,10,2020-10-01,0,0,0,0.0,0.0,0.0,0.0,0.0,0.0,0.0,0.0,LOW
IT Park Ring Road,2020,10,2020-10-01,0,0,0,0.0,0.0,0.0,0.0,0.0,0.0,0.0,0.0,LOW
Wardha Road Toll Plaza,2020,10,2020-10-01,0,0,0,0.0,0.0,0.0,0.0,0.0,0.0,0.0,0.0,LOW
Jhansi Rani Square,2020,10,2020-10-01,9,1,7,1.0,1.0,13.0,38.0,3.0,28.0,3.167,38.12,MEDIUM
Sanvidhan Square,2020,10,2020-10-01,0,0,0,0.0,0.0,0.0,0.0,0.0,0.0,0.0,0.0,LOW
Variety Square,2020,10,2020-10-01,0,0,0,0.0,0.0,2.0,6.0,1.0,5.0,0.5,0.0,LOW
LIC Chowk,2020,10,2020-10-01,7,1,4,7.0,7.0,21.0,76.0,4.0,58.0,6.333,32.6,MEDIUM
Mate Square,2020,10,2020-10-01,0,0,0,0.0,0.0,0.0,0.0,0.0,0.0,0.0,0.0,LOW
Subhash Nagar Square,2020,10,2020-10-01,0,0,0,0.0,0.0,0.0,0.0,0.0,0.0,0.0,0.0,LOW
Medical Square,2020,10,2020-10-01,0,0,0,0.0,0.0,0.0,0.0,0.0,0.0,0.0,0.0,LOW
HB Town Square,2020,10,2020-10-01,0,0,0,0.0,0.0,0.0,0.0,0.0,0.0,0.0,0.0,LOW
Japanese Garden Square,2020,10,2020-10-01,0,0,0,0.0,0.0,0.0,0.0,0.0,0.0,0.0,0.0,LOW
Law College Square,2020,10,2020-10-01,0,0,0,0.0,0.0,0.0,0.0,0.0,0.0,0.0,0.0,LOW
Automotive Square,2020,10,2020-10-01,0,0,0,1.0,1.0,1.0,4.0,0.0,3.0,0.333,0.0,LOW
Reserve Bank Chowk,2020,10,2020-10-01,0,0,0,0.0,0.0,0.0,0.0,0.0,0.0,0.0,0.0,LOW
Deo Nagar Chowk,2020,10,2020-10-01,0,0,0,0.0,0.0,0.0,0.0,0.0,0.0,0.0,0.0,LOW
Dharampeth Tower,2020,10,2020-10-01,0,0,0,0.0,0.0,0.0,0.0,0.0,0.0,0.0,0.0,LOW
Ram Nagar Square,2020,10,2020-10-01,0,0,0,0.0,0.0,0.0,0.0,0.0,0.0,0.0,0.0,LOW
Rambagh Chowk,2020,10,2020-10-01,0,0,0,0.0,0.0,0.0,0.0,0.0,0.0,0.0,0.0,LOW
Sakkardara Square,2020,10,2020-10-01,0,0,0,0.0,0.0,1.0,2.0,0.0,2.0,0.167,0.0,LOW
Zero Mile Freedom Park,2020,10,2020-10-01,0,0,0,0.0,0.0,0.0,0.0,0.0,0.0,0.0,0.0,LOW
Krida Chowk,2020,10,2020-10-01,0,0,0,0.0,0.0,0.0,0.0,0.0,0.0,0.0,0.0,LOW
Airport Square,2020,10,2020-10-01,1,0,1,0.0,0.0,0.0,1.0,0.0,0.0,0.083,6.08,LOW
Somalwada Square,2020,10,2020-10-01,0,0,0,0.0,0.0,0.0,0.0,0.0,0.0,0.0,0.0,LOW
Manewada Square,2020,10,2020-10-01,0,0,0,0.0,0.0,0.0,0.0,0.0,0.0,0.0,0.0,LOW
Bhande Plot Square,2020,10,2020-10-01,0,0,0,0.0,0.0,0.0,0.0,0.0,0.0,0.0,0.0,LOW
KDK College Chowk,2020,10,2020-10-01,0,0,0,0.0,0.0,0.0,0.0,0.0,0.0,0.0,0.0,LOW
Chhatrapati Square,2020,10,2020-10-01,2,1,2,0.0,0.0,1.0,5.0,0.0,2.0,0.417,13.81,LOW
Pratap Nagar Square,2020,10,2020-10-01,0,0,0,0.0,0.0,0.0,0.0,0.0,0.0,0.0,0.0,LOW
Itwari Railway Station Square,2020,10,2020-10-01,2,0,1,0.0,0.0,0.0,2.0,1.0,1.0,0.167,3.87,LOW
Rachana Ring Road,2020,10,2020-10-01,0,0,0,0.0,0.0,0.0,0.0,0.0,0.0,0.0,0.0,LOW
Omkar Nagar Square,2020,10,2020-10-01,0,0,0,0.0,0.0,0.0,0.0,0.0,0.0,0.0,0.0,LOW
VCA Stadium Chowk,2020,10,2020-10-01,0,0,0,0.0,0.0,0.0,0.0,0.0,0.0,0.0,0.0,LOW
Japanese Garden Square,2020,11,2020-11-01,0,0,0,0.0,0.0,0.0,0.0,0.0,0.0,0.0,0.0,LOW
VCA Stadium Chowk,2020,11,2020-11-01,0,0,0,0.0,0.0,0.0,0.0,0.0,0.0,0.0,0.0,LOW
IT Park Ring Road,2020,11,2020-11-01,0,0,0,0.0,0.0,0.0,0.0,0.0,0.0,0.0,0.0,LOW
Dharampeth Tower,2020,11,2020-11-01,0,0,0,0.0,0.0,0.0,0.0,0.0,0.0,0.0,0.0,LOW
Variety Square,2020,11,2020-11-01,0,0,0,0.0,0.0,1.0,6.0,1.0,5.0,0.5,0.0,LOW
Shankar Nagar Square,2020,11,2020-11-01,0,0,0,0.0,0.0,0.0,1.0,1.0,1.0,0.083,0.0,LOW
Kalamna Market Chowk,2020,11,2020-11-01,0,0,0,0.0,0.0,0.0,0.0,0.0,0.0,0.0,0.0,LOW
HB Town Square,2020,11,2020-11-01,0,0,0,0.0,0.0,0.0,0.0,0.0,0.0,0.0,0.0,LOW
Ram Nagar Square,2020,11,2020-11-01,0,0,0,0.0,0.0,0.0,0.0,0.0,0.0,0.0,0.0,LOW
Bhande Plot Square,2020,11,2020-11-01,0,0,0,0.0,0.0,0.0,0.0,0.0,0.0,0.0,0.0,LOW
Sakkardara Square,2020,11,2020-11-01,0,0,0,0.0,0.0,1.0,2.0,0.0,2.0,0.167,0.0,LOW
Rachana Ring Road,2020,11,2020-11-01,0,0,0,0.0,0.0,0.0,0.0,0.0,0.0,0.0,0.0,LOW
Gokulpeth Market,2020,11,2020-11-01,0,0,0,0.0,0.0,0.0,0.0,0.0,0.0,0.0,0.0,LOW
Manewada Square,2020,11,2020-11-01,0,0,0,0.0,0.0,0.0,0.0,0.0,0.0,0.0,0.0,LOW
Mate Square,2020,11,2020-11-01,0,0,0,0.0,0.0,0.0,0.0,0.0,0.0,0.0,0.0,LOW
Khamla Square,2020,11,2020-11-01,0,0,0,0.0,0.0,0.0,0.0,0.0,0.0,0.0,0.0,LOW
Automotive Square,2020,11,2020-11-01,0,0,0,0.0,0.0,1.0,4.0,0.0,3.0,0.333,0.0,LOW
Reshimbagh Square,2020,11,2020-11-01,0,0,0,0.0,0.0,0.0,0.0,0.0,0.0,0.0,0.0,LOW
Pratap Nagar Square,2020,11,2020-11-01,0,0,0,0.0,0.0,0.0,0.0,0.0,0.0,0.0,0.0,LOW
Reserve Bank Chowk,2020,11,2020-11-01,0,0,0,0.0,0.0,0.0,0.0,0.0,0.0,0.0,0.0,LOW
Deo Nagar Chowk,2020,11,2020-11-01,0,0,0,0.0,0.0,0.0,0.0,0.0,0.0,0.0,0.0,LOW
Zero Mile Freedom Park,2020,11,2020-11-01,0,0,0,0.0,0.0,0.0,0.0,0.0,0.0,0.0,0.0,LOW
Nandanvan Main Square,2020,11,2020-11-01,0,0,0,0.0,0.0,0.0,0.0,0.0,0.0,0.0,0.0,LOW
Somalwada Square,2020,11,2020-11-01,0,0,0,0.0,0.0,0.0,0.0,0.0,0.0,0.0,0.0,LOW
Medical Square,2020,11,2020-11-01,0,0,0,0.0,0.0,0.0,0.0,0.0,0.0,0.0,0.0,LOW
Subhash Nagar Square,2020,11,2020-11-01,0,0,0,0.0,0.0,0.0,0.0,0.0,0.0,0.0,0.0,LOW
Sitabuldi Interchange,2020,11,2020-11-01,0,0,0,0.0,0.0,1.0,3.0,0.0,3.0,0.25,0.0,LOW
Wardha Road Toll Plaza,2020,11,2020-11-01,0,0,0,0.0,0.0,0.0,0.0,0.0,0.0,0.0,0.0,LOW
Krida Chowk,2020,11,2020-11-01,0,0,0,0.0,0.0,0.0,0.0,0.0,0.0,0.0,0.0,LOW
KDK College Chowk,2020,11,2020-11-01,0,0,0,0.0,0.0,0.0,0.0,0.0,0.0,0.0,0.0,LOW
LIC Chowk,2020,11,2020-11-01,11,1,7,7.0,7.0,16.0,83.0,5.0,62.0,6.917,38.67,MEDIUM
Rambagh Chowk,2020,11,2020-11-01,0,0,0,0.0,0.0,0.0,0.0,0.0,0.0,0.0,0.0,LOW
Jhansi Rani Square,2020,11,2020-11-01,4,1,2,9.0,9.0,19.0,47.0,4.0,35.0,3.917,22.65,LOW
Chhatrapati Square,2020,11,2020-11-01,1,0,1,2.0,2.0,3.0,7.0,1.0,4.0,0.583,2.76,LOW
Pardi Naka,2020,11,2020-11-01,0,0,0,0.0,0.0,0.0,0.0,0.0,0.0,0.0,0.0,LOW
Airport Square,2020,11,2020-11-01,0,0,0,1.0,1.0,1.0,2.0,0.0,1.0,0.167,0.0,LOW
Omkar Nagar Square,2020,11,2020-11-01,0,0,0,0.0,0.0,0.0,0.0,0.0,0.0,0.0,0.0,LOW
Law College Square,2020,11,2020-11-01,0,0,0,0.0,0.0,0.0,0.0,0.0,0.0,0.0,0.0,LOW
Sanvidhan Square,2020,11,2020-11-01,0,0,0,0.0,0.0,0.0,0.0,0.0,0.0,0.0,0.0,LOW
Itwari Railway Station Square,2020,11,2020-11-01,1,0,0,2.0,2.0,2.0,4.0,1.0,2.0,0.333,1.1,LOW
Zero Mile Freedom Park,2020,12,2020-12-01,0,0,0,0.0,0.0,0.0,0.0,0.0,0.0,0.0,0.0,LOW
Khamla Square,2020,12,2020-12-01,0,0,0,0.0,0.0,0.0,0.0,0.0,0.0,0.0,0.0,LOW
Kalamna Market Chowk,2020,12,2020-12-01,0,0,0,0.0,0.0,0.0,0.0,0.0,0.0,0.0,0.0,LOW
HB Town Square,2020,12,2020-12-01,0,0,0,0.0,0.0,0.0,0.0,0.0,0.0,0.0,0.0,LOW
Omkar Nagar Square,2020,12,2020-12-01,0,0,0,0.0,0.0,0.0,0.0,0.0,0.0,0.0,0.0,LOW
Sanvidhan Square,2020,12,2020-12-01,0,0,0,0.0,0.0,0.0,0.0,0.0,0.0,0.0,0.0,LOW
Sakkardara Square,2020,12,2020-12-01,2,0,2,0.0,0.0,0.0,2.0,0.0,2.0,0.167,5.52,LOW
Jhansi Rani Square,2020,12,2020-12-01,7,0,6,4.0,4.0,14.0,51.0,5.0,37.0,4.25,20.99,LOW
Krida Chowk,2020,12,2020-12-01,0,0,0,0.0,0.0,0.0,0.0,0.0,0.0,0.0,0.0,LOW
Gokulpeth Market,2020,12,2020-12-01,0,0,0,0.0,0.0,0.0,0.0,0.0,0.0,0.0,0.0,LOW
KDK College Chowk,2020,12,2020-12-01,0,0,0,0.0,0.0,0.0,0.0,0.0,0.0,0.0,0.0,LOW
Variety Square,2020,12,2020-12-01,1,0,0,0.0,0.0,0.0,6.0,1.0,5.0,0.5,1.1,LOW
Itwari Railway Station Square,2020,12,2020-12-01,0,0,0,1.0,1.0,3.0,5.0,1.0,2.0,0.417,0.0,LOW
Mate Square,2020,12,2020-12-01,0,0,0,0.0,0.0,0.0,0.0,0.0,0.0,0.0,0.0,LOW
Pratap Nagar Square,2020,12,2020-12-01,0,0,0,0.0,0.0,0.0,0.0,0.0,0.0,0.0,0.0,LOW
Japanese Garden Square,2020,12,2020-12-01,0,0,0,0.0,0.0,0.0,0.0,0.0,0.0,0.0,0.0,LOW
VCA Stadium Chowk,2020,12,2020-12-01,0,0,0,0.0,0.0,0.0,0.0,0.0,0.0,0.0,0.0,LOW
Reserve Bank Chowk,2020,12,2020-12-01,0,0,0,0.0,0.0,0.0,0.0,0.0,0.0,0.0,0.0,LOW
Deo Nagar Chowk,2020,12,2020-12-01,0,0,0,0.0,0.0,0.0,0.0,0.0,0.0,0.0,0.0,LOW
Medical Square,2020,12,2020-12-01,0,0,0,0.0,0.0,0.0,0.0,0.0,0.0,0.0,0.0,LOW
Automotive Square,2020,12,2020-12-01,0,0,0,0.0,0.0,1.0,4.0,0.0,3.0,0.333,0.0,LOW
Subhash Nagar Square,2020,12,2020-12-01,0,0,0,0.0,0.0,0.0,0.0,0.0,0.0,0.0,0.0,LOW
Law College Square,2020,12,2020-12-01,0,0,0,0.0,0.0,0.0,0.0,0.0,0.0,0.0,0.0,LOW
Chhatrapati Square,2020,12,2020-12-01,0,0,0,1.0,1.0,3.0,8.0,1.0,5.0,0.667,0.0,LOW
Rambagh Chowk,2020,12,2020-12-01,0,0,0,0.0,0.0,0.0,0.0,0.0,0.0,0.0,0.0,LOW
Somalwada Square,2020,12,2020-12-01,0,0,0,0.0,0.0,0.0,0.0,0.0,0.0,0.0,0.0,LOW
Airport Square,2020,12,2020-12-01,0,0,0,0.0,0.0,1.0,2.0,0.0,1.0,0.167,0.0,LOW
LIC Chowk,2020,12,2020-12-01,11,1,8,11.0,11.0,25.0,94.0,6.0,69.0,7.833,43.65,MEDIUM
Bhande Plot Square,2020,12,2020-12-01,0,0,0,0.0,0.0,0.0,0.0,0.0,0.0,0.0,0.0,LOW
Shankar Nagar Square,2020,12,2020-12-01,0,0,0,0.0,0.0,0.0,1.0,1.0,1.0,0.083,0.0,LOW
Wardha Road Toll Plaza,2020,12,2020-12-01,0,0,0,0.0,0.0,0.0,0.0,0.0,0.0,0.0,0.0,LOW
IT Park Ring Road,2020,12,2020-12-01,0,0,0,0.0,0.0,0.0,0.0,0.0,0.0,0.0,0.0,LOW
Manewada Square,2020,12,2020-12-01,0,0,0,0.0,0.0,0.0,0.0,0.0,0.0,0.0,0.0,LOW
Pardi Naka,2020,12,2020-12-01,0,0,0,0.0,0.0,0.0,0.0,0.0,0.0,0.0,0.0,LOW
Dharampeth Tower,2020,12,2020-12-01,0,0,0,0.0,0.0,0.0,0.0,0.0,0.0,0.0,0.0,LOW
Sitabuldi Interchange,2020,12,2020-12-01,0,0,0,0.0,0.0,0.0,3.0,0.0,3.0,0.25,0.0,LOW
Rachana Ring Road,2020,12,2020-12-01,0,0,0,0.0,0.0,0.0,0.0,0.0,0.0,0.0,0.0,LOW
Nandanvan Main Square,2020,12,2020-12-01,0,0,0,0.0,0.0,0.0,0.0,0.0,0.0,0.0,0.0,LOW
Reshimbagh Square,2020,12,2020-12-01,0,0,0,0.0,0.0,0.0,0.0,0.0,0.0,0.0,0.0,LOW
Ram Nagar Square,2020,12,2020-12-01,0,0,0,0.0,0.0,0.0,0.0,0.0,0.0,0.0,0.0,LOW
Mate Square,2021,1,2021-01-01,0,0,0,0.0,0.0,0.0,0.0,0.0,0.0,0.0,0.0,LOW
Rambagh Chowk,2021,1,2021-01-01,0,0,0,0.0,0.0,0.0,0.0,0.0,0.0,0.0,0.0,LOW
Bhande Plot Square,2021,1,2021-01-01,0,0,0,0.0,0.0,0.0,0.0,0.0,0.0,0.0,0.0,LOW
Chhatrapati Square,2021,1,2021-01-01,0,0,0,0.0,0.0,3.0,8.0,1.0,5.0,0.667,0.0,LOW
HB Town Square,2021,1,2021-01-01,0,0,0,0.0,0.0,0.0,0.0,0.0,0.0,0.0,0.0,LOW
Wardha Road Toll Plaza,2021,1,2021-01-01,0,0,0,0.0,0.0,0.0,0.0,0.0,0.0,0.0,0.0,LOW
Manewada Square,2021,1,2021-01-01,0,0,0,0.0,0.0,0.0,0.0,0.0,0.0,0.0,0.0,LOW
Japanese Garden Square,2021,1,2021-01-01,0,0,0,0.0,0.0,0.0,0.0,0.0,0.0,0.0,0.0,LOW
LIC Chowk,2021,1,2021-01-01,7,0,6,11.0,11.0,29.0,105.0,7.0,77.0,8.75,27.62,MEDIUM
Omkar Nagar Square,2021,1,2021-01-01,0,0,0,0.0,0.0,0.0,0.0,0.0,0.0,0.0,0.0,LOW
Jhansi Rani Square,2021,1,2021-01-01,4,0,4,7.0,7.0,20.0,58.0,5.0,43.0,4.833,16.02,LOW
Rachana Ring Road,2021,1,2021-01-01,0,0,0,0.0,0.0,0.0,0.0,0.0,0.0,0.0,0.0,LOW
VCA Stadium Chowk,2021,1,2021-01-01,0,0,0,0.0,0.0,0.0,0.0,0.0,0.0,0.0,0.0,LOW
Ram Nagar Square,2021,1,2021-01-01,0,0,0,0.0,0.0,0.0,0.0,0.0,0.0,0.0,0.0,LOW
Sakkardara Square,2021,1,2021-01-01,0,0,0,2.0,2.0,2.0,4.0,0.0,4.0,0.333,0.0,LOW
Variety Square,2021,1,2021-01-01,0,0,0,1.0,1.0,1.0,7.0,1.0,5.0,0.583,0.0,LOW
Airport Square,2021,1,2021-01-01,0,0,0,0.0,0.0,1.0,2.0,0.0,1.0,0.167,0.0,LOW
Subhash Nagar Square,2021,1,2021-01-01,0,0,0,0.0,0.0,0.0,0.0,0.0,0.0,0.0,0.0,LOW
KDK College Chowk,2021,1,2021-01-01,0,0,0,0.0,0.0,0.0,0.0,0.0,0.0,0.0,0.0,LOW
Shankar Nagar Square,2021,1,2021-01-01,0,0,0,0.0,0.0,0.0,1.0,1.0,1.0,0.083,0.0,LOW
Khamla Square,2021,1,2021-01-01,0,0,0,0.0,0.0,0.0,0.0,0.0,0.0,0.0,0.0,LOW
IT Park Ring Road,2021,1,2021-01-01,0,0,0,0.0,0.0,0.0,0.0,0.0,0.0,0.0,0.0,LOW
Pardi Naka,2021,1,2021-01-01,0,0,0,0.0,0.0,0.0,0.0,0.0,0.0,0.0,0.0,LOW
Sitabuldi Interchange,2021,1,2021-01-01,0,0,0,0.0,0.0,0.0,3.0,0.0,3.0,0.25,0.0,LOW
Reshimbagh Square,2021,1,2021-01-01,0,0,0,0.0,0.0,0.0,0.0,0.0,0.0,0.0,0.0,LOW
Nandanvan Main Square,2021,1,2021-01-01,0,0,0,0.0,0.0,0.0,0.0,0.0,0.0,0.0,0.0,LOW
Dharampeth Tower,2021,1,2021-01-01,0,0,0,0.0,0.0,0.0,0.0,0.0,0.0,0.0,0.0,LOW
Law College Square,2021,1,2021-01-01,0,0,0,0.0,0.0,0.0,0.0,0.0,0.0,0.0,0.0,LOW
Krida Chowk,2021,1,2021-01-01,0,0,0,0.0,0.0,0.0,0.0,0.0,0.0,0.0,0.0,LOW
Zero Mile Freedom Park,2021,1,2021-01-01,0,0,0,0.0,0.0,0.0,0.0,0.0,0.0,0.0,0.0,LOW
Itwari Railway Station Square,2021,1,2021-01-01,1,0,1,0.0,0.0,3.0,5.0,1.0,2.0,0.417,7.73,LOW
Somalwada Square,2021,1,2021-01-01,0,0,0,0.0,0.0,0.0,0.0,0.0,0.0,0.0,0.0,LOW
Pratap Nagar Square,2021,1,2021-01-01,0,0,0,0.0,0.0,0.0,0.0,0.0,0.0,0.0,0.0,LOW
Automotive Square,2021,1,2021-01-01,1,0,1,0.0,0.0,0.0,4.0,0.0,3.0,0.333,2.76,LOW
Gokulpeth Market,2021,1,2021-01-01,0,0,0,0.0,0.0,0.0,0.0,0.0,0.0,0.0,0.0,LOW
Sanvidhan Square,2021,1,2021-01-01,0,0,0,0.0,0.0,0.0,0.0,0.0,0.0,0.0,0.0,LOW
Kalamna Market Chowk,2021,1,2021-01-01,0,0,0,0.0,0.0,0.0,0.0,0.0,0.0,0.0,0.0,LOW
Deo Nagar Chowk,2021,1,2021-01-01,0,0,0,0.0,0.0,0.0,0.0,0.0,0.0,0.0,0.0,LOW
Medical Square,2021,1,2021-01-01,0,0,0,0.0,0.0,0.0,0.0,0.0,0.0,0.0,0.0,LOW
Reserve Bank Chowk,2021,1,2021-01-01,0,0,0,0.0,0.0,0.0,0.0,0.0,0.0,0.0,0.0,LOW
Rambagh Chowk,2021,2,2021-02-01,0,0,0,0.0,0.0,0.0,0.0,0.0,0.0,0.0,0.0,LOW
Airport Square,2021,2,2021-02-01,0,0,0,0.0,0.0,0.0,2.0,0.0,1.0,0.167,0.0,LOW
Reshimbagh Square,2021,2,2021-02-01,0,0,0,0.0,0.0,0.0,0.0,0.0,0.0,0.0,0.0,LOW
Itwari Railway Station Square,2021,2,2021-02-01,1,1,1,1.0,1.0,2.0,6.0,1.0,3.0,0.5,12.71,LOW
Kalamna Market Chowk,2021,2,2021-02-01,0,0,0,0.0,0.0,0.0,0.0,0.0,0.0,0.0,0.0,LOW
Sakkardara Square,2021,2,2021-02-01,1,0,0,0.0,0.0,2.0,4.0,0.0,4.0,0.333,1.1,LOW
Rachana Ring Road,2021,2,2021-02-01,0,0,0,0.0,0.0,0.0,0.0,0.0,0.0,0.0,0.0,LOW
Pardi Naka,2021,2,2021-02-01,0,0,0,0.0,0.0,0.0,0.0,0.0,0.0,0.0,0.0,LOW
Pratap Nagar Square,2021,2,2021-02-01,0,0,0,0.0,0.0,0.0,0.0,0.0,0.0,0.0,0.0,LOW
IT Park Ring Road,2021,2,2021-02-01,0,0,0,0.0,0.0,0.0,0.0,0.0,0.0,0.0,0.0,LOW
Japanese Garden Square,2021,2,2021-02-01,0,0,0,0.0,0.0,0.0,0.0,0.0,0.0,0.0,0.0,LOW
Reserve Bank Chowk,2021,2,2021-02-01,0,0,0,0.0,0.0,0.0,0.0,0.0,0.0,0.0,0.0,LOW
KDK College Chowk,2021,2,2021-02-01,0,0,0,0.0,0.0,0.0,0.0,0.0,0.0,0.0,0.0,LOW
Jhansi Rani Square,2021,2,2021-02-01,6,0,5,4.0,4.0,15.0,58.0,5.0,46.0,4.833,31.49,MEDIUM
Ram Nagar Square,2021,2,2021-02-01,0,0,0,0.0,0.0,0.0,0.0,0.0,0.0,0.0,0.0,LOW
Shankar Nagar Square,2021,2,2021-02-01,0,0,0,0.0,0.0,0.0,1.0,1.0,1.0,0.083,0.0,LOW
Krida Chowk,2021,2,2021-02-01,0,0,0,0.0,0.0,0.0,0.0,0.0,0.0,0.0,0.0,LOW
Khamla Square,2021,2,2021-02-01,0,0,0,0.0,0.0,0.0,0.0,0.0,0.0,0.0,0.0,LOW
Sanvidhan Square,2021,2,2021-02-01,0,0,0,0.0,0.0,0.0,0.0,0.0,0.0,0.0,0.0,LOW
HB Town Square,2021,2,2021-02-01,0,0,0,0.0,0.0,0.0,0.0,0.0,0.0,0.0,0.0,LOW
Chhatrapati Square,2021,2,2021-02-01,3,1,2,0.0,0.0,1.0,7.0,1.0,4.0,0.583,13.26,LOW
LIC Chowk,2021,2,2021-02-01,10,0,8,7.0,7.0,29.0,105.0,7.0,78.0,8.75,37.57,MEDIUM
Wardha Road Toll Plaza,2021,2,2021-02-01,0,0,0,0.0,0.0,0.0,0.0,0.0,0.0,0.0,0.0,LOW
Sitabuldi Interchange,2021,2,2021-02-01,0,0,0,0.0,0.0,0.0,3.0,0.0,3.0,0.25,0.0,LOW
VCA Stadium Chowk,2021,2,2021-02-01,0,0,0,0.0,0.0,0.0,0.0,0.0,0.0,0.0,0.0,LOW
Law College Square,2021,2,2021-02-01,0,0,0,0.0,0.0,0.0,0.0,0.0,0.0,0.0,0.0,LOW
Omkar Nagar Square,2021,2,2021-02-01,0,0,0,0.0,0.0,0.0,0.0,0.0,0.0,0.0,0.0,LOW
Nandanvan Main Square,2021,2,2021-02-01,0,0,0,0.0,0.0,0.0,0.0,0.0,0.0,0.0,0.0,LOW
Mate Square,2021,2,2021-02-01,0,0,0,0.0,0.0,0.0,0.0,0.0,0.0,0.0,0.0,LOW
Subhash Nagar Square,2021,2,2021-02-01,0,0,0,0.0,0.0,0.0,0.0,0.0,0.0,0.0,0.0,LOW
Bhande Plot Square,2021,2,2021-02-01,0,0,0,0.0,0.0,0.0,0.0,0.0,0.0,0.0,0.0,LOW
Variety Square,2021,2,2021-02-01,5,0,3,0.0,0.0,1.0,7.0,1.0,5.0,0.583,12.15,LOW
Dharampeth Tower,2021,2,2021-02-01,0,0,0,0.0,0.0,0.0,0.0,0.0,0.0,0.0,0.0,LOW
Deo Nagar Chowk,2021,2,2021-02-01,0,0,0,0.0,0.0,0.0,0.0,0.0,0.0,0.0,0.0,LOW
Somalwada Square,2021,2,2021-02-01,0,0,0,0.0,0.0,0.0,0.0,0.0,0.0,0.0,0.0,LOW
Gokulpeth Market,2021,2,2021-02-01,0,0,0,0.0,0.0,0.0,0.0,0.0,0.0,0.0,0.0,LOW
Automotive Square,2021,2,2021-02-01,0,0,0,1.0,1.0,1.0,5.0,0.0,4.0,0.417,0.0,LOW
Manewada Square,2021,2,2021-02-01,0,0,0,0.0,0.0,0.0,0.0,0.0,0.0,0.0,0.0,LOW
Medical Square,2021,2,2021-02-01,0,0,0,0.0,0.0,0.0,0.0,0.0,0.0,0.0,0.0,LOW
Zero Mile Freedom Park,2021,2,2021-02-01,0,0,0,0.0,0.0,0.0,0.0,0.0,0.0,0.0,0.0,LOW
Zero Mile Freedom Park,2021,3,2021-03-01,0,0,0,0.0,0.0,0.0,0.0,0.0,0.0,0.0,0.0,LOW
IT Park Ring Road,2021,3,2021-03-01,0,0,0,0.0,0.0,0.0,0.0,0.0,0.0,0.0,0.0,LOW
VCA Stadium Chowk,2021,3,2021-03-01,0,0,0,0.0,0.0,0.0,0.0,0.0,0.0,0.0,0.0,LOW
Airport Square,2021,3,2021-03-01,0,0,0,0.0,0.0,0.0,2.0,0.0,1.0,0.167,0.0,LOW
Krida Chowk,2021,3,2021-03-01,0,0,0,0.0,0.0,0.0,0.0,0.0,0.0,0.0,0.0,LOW
Chhatrapati Square,2021,3,2021-03-01,1,0,1,3.0,3.0,3.0,10.0,2.0,6.0,0.833,6.08,LOW
Reshimbagh Square,2021,3,2021-03-01,0,0,0,0.0,0.0,0.0,0.0,0.0,0.0,0.0,0.0,LOW
Reserve Bank Chowk,2021,3,2021-03-01,0,0,0,0.0,0.0,0.0,0.0,0.0,0.0,0.0,0.0,LOW
Nandanvan Main Square,2021,3,2021-03-01,0,0,0,0.0,0.0,0.0,0.0,0.0,0.0,0.0,0.0,LOW
Pardi Naka,2021,3,2021-03-01,0,0,0,0.0,0.0,0.0,0.0,0.0,0.0,0.0,0.0,LOW
KDK College Chowk,2021,3,2021-03-01,0,0,0,0.0,0.0,0.0,0.0,0.0,0.0,0.0,0.0,LOW
Law College Square,2021,3,2021-03-01,0,0,0,0.0,0.0,0.0,0.0,0.0,0.0,0.0,0.0,LOW
Sitabuldi Interchange,2021,3,2021-03-01,0,0,0,0.0,0.0,0.0,3.0,0.0,3.0,0.25,0.0,LOW
Subhash Nagar Square,2021,3,2021-03-01,0,0,0,0.0,0.0,0.0,0.0,0.0,0.0,0.0,0.0,LOW
Dharampeth Tower,2021,3,2021-03-01,0,0,0,0.0,0.0,0.0,0.0,0.0,0.0,0.0,0.0,LOW
Deo Nagar Chowk,2021,3,2021-03-01,0,0,0,0.0,0.0,0.0,0.0,0.0,0.0,0.0,0.0,LOW
Automotive Square,2021,3,2021-03-01,2,0,2,0.0,0.0,1.0,4.0,0.0,4.0,0.333,5.52,LOW
Somalwada Square,2021,3,2021-03-01,0,0,0,0.0,0.0,0.0,0.0,0.0,0.0,0.0,0.0,LOW
Pratap Nagar Square,2021,3,2021-03-01,0,0,0,0.0,0.0,0.0,0.0,0.0,0.0,0.0,0.0,LOW
Rambagh Chowk,2021,3,2021-03-01,0,0,0,0.0,0.0,0.0,0.0,0.0,0.0,0.0,0.0,LOW
LIC Chowk,2021,3,2021-03-01,5,0,3,10.0,10.0,28.0,105.0,5.0,78.0,8.75,10.5,LOW
Wardha Road Toll Plaza,2021,3,2021-03-01,0,0,0,0.0,0.0,0.0,0.0,0.0,0.0,0.0,0.0,LOW
Japanese Garden Square,2021,3,2021-03-01,0,0,0,0.0,0.0,0.0,0.0,0.0,0.0,0.0,0.0,LOW
HB Town Square,2021,3,2021-03-01,0,0,0,0.0,0.0,0.0,0.0,0.0,0.0,0.0,0.0,LOW
Omkar Nagar Square,2021,3,2021-03-01,0,0,0,0.0,0.0,0.0,0.0,0.0,0.0,0.0,0.0,LOW
Sanvidhan Square,2021,3,2021-03-01,0,0,0,0.0,0.0,0.0,0.0,0.0,0.0,0.0,0.0,LOW
Sakkardara Square,2021,3,2021-03-01,0,0,0,1.0,1.0,3.0,5.0,0.0,4.0,0.417,0.0,LOW
Bhande Plot Square,2021,3,2021-03-01,0,0,0,0.0,0.0,0.0,0.0,0.0,0.0,0.0,0.0,LOW
Variety Square,2021,3,2021-03-01,0,0,0,5.0,5.0,6.0,12.0,1.0,8.0,1.0,0.0,LOW
Kalamna Market Chowk,2021,3,2021-03-01,0,0,0,0.0,0.0,0.0,0.0,0.0,0.0,0.0,0.0,LOW
Itwari Railway Station Square,2021,3,2021-03-01,1,0,1,1.0,1.0,2.0,7.0,2.0,4.0,0.583,9.39,LOW
Rachana Ring Road,2021,3,2021-03-01,0,0,0,0.0,0.0,0.0,0.0,0.0,0.0,0.0,0.0,LOW
Jhansi Rani Square,2021,3,2021-03-01,3,0,3,6.0,6.0,17.0,58.0,4.0,46.0,4.833,8.29,LOW
Medical Square,2021,3,2021-03-01,0,0,0,0.0,0.0,0.0,0.0,0.0,0.0,0.0,0.0,LOW
Manewada Square,2021,3,2021-03-01,0,0,0,0.0,0.0,0.0,0.0,0.0,0.0,0.0,0.0,LOW
Shankar Nagar Square,2021,3,2021-03-01,0,0,0,0.0,0.0,0.0,1.0,1.0,1.0,0.083,0.0,LOW
Mate Square,2021,3,2021-03-01,0,0,0,0.0,0.0,0.0,0.0,0.0,0.0,0.0,0.0,LOW
Gokulpeth Market,2021,3,2021-03-01,0,0,0,0.0,0.0,0.0,0.0,0.0,0.0,0.0,0.0,LOW
Ram Nagar Square,2021,3,2021-03-01,0,0,0,0.0,0.0,0.0,0.0,0.0,0.0,0.0,0.0,LOW
Khamla Square,2021,3,2021-03-01,0,0,0,0.0,0.0,0.0,0.0,0.0,0.0,0.0,0.0,LOW
Omkar Nagar Square,2021,4,2021-04-01,0,0,0,0.0,0.0,0.0,0.0,0.0,0.0,0.0,0.0,LOW
Sitabuldi Interchange,2021,4,2021-04-01,0,0,0,0.0,0.0,0.0,3.0,0.0,3.0,0.25,0.0,LOW
Bhande Plot Square,2021,4,2021-04-01,0,0,0,0.0,0.0,0.0,0.0,0.0,0.0,0.0,0.0,LOW
Subhash Nagar Square,2021,4,2021-04-01,0,0,0,0.0,0.0,0.0,0.0,0.0,0.0,0.0,0.0,LOW
Pratap Nagar Square,2021,4,2021-04-01,0,0,0,0.0,0.0,0.0,0.0,0.0,0.0,0.0,0.0,LOW
Manewada Square,2021,4,2021-04-01,0,0,0,0.0,0.0,0.0,0.0,0.0,0.0,0.0,0.0,LOW
Sakkardara Square,2021,4,2021-04-01,1,1,1,0.0,0.0,1.0,5.0,0.0,4.0,0.417,11.05,LOW
Dharampeth Tower,2021,4,2021-04-01,0,0,0,0.0,0.0,0.0,0.0,0.0,0.0,0.0,0.0,LOW
Medical Square,2021,4,2021-04-01,0,0,0,0.0,0.0,0.0,0.0,0.0,0.0,0.0,0.0,LOW
Rachana Ring Road,2021,4,2021-04-01,0,0,0,0.0,0.0,0.0,0.0,0.0,0.0,0.0,0.0,LOW
Somalwada Square,2021,4,2021-04-01,0,0,0,0.0,0.0,0.0,0.0,0.0,0.0,0.0,0.0,LOW
Deo Nagar Chowk,2021,4,2021-04-01,0,0,0,0.0,0.0,0.0,0.0,0.0,0.0,0.0,0.0,LOW
Automotive Square,2021,4,2021-04-01,0,0,0,2.0,2.0,3.0,6.0,0.0,6.0,0.5,0.0,LOW
Wardha Road Toll Plaza,2021,4,2021-04-01,0,0,0,0.0,0.0,0.0,0.0,0.0,0.0,0.0,0.0,LOW
Law College Square,2021,4,2021-04-01,0,0,0,0.0,0.0,0.0,0.0,0.0,0.0,0.0,0.0,LOW
Variety Square,2021,4,2021-04-01,0,0,0,0.0,0.0,5.0,11.0,1.0,8.0,0.917,0.0,LOW
Itwari Railway Station Square,2021,4,2021-04-01,0,0,0,1.0,1.0,3.0,8.0,2.0,5.0,0.667,0.0,LOW
VCA Stadium Chowk,2021,4,2021-04-01,0,0,0,0.0,0.0,0.0,0.0,0.0,0.0,0.0,0.0,LOW
Reshimbagh Square,2021,4,2021-04-01,0,0,0,0.0,0.0,0.0,0.0,0.0,0.0,0.0,0.0,LOW
LIC Chowk,2021,4,2021-04-01,3,0,1,5.0,5.0,22.0,96.0,3.0,69.0,8.0,4.97,LOW
Krida Chowk,2021,4,2021-04-01,0,0,0,0.0,0.0,0.0,0.0,0.0,0.0,0.0,0.0,LOW
Khamla Square,2021,4,2021-04-01,0,0,0,0.0,0.0,0.0,0.0,0.0,0.0,0.0,0.0,LOW
Gokulpeth Market,2021,4,2021-04-01,0,0,0,0.0,0.0,0.0,0.0,0.0,0.0,0.0,0.0,LOW
IT Park Ring Road,2021,4,2021-04-01,0,0,0,0.0,0.0,0.0,0.0,0.0,0.0,0.0,0.0,LOW
Jhansi Rani Square,2021,4,2021-04-01,0,0,0,3.0,3.0,13.0,58.0,4.0,47.0,4.833,0.0,LOW
Chhatrapati Square,2021,4,2021-04-01,0,0,0,1.0,1.0,4.0,11.0,2.0,7.0,0.917,0.0,LOW
Airport Square,2021,4,2021-04-01,0,0,0,0.0,0.0,0.0,2.0,0.0,1.0,0.167,0.0,LOW
Zero Mile Freedom Park,2021,4,2021-04-01,0,0,0,0.0,0.0,0.0,0.0,0.0,0.0,0.0,0.0,LOW
HB Town Square,2021,4,2021-04-01,0,0,0,0.0,0.0,0.0,0.0,0.0,0.0,0.0,0.0,LOW
Ram Nagar Square,2021,4,2021-04-01,0,0,0,0.0,0.0,0.0,0.0,0.0,0.0,0.0,0.0,LOW
Kalamna Market Chowk,2021,4,2021-04-01,0,0,0,0.0,0.0,0.0,0.0,0.0,0.0,0.0,0.0,LOW
Nandanvan Main Square,2021,4,2021-04-01,0,0,0,0.0,0.0,0.0,0.0,0.0,0.0,0.0,0.0,LOW
Japanese Garden Square,2021,4,2021-04-01,0,0,0,0.0,0.0,0.0,0.0,0.0,0.0,0.0,0.0,LOW
Sanvidhan Square,2021,4,2021-04-01,0,0,0,0.0,0.0,0.0,0.0,0.0,0.0,0.0,0.0,LOW
Pardi Naka,2021,4,2021-04-01,0,0,0,0.0,0.0,0.0,0.0,0.0,0.0,0.0,0.0,LOW
Mate Square,2021,4,2021-04-01,0,0,0,0.0,0.0,0.0,0.0,0.0,0.0,0.0,0.0,LOW
Reserve Bank Chowk,2021,4,2021-04-01,0,0,0,0.0,0.0,0.0,0.0,0.0,0.0,0.0,0.0,LOW
KDK College Chowk,2021,4,2021-04-01,0,0,0,0.0,0.0,0.0,0.0,0.0,0.0,0.0,0.0,LOW
Shankar Nagar Square,2021,4,2021-04-01,1,0,1,0.0,0.0,0.0,1.0,1.0,1.0,0.083,2.76,LOW
Rambagh Chowk,2021,4,2021-04-01,0,0,0,0.0,0.0,0.0,0.0,0.0,0.0,0.0,0.0,LOW
Itwari Railway Station Square,2021,5,2021-05-01,0,0,0,0.0,0.0,2.0,7.0,2.0,5.0,0.583,0.0,LOW
Chhatrapati Square,2021,5,2021-05-01,2,0,1,0.0,0.0,4.0,11.0,2.0,7.0,0.917,3.87,LOW
Subhash Nagar Square,2021,5,2021-05-01,0,0,0,0.0,0.0,0.0,0.0,0.0,0.0,0.0,0.0,LOW
Automotive Square,2021,5,2021-05-01,0,0,0,0.0,0.0,2.0,5.0,0.0,5.0,0.417,0.0,LOW
KDK College Chowk,2021,5,2021-05-01,0,0,0,0.0,0.0,0.0,0.0,0.0,0.0,0.0,0.0,LOW
Mate Square,2021,5,2021-05-01,0,0,0,0.0,0.0,0.0,0.0,0.0,0.0,0.0,0.0,LOW
Rambagh Chowk,2021,5,2021-05-01,0,0,0,0.0,0.0,0.0,0.0,0.0,0.0,0.0,0.0,LOW
VCA Stadium Chowk,2021,5,2021-05-01,0,0,0,0.0,0.0,0.0,0.0,0.0,0.0,0.0,0.0,LOW
LIC Chowk,2021,5,2021-05-01,5,1,5,3.0,3.0,18.0,92.0,3.0,65.0,7.667,27.07,MEDIUM
Wardha Road Toll Plaza,2021,5,2021-05-01,0,0,0,0.0,0.0,0.0,0.0,0.0,0.0,0.0,0.0,LOW
Japanese Garden Square,2021,5,2021-05-01,0,0,0,0.0,0.0,0.0,0.0,0.0,0.0,0.0,0.0,LOW
Ram Nagar Square,2021,5,2021-05-01,0,0,0,0.0,0.0,0.0,0.0,0.0,0.0,0.0,0.0,LOW
Bhande Plot Square,2021,5,2021-05-01,0,0,0,0.0,0.0,0.0,0.0,0.0,0.0,0.0,0.0,LOW
Variety Square,2021,5,2021-05-01,0,0,0,0.0,0.0,5.0,10.0,1.0,7.0,0.833,0.0,LOW
Airport Square,2021,5,2021-05-01,0,0,0,0.0,0.0,0.0,1.0,0.0,1.0,0.083,0.0,LOW
Manewada Square,2021,5,2021-05-01,0,0,0,0.0,0.0,0.0,0.0,0.0,0.0,0.0,0.0,LOW
Deo Nagar Chowk,2021,5,2021-05-01,0,0,0,0.0,0.0,0.0,0.0,0.0,0.0,0.0,0.0,LOW
Medical Square,2021,5,2021-05-01,0,0,0,0.0,0.0,0.0,0.0,0.0,0.0,0.0,0.0,LOW
Pratap Nagar Square,2021,5,2021-05-01,0,0,0,0.0,0.0,0.0,0.0,0.0,0.0,0.0,0.0,LOW
Krida Chowk,2021,5,2021-05-01,0,0,0,0.0,0.0,0.0,0.0,0.0,0.0,0.0,0.0,LOW
Gokulpeth Market,2021,5,2021-05-01,0,0,0,0.0,0.0,0.0,0.0,0.0,0.0,0.0,0.0,LOW
Pardi Naka,2021,5,2021-05-01,0,0,0,0.0,0.0,0.0,0.0,0.0,0.0,0.0,0.0,LOW
Sakkardara Square,2021,5,2021-05-01,0,0,0,1.0,1.0,2.0,6.0,1.0,5.0,0.5,0.0,LOW
Jhansi Rani Square,2021,5,2021-05-01,6,0,5,0.0,0.0,9.0,55.0,4.0,46.0,4.583,19.89,LOW
Reshimbagh Square,2021,5,2021-05-01,0,0,0,0.0,0.0,0.0,0.0,0.0,0.0,0.0,0.0,LOW
Nandanvan Main Square,2021,5,2021-05-01,0,0,0,0.0,0.0,0.0,0.0,0.0,0.0,0.0,0.0,LOW
Sitabuldi Interchange,2021,5,2021-05-01,0,0,0,0.0,0.0,0.0,2.0,0.0,2.0,0.167,0.0,LOW
Kalamna Market Chowk,2021,5,2021-05-01,0,0,0,0.0,0.0,0.0,0.0,0.0,0.0,0.0,0.0,LOW
Zero Mile Freedom Park,2021,5,2021-05-01,0,0,0,0.0,0.0,0.0,0.0,0.0,0.0,0.0,0.0,LOW
Dharampeth Tower,2021,5,2021-05-01,0,0,0,0.0,0.0,0.0,0.0,0.0,0.0,0.0,0.0,LOW
Law College Square,2021,5,2021-05-01,0,0,0,0.0,0.0,0.0,0.0,0.0,0.0,0.0,0.0,LOW
Somalwada Square,2021,5,2021-05-01,0,0,0,0.0,0.0,0.0,0.0,0.0,0.0,0.0,0.0,LOW
Khamla Square,2021,5,2021-05-01,0,0,0,0.0,0.0,0.0,0.0,0.0,0.0,0.0,0.0,LOW
IT Park Ring Road,2021,5,2021-05-01,0,0,0,0.0,0.0,0.0,0.0,0.0,0.0,0.0,0.0,LOW
Sanvidhan Square,2021,5,2021-05-01,0,0,0,0.0,0.0,0.0,0.0,0.0,0.0,0.0,0.0,LOW
Rachana Ring Road,2021,5,2021-05-01,0,0,0,0.0,0.0,0.0,0.0,0.0,0.0,0.0,0.0,LOW
Reserve Bank Chowk,2021,5,2021-05-01,0,0,0,0.0,0.0,0.0,0.0,0.0,0.0,0.0,0.0,LOW
HB Town Square,2021,5,2021-05-01,0,0,0,0.0,0.0,0.0,0.0,0.0,0.0,0.0,0.0,LOW
Omkar Nagar Square,2021,5,2021-05-01,0,0,0,0.0,0.0,0.0,0.0,0.0,0.0,0.0,0.0,LOW
Shankar Nagar Square,2021,5,2021-05-01,1,0,1,1.0,1.0,1.0,2.0,1.0,2.0,0.167,4.42,LOW
Wardha Road Toll Plaza,2021,6,2021-06-01,0,0,0,0.0,0.0,0.0,0.0,0.0,0.0,0.0,0.0,LOW
Sanvidhan Square,2021,6,2021-06-01,0,0,0,0.0,0.0,0.0,0.0,0.0,0.0,0.0,0.0,LOW
LIC Chowk,2021,6,2021-06-01,10,0,6,5.0,5.0,13.0,90.0,4.0,64.0,7.5,30.94,MEDIUM
Chhatrapati Square,2021,6,2021-06-01,1,0,0,2.0,2.0,3.0,11.0,2.0,8.0,0.917,1.1,LOW
Bhande Plot Square,2021,6,2021-06-01,0,0,0,0.0,0.0,0.0,0.0,0.0,0.0,0.0,0.0,LOW
Rambagh Chowk,2021,6,2021-06-01,0,0,0,0.0,0.0,0.0,0.0,0.0,0.0,0.0,0.0,LOW
Airport Square,2021,6,2021-06-01,0,0,0,0.0,0.0,0.0,1.0,0.0,1.0,0.083,0.0,LOW
VCA Stadium Chowk,2021,6,2021-06-01,0,0,0,0.0,0.0,0.0,0.0,0.0,0.0,0.0,0.0,LOW
Nandanvan Main Square,2021,6,2021-06-01,0,0,0,0.0,0.0,0.0,0.0,0.0,0.0,0.0,0.0,LOW
Zero Mile Freedom Park,2021,6,2021-06-01,0,0,0,0.0,0.0,0.0,0.0,0.0,0.0,0.0,0.0,LOW
Medical Square,2021,6,2021-06-01,0,0,0,0.0,0.0,0.0,0.0,0.0,0.0,0.0,0.0,LOW
IT Park Ring Road,2021,6,2021-06-01,0,0,0,0.0,0.0,0.0,0.0,0.0,0.0,0.0,0.0,LOW
Pardi Naka,2021,6,2021-06-01,0,0,0,0.0,0.0,0.0,0.0,0.0,0.0,0.0,0.0,LOW
HB Town Square,2021,6,2021-06-01,0,0,0,0.0,0.0,0.0,0.0,0.0,0.0,0.0,0.0,LOW
Japanese Garden Square,2021,6,2021-06-01,0,0,0,0.0,0.0,0.0,0.0,0.0,0.0,0.0,0.0,LOW
Khamla Square,2021,6,2021-06-01,0,0,0,0.0,0.0,0.0,0.0,0.0,0.0,0.0,0.0,LOW
Shankar Nagar Square,2021,6,2021-06-01,0,0,0,1.0,1.0,2.0,2.0,0.0,2.0,0.167,0.0,LOW
Mate Square,2021,6,2021-06-01,0,0,0,0.0,0.0,0.0,0.0,0.0,0.0,0.0,0.0,LOW
Ram Nagar Square,2021,6,2021-06-01,0,0,0,0.0,0.0,0.0,0.0,0.0,0.0,0.0,0.0,LOW
Gokulpeth Market,2021,6,2021-06-01,0,0,0,0.0,0.0,0.0,0.0,0.0,0.0,0.0,0.0,LOW
Reserve Bank Chowk,2021,6,2021-06-01,0,0,0,0.0,0.0,0.0,0.0,0.0,0.0,0.0,0.0,LOW
Omkar Nagar Square,2021,6,2021-06-01,0,0,0,0.0,0.0,0.0,0.0,0.0,0.0,0.0,0.0,LOW
Somalwada Square,2021,6,2021-06-01,0,0,0,0.0,0.0,0.0,0.0,0.0,0.0,0.0,0.0,LOW
Pratap Nagar Square,2021,6,2021-06-01,0,0,0,0.0,0.0,0.0,0.0,0.0,0.0,0.0,0.0,LOW
Sakkardara Square,2021,6,2021-06-01,2,0,1,0.0,0.0,1.0,6.0,1.0,5.0,0.5,3.87,LOW
Variety Square,2021,6,2021-06-01,1,0,1,0.0,0.0,0.0,9.0,1.0,6.0,0.75,7.73,LOW
Law College Square,2021,6,2021-06-01,0,0,0,0.0,0.0,0.0,0.0,0.0,0.0,0.0,0.0,LOW
Itwari Railway Station Square,2021,6,2021-06-01,0,0,0,0.0,0.0,1.0,6.0,1.0,4.0,0.5,0.0,LOW
Sitabuldi Interchange,2021,6,2021-06-01,1,0,1,0.0,0.0,0.0,2.0,0.0,2.0,0.167,2.76,LOW
Manewada Square,2021,6,2021-06-01,0,0,0,0.0,0.0,0.0,0.0,0.0,0.0,0.0,0.0,LOW
Dharampeth Tower,2021,6,2021-06-01,0,0,0,0.0,0.0,0.0,0.0,0.0,0.0,0.0,0.0,LOW
Kalamna Market Chowk,2021,6,2021-06-01,0,0,0,0.0,0.0,0.0,0.0,0.0,0.0,0.0,0.0,LOW
Subhash Nagar Square,2021,6,2021-06-01,0,0,0,0.0,0.0,0.0,0.0,0.0,0.0,0.0,0.0,LOW
Jhansi Rani Square,2021,6,2021-06-01,7,0,4,6.0,6.0,9.0,56.0,3.0,46.0,4.667,24.31,LOW
Automotive Square,2021,6,2021-06-01,0,0,0,0.0,0.0,2.0,4.0,0.0,4.0,0.333,0.0,LOW
Krida Chowk,2021,6,2021-06-01,0,0,0,0.0,0.0,0.0,0.0,0.0,0.0,0.0,0.0,LOW
KDK College Chowk,2021,6,2021-06-01,0,0,0,0.0,0.0,0.0,0.0,0.0,0.0,0.0,0.0,LOW
Reshimbagh Square,2021,6,2021-06-01,0,0,0,0.0,0.0,0.0,0.0,0.0,0.0,0.0,0.0,LOW
Rachana Ring Road,2021,6,2021-06-01,0,0,0,0.0,0.0,0.0,0.0,0.0,0.0,0.0,0.0,LOW
Deo Nagar Chowk,2021,6,2021-06-01,0,0,0,0.0,0.0,0.0,0.0,0.0,0.0,0.0,0.0,LOW
Omkar Nagar Square,2021,7,2021-07-01,0,0,0,0.0,0.0,0.0,0.0,0.0,0.0,0.0,0.0,LOW
Sanvidhan Square,2021,7,2021-07-01,0,0,0,0.0,0.0,0.0,0.0,0.0,0.0,0.0,0.0,LOW
Pratap Nagar Square,2021,7,2021-07-01,0,0,0,0.0,0.0,0.0,0.0,0.0,0.0,0.0,0.0,LOW
Japanese Garden Square,2021,7,2021-07-01,0,0,0,0.0,0.0,0.0,0.0,0.0,0.0,0.0,0.0,LOW
Jhansi Rani Square,2021,7,2021-07-01,5,0,4,7.0,7.0,13.0,59.0,2.0,46.0,4.917,20.44,LOW
Kalamna Market Chowk,2021,7,2021-07-01,0,0,0,0.0,0.0,0.0,0.0,0.0,0.0,0.0,0.0,LOW
Bhande Plot Square,2021,7,2021-07-01,0,0,0,0.0,0.0,0.0,0.0,0.0,0.0,0.0,0.0,LOW
HB Town Square,2021,7,2021-07-01,0,0,0,0.0,0.0,0.0,0.0,0.0,0.0,0.0,0.0,LOW
Sakkardara Square,2021,7,2021-07-01,0,0,0,2.0,2.0,3.0,7.0,1.0,5.0,0.583,0.0,LOW
Ram Nagar Square,2021,7,2021-07-01,0,0,0,0.0,0.0,0.0,0.0,0.0,0.0,0.0,0.0,LOW
Manewada Square,2021,7,2021-07-01,0,0,0,0.0,0.0,0.0,0.0,0.0,0.0,0.0,0.0,LOW
Variety Square,2021,7,2021-07-01,1,0,1,1.0,1.0,1.0,9.0,1.0,6.0,0.75,2.76,LOW
Medical Square,2021,7,2021-07-01,0,0,0,0.0,0.0,0.0,0.0,0.0,0.0,0.0,0.0,LOW
IT Park Ring Road,2021,7,2021-07-01,0,0,0,0.0,0.0,0.0,0.0,0.0,0.0,0.0,0.0,LOW
Somalwada Square,2021,7,2021-07-01,0,0,0,0.0,0.0,0.0,0.0,0.0,0.0,0.0,0.0,LOW
Sitabuldi Interchange,2021,7,2021-07-01,0,0,0,1.0,1.0,1.0,3.0,0.0,3.0,0.25,0.0,LOW
KDK College Chowk,2021,7,2021-07-01,0,0,0,0.0,0.0,0.0,0.0,0.0,0.0,0.0,0.0,LOW
Pardi Naka,2021,7,2021-07-01,0,0,0,0.0,0.0,0.0,0.0,0.0,0.0,0.0,0.0,LOW
Dharampeth Tower,2021,7,2021-07-01,0,0,0,0.0,0.0,0.0,0.0,0.0,0.0,0.0,0.0,LOW
Law College Square,2021,7,2021-07-01,0,0,0,0.0,0.0,0.0,0.0,0.0,0.0,0.0,0.0,LOW
Subhash Nagar Square,2021,7,2021-07-01,0,0,0,0.0,0.0,0.0,0.0,0.0,0.0,0.0,0.0,LOW
Airport Square,2021,7,2021-07-01,0,0,0,0.0,0.0,0.0,1.0,0.0,1.0,0.083,0.0,LOW
Gokulpeth Market,2021,7,2021-07-01,0,0,0,0.0,0.0,0.0,0.0,0.0,0.0,0.0,0.0,LOW
Reshimbagh Square,2021,7,2021-07-01,0,0,0,0.0,0.0,0.0,0.0,0.0,0.0,0.0,0.0,LOW
Reserve Bank Chowk,2021,7,2021-07-01,0,0,0,0.0,0.0,0.0,0.0,0.0,0.0,0.0,0.0,LOW
Rachana Ring Road,2021,7,2021-07-01,0,0,0,0.0,0.0,0.0,0.0,0.0,0.0,0.0,0.0,LOW
Automotive Square,2021,7,2021-07-01,0,0,0,0.0,0.0,0.0,4.0,0.0,4.0,0.333,0.0,LOW
Itwari Railway Station Square,2021,7,2021-07-01,0,0,0,0.0,0.0,0.0,6.0,1.0,4.0,0.5,0.0,LOW
Chhatrapati Square,2021,7,2021-07-01,0,0,0,1.0,1.0,3.0,11.0,2.0,8.0,0.917,0.0,LOW
Krida Chowk,2021,7,2021-07-01,0,0,0,0.0,0.0,0.0,0.0,0.0,0.0,0.0,0.0,LOW
Rambagh Chowk,2021,7,2021-07-01,0,0,0,0.0,0.0,0.0,0.0,0.0,0.0,0.0,0.0,LOW
Nandanvan Main Square,2021,7,2021-07-01,0,0,0,0.0,0.0,0.0,0.0,0.0,0.0,0.0,0.0,LOW
Khamla Square,2021,7,2021-07-01,0,0,0,0.0,0.0,0.0,0.0,0.0,0.0,0.0,0.0,LOW
VCA Stadium Chowk,2021,7,2021-07-01,0,0,0,0.0,0.0,0.0,0.0,0.0,0.0,0.0,0.0,LOW
Wardha Road Toll Plaza,2021,7,2021-07-01,0,0,0,0.0,0.0,0.0,0.0,0.0,0.0,0.0,0.0,LOW
Zero Mile Freedom Park,2021,7,2021-07-01,0,0,0,0.0,0.0,0.0,0.0,0.0,0.0,0.0,0.0,LOW
Shankar Nagar Square,2021,7,2021-07-01,0,0,0,0.0,0.0,2.0,2.0,0.0,2.0,0.167,0.0,LOW
LIC Chowk,2021,7,2021-07-01,3,0,3,10.0,10.0,18.0,90.0,4.0,63.0,7.5,14.92,LOW
Mate Square,2021,7,2021-07-01,0,0,0,0.0,0.0,0.0,0.0,0.0,0.0,0.0,0.0,LOW
Deo Nagar Chowk,2021,7,2021-07-01,0,0,0,0.0,0.0,0.0,0.0,0.0,0.0,0.0,0.0,LOW
Zero Mile Freedom Park,2021,8,2021-08-01,0,0,0,0.0,0.0,0.0,0.0,0.0,0.0,0.0,0.0,LOW
Law College Square,2021,8,2021-08-01,0,0,0,0.0,0.0,0.0,0.0,0.0,0.0,0.0,0.0,LOW
Automotive Square,2021,8,2021-08-01,2,0,2,0.0,0.0,0.0,4.0,0.0,4.0,0.333,7.18,LOW
Wardha Road Toll Plaza,2021,8,2021-08-01,0,0,0,0.0,0.0,0.0,0.0,0.0,0.0,0.0,0.0,LOW
Jhansi Rani Square,2021,8,2021-08-01,2,0,1,5.0,5.0,18.0,61.0,2.0,48.0,5.083,3.87,LOW
Ram Nagar Square,2021,8,2021-08-01,0,0,0,0.0,0.0,0.0,0.0,0.0,0.0,0.0,0.0,LOW
Omkar Nagar Square,2021,8,2021-08-01,0,0,0,0.0,0.0,0.0,0.0,0.0,0.0,0.0,0.0,LOW
Manewada Square,2021,8,2021-08-01,0,0,0,0.0,0.0,0.0,0.0,0.0,0.0,0.0,0.0,LOW
Reserve Bank Chowk,2021,8,2021-08-01,0,0,0,0.0,0.0,0.0,0.0,0.0,0.0,0.0,0.0,LOW
Somalwada Square,2021,8,2021-08-01,0,0,0,0.0,0.0,0.0,0.0,0.0,0.0,0.0,0.0,LOW
Sitabuldi Interchange,2021,8,2021-08-01,1,0,1,0.0,0.0,1.0,2.0,0.0,2.0,0.167,2.76,LOW
Pardi Naka,2021,8,2021-08-01,0,0,0,0.0,0.0,0.0,0.0,0.0,0.0,0.0,0.0,LOW
Dharampeth Tower,2021,8,2021-08-01,0,0,0,0.0,0.0,0.0,0.0,0.0,0.0,0.0,0.0,LOW
Reshimbagh Square,2021,8,2021-08-01,0,0,0,0.0,0.0,0.0,0.0,0.0,0.0,0.0,0.0,LOW
Nandanvan Main Square,2021,8,2021-08-01,0,0,0,0.0,0.0,0.0,0.0,0.0,0.0,0.0,0.0,LOW
Variety Square,2021,8,2021-08-01,3,1,2,1.0,1.0,2.0,9.0,1.0,6.0,0.75,18.23,LOW
Khamla Square,2021,8,2021-08-01,0,0,0,0.0,0.0,0.0,0.0,0.0,0.0,0.0,0.0,LOW
Shankar Nagar Square,2021,8,2021-08-01,1,0,0,0.0,0.0,1.0,2.0,0.0,2.0,0.167,1.1,LOW
Rachana Ring Road,2021,8,2021-08-01,0,0,0,0.0,0.0,0.0,0.0,0.0,0.0,0.0,0.0,LOW
Gokulpeth Market,2021,8,2021-08-01,0,0,0,0.0,0.0,0.0,0.0,0.0,0.0,0.0,0.0,LOW
Sanvidhan Square,2021,8,2021-08-01,0,0,0,0.0,0.0,0.0,0.0,0.0,0.0,0.0,0.0,LOW
HB Town Square,2021,8,2021-08-01,0,0,0,0.0,0.0,0.0,0.0,0.0,0.0,0.0,0.0,LOW
Sakkardara Square,2021,8,2021-08-01,0,0,0,0.0,0.0,2.0,7.0,1.0,5.0,0.583,0.0,LOW
Kalamna Market Chowk,2021,8,2021-08-01,0,0,0,0.0,0.0,0.0,0.0,0.0,0.0,0.0,0.0,LOW
IT Park Ring Road,2021,8,2021-08-01,0,0,0,0.0,0.0,0.0,0.0,0.0,0.0,0.0,0.0,LOW
Krida Chowk,2021,8,2021-08-01,0,0,0,0.0,0.0,0.0,0.0,0.0,0.0,0.0,0.0,LOW
Airport Square,2021,8,2021-08-01,2,0,2,0.0,0.0,0.0,1.0,0.0,1.0,0.083,5.52,LOW
Subhash Nagar Square,2021,8,2021-08-01,0,0,0,0.0,0.0,0.0,0.0,0.0,0.0,0.0,0.0,LOW
Rambagh Chowk,2021,8,2021-08-01,0,0,0,0.0,0.0,0.0,0.0,0.0,0.0,0.0,0.0,LOW
Medical Square,2021,8,2021-08-01,0,0,0,0.0,0.0,0.0,0.0,0.0,0.0,0.0,0.0,LOW
Chhatrapati Square,2021,8,2021-08-01,0,0,0,0.0,0.0,3.0,11.0,2.0,8.0,0.917,0.0,LOW
Mate Square,2021,8,2021-08-01,0,0,0,0.0,0.0,0.0,0.0,0.0,0.0,0.0,0.0,LOW
Bhande Plot Square,2021,8,2021-08-01,0,0,0,0.0,0.0,0.0,0.0,0.0,0.0,0.0,0.0,LOW
VCA Stadium Chowk,2021,8,2021-08-01,0,0,0,0.0,0.0,0.0,0.0,0.0,0.0,0.0,0.0,LOW
LIC Chowk,2021,8,2021-08-01,10,0,7,3.0,3.0,18.0,81.0,4.0,57.0,6.75,29.28,MEDIUM
KDK College Chowk,2021,8,2021-08-01,0,0,0,0.0,0.0,0.0,0.0,0.0,0.0,0.0,0.0,LOW
Pratap Nagar Square,2021,8,2021-08-01,0,0,0,0.0,0.0,0.0,0.0,0.0,0.0,0.0,0.0,LOW
Deo Nagar Chowk,2021,8,2021-08-01,0,0,0,0.0,0.0,0.0,0.0,0.0,0.0,0.0,0.0,LOW
Itwari Railway Station Square,2021,8,2021-08-01,1,0,0,0.0,0.0,0.0,6.0,1.0,4.0,0.5,1.1,LOW
Japanese Garden Square,2021,8,2021-08-01,0,0,0,0.0,0.0,0.0,0.0,0.0,0.0,0.0,0.0,LOW
Pratap Nagar Square,2021,9,2021-09-01,0,0,0,0.0,0.0,0.0,0.0,0.0,0.0,0.0,0.0,LOW
Manewada Square,2021,9,2021-09-01,0,0,0,0.0,0.0,0.0,0.0,0.0,0.0,0.0,0.0,LOW
LIC Chowk,2021,9,2021-09-01,6,0,3,10.0,10.0,23.0,89.0,4.0,62.0,7.417,18.23,LOW
Kalamna Market Chowk,2021,9,2021-09-01,0,0,0,0.0,0.0,0.0,0.0,0.0,0.0,0.0,0.0,LOW
Medical Square,2021,9,2021-09-01,0,0,0,0.0,0.0,0.0,0.0,0.0,0.0,0.0,0.0,LOW
Nandanvan Main Square,2021,9,2021-09-01,0,0,0,0.0,0.0,0.0,0.0,0.0,0.0,0.0,0.0,LOW
Law College Square,2021,9,2021-09-01,0,0,0,0.0,0.0,0.0,0.0,0.0,0.0,0.0,0.0,LOW
Mate Square,2021,9,2021-09-01,0,0,0,0.0,0.0,0.0,0.0,0.0,0.0,0.0,0.0,LOW
Pardi Naka,2021,9,2021-09-01,0,0,0,0.0,0.0,0.0,0.0,0.0,0.0,0.0,0.0,LOW
KDK College Chowk,2021,9,2021-09-01,0,0,0,0.0,0.0,0.0,0.0,0.0,0.0,0.0,0.0,LOW
Omkar Nagar Square,2021,9,2021-09-01,0,0,0,0.0,0.0,0.0,0.0,0.0,0.0,0.0,0.0,LOW
Krida Chowk,2021,9,2021-09-01,0,0,0,0.0,0.0,0.0,0.0,0.0,0.0,0.0,0.0,LOW
Khamla Square,2021,9,2021-09-01,0,0,0,0.0,0.0,0.0,0.0,0.0,0.0,0.0,0.0,LOW
Rachana Ring Road,2021,9,2021-09-01,0,0,0,0.0,0.0,0.0,0.0,0.0,0.0,0.0,0.0,LOW
Zero Mile Freedom Park,2021,9,2021-09-01,0,0,0,0.0,0.0,0.0,0.0,0.0,0.0,0.0,0.0,LOW
Ram Nagar Square,2021,9,2021-09-01,0,0,0,0.0,0.0,0.0,0.0,0.0,0.0,0.0,0.0,LOW
HB Town Square,2021,9,2021-09-01,0,0,0,0.0,0.0,0.0,0.0,0.0,0.0,0.0,0.0,LOW
Somalwada Square,2021,9,2021-09-01,0,0,0,0.0,0.0,0.0,0.0,0.0,0.0,0.0,0.0,LOW
Gokulpeth Market,2021,9,2021-09-01,0,0,0,0.0,0.0,0.0,0.0,0.0,0.0,0.0,0.0,LOW
Sanvidhan Square,2021,9,2021-09-01,0,0,0,0.0,0.0,0.0,0.0,0.0,0.0,0.0,0.0,LOW
Sitabuldi Interchange,2021,9,2021-09-01,1,0,1,1.0,1.0,2.0,2.0,0.0,2.0,0.167,2.76,LOW
Dharampeth Tower,2021,9,2021-09-01,0,0,0,0.0,0.0,0.0,0.0,0.0,0.0,0.0,0.0,LOW
Japanese Garden Square,2021,9,2021-09-01,0,0,0,0.0,0.0,0.0,0.0,0.0,0.0,0.0,0.0,LOW
Rambagh Chowk,2021,9,2021-09-01,0,0,0,0.0,0.0,0.0,0.0,0.0,0.0,0.0,0.0,LOW
Airport Square,2021,9,2021-09-01,0,0,0,2.0,2.0,2.0,3.0,0.0,3.0,0.25,0.0,LOW
Deo Nagar Chowk,2021,9,2021-09-01,0,0,0,0.0,0.0,0.0,0.0,0.0,0.0,0.0,0.0,LOW
Subhash Nagar Square,2021,9,2021-09-01,0,0,0,0.0,0.0,0.0,0.0,0.0,0.0,0.0,0.0,LOW
Reshimbagh Square,2021,9,2021-09-01,0,0,0,0.0,0.0,0.0,0.0,0.0,0.0,0.0,0.0,LOW
Reserve Bank Chowk,2021,9,2021-09-01,0,0,0,0.0,0.0,0.0,0.0,0.0,0.0,0.0,0.0,LOW
Wardha Road Toll Plaza,2021,9,2021-09-01,0,0,0,0.0,0.0,0.0,0.0,0.0,0.0,0.0,0.0,LOW
Itwari Railway Station Square,2021,9,2021-09-01,1,1,1,1.0,1.0,1.0,7.0,1.0,4.0,0.583,12.71,LOW
Automotive Square,2021,9,2021-09-01,0,0,0,2.0,2.0,2.0,6.0,0.0,6.0,0.5,0.0,LOW
VCA Stadium Chowk,2021,9,2021-09-01,0,0,0,0.0,0.0,0.0,0.0,0.0,0.0,0.0,0.0,LOW
Chhatrapati Square,2021,9,2021-09-01,0,0,0,0.0,0.0,1.0,10.0,2.0,7.0,0.833,0.0,LOW
Shankar Nagar Square,2021,9,2021-09-01,0,0,0,1.0,1.0,1.0,3.0,0.0,2.0,0.25,0.0,LOW
Variety Square,2021,9,2021-09-01,0,0,0,3.0,3.0,5.0,11.0,1.0,7.0,0.917,0.0,LOW
Bhande Plot Square,2021,9,2021-09-01,0,0,0,0.0,0.0,0.0,0.0,0.0,0.0,0.0,0.0,LOW
IT Park Ring Road,2021,9,2021-09-01,0,0,0,0.0,0.0,0.0,0.0,0.0,0.0,0.0,0.0,LOW
Sakkardara Square,2021,9,2021-09-01,0,0,0,0.0,0.0,2.0,6.0,1.0,4.0,0.5,0.0,LOW
Jhansi Rani Square,2021,9,2021-09-01,4,1,3,2.0,2.0,14.0,54.0,2.0,42.0,4.5,16.02,LOW
Zero Mile Freedom Park,2021,10,2021-10-01,0,0,0,0.0,0.0,0.0,0.0,0.0,0.0,0.0,0.0,LOW
Shankar Nagar Square,2021,10,2021-10-01,0,0,0,0.0,0.0,1.0,3.0,0.0,2.0,0.25,0.0,LOW
Sitabuldi Interchange,2021,10,2021-10-01,1,0,0,1.0,1.0,2.0,3.0,0.0,3.0,0.25,1.1,LOW
Wardha Road Toll Plaza,2021,10,2021-10-01,0,0,0,0.0,0.0,0.0,0.0,0.0,0.0,0.0,0.0,LOW
Dharampeth Tower,2021,10,2021-10-01,0,0,0,0.0,0.0,0.0,0.0,0.0,0.0,0.0,0.0,LOW
Sanvidhan Square,2021,10,2021-10-01,0,0,0,0.0,0.0,0.0,0.0,0.0,0.0,0.0,0.0,LOW
KDK College Chowk,2021,10,2021-10-01,0,0,0,0.0,0.0,0.0,0.0,0.0,0.0,0.0,0.0,LOW
Manewada Square,2021,10,2021-10-01,0,0,0,0.0,0.0,0.0,0.0,0.0,0.0,0.0,0.0,LOW
Rambagh Chowk,2021,10,2021-10-01,0,0,0,0.0,0.0,0.0,0.0,0.0,0.0,0.0,0.0,LOW
Reserve Bank Chowk,2021,10,2021-10-01,0,0,0,0.0,0.0,0.0,0.0,0.0,0.0,0.0,0.0,LOW
Khamla Square,2021,10,2021-10-01,0,0,0,0.0,0.0,0.0,0.0,0.0,0.0,0.0,0.0,LOW
Bhande Plot Square,2021,10,2021-10-01,0,0,0,0.0,0.0,0.0,0.0,0.0,0.0,0.0,0.0,LOW
Pratap Nagar Square,2021,10,2021-10-01,0,0,0,0.0,0.0,0.0,0.0,0.0,0.0,0.0,0.0,LOW
Nandanvan Main Square,2021,10,2021-10-01,0,0,0,0.0,0.0,0.0,0.0,0.0,0.0,0.0,0.0,LOW
Variety Square,2021,10,2021-10-01,0,0,0,0.0,0.0,4.0,11.0,1.0,7.0,0.917,0.0,LOW
Itwari Railway Station Square,2021,10,2021-10-01,0,0,0,1.0,1.0,2.0,8.0,2.0,5.0,0.667,0.0,LOW
Japanese Garden Square,2021,10,2021-10-01,0,0,0,0.0,0.0,0.0,0.0,0.0,0.0,0.0,0.0,LOW
Somalwada Square,2021,10,2021-10-01,0,0,0,0.0,0.0,0.0,0.0,0.0,0.0,0.0,0.0,LOW
Gokulpeth Market,2021,10,2021-10-01,0,0,0,0.0,0.0,0.0,0.0,0.0,0.0,0.0,0.0,LOW
Subhash Nagar Square,2021,10,2021-10-01,0,0,0,0.0,0.0,0.0,0.0,0.0,0.0,0.0,0.0,LOW
Jhansi Rani Square,2021,10,2021-10-01,3,0,3,4.0,4.0,11.0,57.0,3.0,44.0,4.75,11.6,LOW
Kalamna Market Chowk,2021,10,2021-10-01,0,0,0,0.0,0.0,0.0,0.0,0.0,0.0,0.0,0.0,LOW
Sakkardara Square,2021,10,2021-10-01,1,0,0,0.0,0.0,0.0,6.0,1.0,4.0,0.5,1.1,LOW
Reshimbagh Square,2021,10,2021-10-01,0,0,0,0.0,0.0,0.0,0.0,0.0,0.0,0.0,0.0,LOW
Automotive Square,2021,10,2021-10-01,0,0,0,0.0,0.0,2.0,5.0,0.0,5.0,0.417,0.0,LOW
Ram Nagar Square,2021,10,2021-10-01,0,0,0,0.0,0.0,0.0,0.0,0.0,0.0,0.0,0.0,LOW
Deo Nagar Chowk,2021,10,2021-10-01,0,0,0,0.0,0.0,0.0,0.0,0.0,0.0,0.0,0.0,LOW
Mate Square,2021,10,2021-10-01,0,0,0,0.0,0.0,0.0,0.0,0.0,0.0,0.0,0.0,LOW
Pardi Naka,2021,10,2021-10-01,0,0,0,0.0,0.0,0.0,0.0,0.0,0.0,0.0,0.0,LOW
LIC Chowk,2021,10,2021-10-01,4,0,3,6.0,6.0,19.0,88.0,4.0,61.0,7.333,12.71,LOW
Medical Square,2021,10,2021-10-01,0,0,0,0.0,0.0,0.0,0.0,0.0,0.0,0.0,0.0,LOW
IT Park Ring Road,2021,10,2021-10-01,0,0,0,0.0,0.0,0.0,0.0,0.0,0.0,0.0,0.0,LOW
Omkar Nagar Square,2021,10,2021-10-01,0,0,0,0.0,0.0,0.0,0.0,0.0,0.0,0.0,0.0,LOW
Krida Chowk,2021,10,2021-10-01,0,0,0,0.0,0.0,0.0,0.0,0.0,0.0,0.0,0.0,LOW
VCA Stadium Chowk,2021,10,2021-10-01,0,0,0,0.0,0.0,0.0,0.0,0.0,0.0,0.0,0.0,LOW
Law College Square,2021,10,2021-10-01,0,0,0,0.0,0.0,0.0,0.0,0.0,0.0,0.0,0.0,LOW
Airport Square,2021,10,2021-10-01,0,0,0,0.0,0.0,2.0,3.0,0.0,3.0,0.25,0.0,LOW
HB Town Square,2021,10,2021-10-01,0,0,0,0.0,0.0,0.0,0.0,0.0,0.0,0.0,0.0,LOW
Chhatrapati Square,2021,10,2021-10-01,1,0,1,0.0,0.0,0.0,10.0,2.0,7.0,0.833,6.08,LOW
Rachana Ring Road,2021,10,2021-10-01,0,0,0,0.0,0.0,0.0,0.0,0.0,0.0,0.0,0.0,LOW
Gokulpeth Market,2021,11,2021-11-01,0,0,0,0.0,0.0,0.0,0.0,0.0,0.0,0.0,0.0,LOW
IT Park Ring Road,2021,11,2021-11-01,0,0,0,0.0,0.0,0.0,0.0,0.0,0.0,0.0,0.0,LOW
Variety Square,2021,11,2021-11-01,0,0,0,0.0,0.0,3.0,11.0,1.0,7.0,0.917,0.0,LOW
Itwari Railway Station Square,2021,11,2021-11-01,0,0,0,0.0,0.0,2.0,6.0,2.0,4.0,0.5,0.0,LOW
Kalamna Market Chowk,2021,11,2021-11-01,0,0,0,0.0,0.0,0.0,0.0,0.0,0.0,0.0,0.0,LOW
Reserve Bank Chowk,2021,11,2021-11-01,0,0,0,0.0,0.0,0.0,0.0,0.0,0.0,0.0,0.0,LOW
Pardi Naka,2021,11,2021-11-01,0,0,0,0.0,0.0,0.0,0.0,0.0,0.0,0.0,0.0,LOW
Omkar Nagar Square,2021,11,2021-11-01,0,0,0,0.0,0.0,0.0,0.0,0.0,0.0,0.0,0.0,LOW
Sanvidhan Square,2021,11,2021-11-01,0,0,0,0.0,0.0,0.0,0.0,0.0,0.0,0.0,0.0,LOW
HB Town Square,2021,11,2021-11-01,0,0,0,0.0,0.0,0.0,0.0,0.0,0.0,0.0,0.0,LOW
Automotive Square,2021,11,2021-11-01,0,0,0,0.0,0.0,2.0,5.0,0.0,5.0,0.417,0.0,LOW
Sakkardara Square,2021,11,2021-11-01,1,0,1,1.0,1.0,1.0,7.0,1.0,4.0,0.583,2.76,LOW
VCA Stadium Chowk,2021,11,2021-11-01,0,0,0,0.0,0.0,0.0,0.0,0.0,0.0,0.0,0.0,LOW
Airport Square,2021,11,2021-11-01,0,0,0,0.0,0.0,2.0,2.0,0.0,2.0,0.167,0.0,LOW
Bhande Plot Square,2021,11,2021-11-01,0,0,0,0.0,0.0,0.0,0.0,0.0,0.0,0.0,0.0,LOW
Subhash Nagar Square,2021,11,2021-11-01,0,0,0,0.0,0.0,0.0,0.0,0.0,0.0,0.0,0.0,LOW
Medical Square,2021,11,2021-11-01,0,0,0,0.0,0.0,0.0,0.0,0.0,0.0,0.0,0.0,LOW
Krida Chowk,2021,11,2021-11-01,0,0,0,0.0,0.0,0.0,0.0,0.0,0.0,0.0,0.0,LOW
Law College Square,2021,11,2021-11-01,0,0,0,0.0,0.0,0.0,0.0,0.0,0.0,0.0,0.0,LOW
Shankar Nagar Square,2021,11,2021-11-01,1,0,1,0.0,0.0,1.0,3.0,0.0,2.0,0.25,4.42,LOW
Somalwada Square,2021,11,2021-11-01,0,0,0,0.0,0.0,0.0,0.0,0.0,0.0,0.0,0.0,LOW
LIC Chowk,2021,11,2021-11-01,13,0,8,4.0,4.0,20.0,85.0,3.0,60.0,7.083,40.88,MEDIUM
Sitabuldi Interchange,2021,11,2021-11-01,2,0,0,1.0,1.0,3.0,4.0,0.0,3.0,0.333,2.21,LOW
Rachana Ring Road,2021,11,2021-11-01,0,0,0,0.0,0.0,0.0,0.0,0.0,0.0,0.0,0.0,LOW
Pratap Nagar Square,2021,11,2021-11-01,0,0,0,0.0,0.0,0.0,0.0,0.0,0.0,0.0,0.0,LOW
Deo Nagar Chowk,2021,11,2021-11-01,0,0,0,0.0,0.0,0.0,0.0,0.0,0.0,0.0,0.0,LOW
Dharampeth Tower,2021,11,2021-11-01,0,0,0,0.0,0.0,0.0,0.0,0.0,0.0,0.0,0.0,LOW
Japanese Garden Square,2021,11,2021-11-01,0,0,0,0.0,0.0,0.0,0.0,0.0,0.0,0.0,0.0,LOW
Ram Nagar Square,2021,11,2021-11-01,0,0,0,0.0,0.0,0.0,0.0,0.0,0.0,0.0,0.0,LOW
Rambagh Chowk,2021,11,2021-11-01,0,0,0,0.0,0.0,0.0,0.0,0.0,0.0,0.0,0.0,LOW
Chhatrapati Square,2021,11,2021-11-01,1,0,1,1.0,1.0,1.0,9.0,1.0,6.0,0.75,2.76,LOW
Nandanvan Main Square,2021,11,2021-11-01,0,0,0,0.0,0.0,0.0,0.0,0.0,0.0,0.0,0.0,LOW
Zero Mile Freedom Park,2021,11,2021-11-01,0,0,0,0.0,0.0,0.0,0.0,0.0,0.0,0.0,0.0,LOW
Reshimbagh Square,2021,11,2021-11-01,0,0,0,0.0,0.0,0.0,0.0,0.0,0.0,0.0,0.0,LOW
Manewada Square,2021,11,2021-11-01,0,0,0,0.0,0.0,0.0,0.0,0.0,0.0,0.0,0.0,LOW
Jhansi Rani Square,2021,11,2021-11-01,5,0,5,3.0,3.0,9.0,51.0,2.0,40.0,4.25,17.13,LOW
Mate Square,2021,11,2021-11-01,0,0,0,0.0,0.0,0.0,0.0,0.0,0.0,0.0,0.0,LOW
Khamla Square,2021,11,2021-11-01,0,0,0,0.0,0.0,0.0,0.0,0.0,0.0,0.0,0.0,LOW
Wardha Road Toll Plaza,2021,11,2021-11-01,0,0,0,0.0,0.0,0.0,0.0,0.0,0.0,0.0,0.0,LOW
KDK College Chowk,2021,11,2021-11-01,0,0,0,0.0,0.0,0.0,0.0,0.0,0.0,0.0,0.0,LOW
Subhash Nagar Square,2021,12,2021-12-01,0,0,0,0.0,0.0,0.0,0.0,0.0,0.0,0.0,0.0,LOW
Kalamna Market Chowk,2021,12,2021-12-01,0,0,0,0.0,0.0,0.0,0.0,0.0,0.0,0.0,0.0,LOW
Chhatrapati Square,2021,12,2021-12-01,0,0,0,1.0,1.0,2.0,9.0,1.0,6.0,0.75,0.0,LOW
Sakkardara Square,2021,12,2021-12-01,1,0,1,1.0,1.0,2.0,8.0,1.0,5.0,0.667,2.76,LOW
Mate Square,2021,12,2021-12-01,0,0,0,0.0,0.0,0.0,0.0,0.0,0.0,0.0,0.0,LOW
VCA Stadium Chowk,2021,12,2021-12-01,0,0,0,0.0,0.0,0.0,0.0,0.0,0.0,0.0,0.0,LOW
LIC Chowk,2021,12,2021-12-01,5,0,3,13.0,13.0,23.0,87.0,2.0,61.0,7.25,15.47,LOW
Shankar Nagar Square,2021,12,2021-12-01,0,0,0,1.0,1.0,1.0,4.0,0.0,3.0,0.333,0.0,LOW
Somalwada Square,2021,12,2021-12-01,0,0,0,0.0,0.0,0.0,0.0,0.0,0.0,0.0,0.0,LOW
Omkar Nagar Square,2021,12,2021-12-01,0,0,0,0.0,0.0,0.0,0.0,0.0,0.0,0.0,0.0,LOW
Deo Nagar Chowk,2021,12,2021-12-01,0,0,0,0.0,0.0,0.0,0.0,0.0,0.0,0.0,0.0,LOW
Krida Chowk,2021,12,2021-12-01,0,0,0,0.0,0.0,0.0,0.0,0.0,0.0,0.0,0.0,LOW
Sitabuldi Interchange,2021,12,2021-12-01,1,0,1,2.0,2.0,4.0,6.0,0.0,3.0,0.5,4.42,LOW
Medical Square,2021,12,2021-12-01,0,0,0,0.0,0.0,0.0,0.0,0.0,0.0,0.0,0.0,LOW
Bhande Plot Square,2021,12,2021-12-01,0,0,0,0.0,0.0,0.0,0.0,0.0,0.0,0.0,0.0,LOW
Airport Square,2021,12,2021-12-01,0,0,0,0.0,0.0,0.0,2.0,0.0,2.0,0.167,0.0,LOW
Sanvidhan Square,2021,12,2021-12-01,0,0,0,0.0,0.0,0.0,0.0,0.0,0.0,0.0,0.0,LOW
Dharampeth Tower,2021,12,2021-12-01,0,0,0,0.0,0.0,0.0,0.0,0.0,0.0,0.0,0.0,LOW
Nandanvan Main Square,2021,12,2021-12-01,0,0,0,0.0,0.0,0.0,0.0,0.0,0.0,0.0,0.0,LOW
Khamla Square,2021,12,2021-12-01,0,0,0,0.0,0.0,0.0,0.0,0.0,0.0,0.0,0.0,LOW
Gokulpeth Market,2021,12,2021-12-01,0,0,0,0.0,0.0,0.0,0.0,0.0,0.0,0.0,0.0,LOW
Variety Square,2021,12,2021-12-01,0,0,0,0.0,0.0,0.0,11.0,1.0,7.0,0.917,0.0,LOW
Manewada Square,2021,12,2021-12-01,0,0,0,0.0,0.0,0.0,0.0,0.0,0.0,0.0,0.0,LOW
Jhansi Rani Square,2021,12,2021-12-01,2,0,1,5.0,5.0,12.0,52.0,1.0,43.0,4.333,3.87,LOW
HB Town Square,2021,12,2021-12-01,0,0,0,0.0,0.0,0.0,0.0,0.0,0.0,0.0,0.0,LOW
Automotive Square,2021,12,2021-12-01,1,0,1,0.0,0.0,0.0,5.0,0.0,5.0,0.417,6.08,LOW
Pardi Naka,2021,12,2021-12-01,0,0,0,0.0,0.0,0.0,0.0,0.0,0.0,0.0,0.0,LOW
Law College Square,2021,12,2021-12-01,0,0,0,0.0,0.0,0.0,0.0,0.0,0.0,0.0,0.0,LOW
Pratap Nagar Square,2021,12,2021-12-01,0,0,0,0.0,0.0,0.0,0.0,0.0,0.0,0.0,0.0,LOW
Japanese Garden Square,2021,12,2021-12-01,0,0,0,0.0,0.0,0.0,0.0,0.0,0.0,0.0,0.0,LOW
Rambagh Chowk,2021,12,2021-12-01,0,0,0,0.0,0.0,0.0,0.0,0.0,0.0,0.0,0.0,LOW
Ram Nagar Square,2021,12,2021-12-01,0,0,0,0.0,0.0,0.0,0.0,0.0,0.0,0.0,0.0,LOW
KDK College Chowk,2021,12,2021-12-01,0,0,0,0.0,0.0,0.0,0.0,0.0,0.0,0.0,0.0,LOW
Rachana Ring Road,2021,12,2021-12-01,0,0,0,0.0,0.0,0.0,0.0,0.0,0.0,0.0,0.0,LOW
Itwari Railway Station Square,2021,12,2021-12-01,0,0,0,0.0,0.0,1.0,5.0,2.0,4.0,0.417,0.0,LOW
Reserve Bank Chowk,2021,12,2021-12-01,0,0,0,0.0,0.0,0.0,0.0,0.0,0.0,0.0,0.0,LOW
Zero Mile Freedom Park,2021,12,2021-12-01,0,0,0,0.0,0.0,0.0,0.0,0.0,0.0,0.0,0.0,LOW
Wardha Road Toll Plaza,2021,12,2021-12-01,0,0,0,0.0,0.0,0.0,0.0,0.0,0.0,0.0,0.0,LOW
IT Park Ring Road,2021,12,2021-12-01,0,0,0,0.0,0.0,0.0,0.0,0.0,0.0,0.0,0.0,LOW
Reshimbagh Square,2021,12,2021-12-01,0,0,0,0.0,0.0,0.0,0.0,0.0,0.0,0.0,0.0,LOW
Nandanvan Main Square,2022,1,2022-01-01,0,0,0,0.0,0.0,0.0,0.0,0.0,0.0,0.0,0.0,LOW
Shankar Nagar Square,2022,1,2022-01-01,1,0,1,0.0,0.0,1.0,4.0,0.0,3.0,0.333,2.76,LOW
Pardi Naka,2022,1,2022-01-01,0,0,0,0.0,0.0,0.0,0.0,0.0,0.0,0.0,0.0,LOW
Pratap Nagar Square,2022,1,2022-01-01,0,0,0,0.0,0.0,0.0,0.0,0.0,0.0,0.0,0.0,LOW
Medical Square,2022,1,2022-01-01,0,0,0,0.0,0.0,0.0,0.0,0.0,0.0,0.0,0.0,LOW
HB Town Square,2022,1,2022-01-01,0,0,0,0.0,0.0,0.0,0.0,0.0,0.0,0.0,0.0,LOW
Bhande Plot Square,2022,1,2022-01-01,0,0,0,0.0,0.0,0.0,0.0,0.0,0.0,0.0,0.0,LOW
Gokulpeth Market,2022,1,2022-01-01,0,0,0,0.0,0.0,0.0,0.0,0.0,0.0,0.0,0.0,LOW
Wardha Road Toll Plaza,2022,1,2022-01-01,0,0,0,0.0,0.0,0.0,0.0,0.0,0.0,0.0,0.0,LOW
Itwari Railway Station Square,2022,1,2022-01-01,1,0,0,0.0,0.0,0.0,5.0,2.0,4.0,0.417,1.1,LOW
Airport Square,2022,1,2022-01-01,0,0,0,0.0,0.0,0.0,2.0,0.0,2.0,0.167,0.0,LOW
Khamla Square,2022,1,2022-01-01,0,0,0,0.0,0.0,0.0,0.0,0.0,0.0,0.0,0.0,LOW
Dharampeth Tower,2022,1,2022-01-01,0,0,0,0.0,0.0,0.0,0.0,0.0,0.0,0.0,0.0,LOW
Reserve Bank Chowk,2022,1,2022-01-01,0,0,0,0.0,0.0,0.0,0.0,0.0,0.0,0.0,0.0,LOW
Sanvidhan Square,2022,1,2022-01-01,0,0,0,0.0,0.0,0.0,0.0,0.0,0.0,0.0,0.0,LOW
Manewada Square,2022,1,2022-01-01,0,0,0,0.0,0.0,0.0,0.0,0.0,0.0,0.0,0.0,LOW
Rambagh Chowk,2022,1,2022-01-01,0,0,0,0.0,0.0,0.0,0.0,0.0,0.0,0.0,0.0,LOW
Reshimbagh Square,2022,1,2022-01-01,0,0,0,0.0,0.0,0.0,0.0,0.0,0.0,0.0,0.0,LOW
Japanese Garden Square,2022,1,2022-01-01,0,0,0,0.0,0.0,0.0,0.0,0.0,0.0,0.0,0.0,LOW
Sitabuldi Interchange,2022,1,2022-01-01,1,0,1,1.0,1.0,4.0,7.0,0.0,4.0,0.583,6.08,LOW
Omkar Nagar Square,2022,1,2022-01-01,0,0,0,0.0,0.0,0.0,0.0,0.0,0.0,0.0,0.0,LOW
Kalamna Market Chowk,2022,1,2022-01-01,0,0,0,0.0,0.0,0.0,0.0,0.0,0.0,0.0,0.0,LOW
Jhansi Rani Square,2022,1,2022-01-01,8,0,3,2.0,2.0,10.0,47.0,1.0,38.0,3.917,13.81,LOW
Chhatrapati Square,2022,1,2022-01-01,1,0,1,0.0,0.0,2.0,9.0,1.0,6.0,0.75,2.76,LOW
VCA Stadium Chowk,2022,1,2022-01-01,0,0,0,0.0,0.0,0.0,0.0,0.0,0.0,0.0,0.0,LOW
IT Park Ring Road,2022,1,2022-01-01,0,0,0,0.0,0.0,0.0,0.0,0.0,0.0,0.0,0.0,LOW
Rachana Ring Road,2022,1,2022-01-01,0,0,0,0.0,0.0,0.0,0.0,0.0,0.0,0.0,0.0,LOW
Sakkardara Square,2022,1,2022-01-01,1,0,0,1.0,1.0,3.0,7.0,1.0,4.0,0.583,1.1,LOW
Mate Square,2022,1,2022-01-01,0,0,0,0.0,0.0,0.0,0.0,0.0,0.0,0.0,0.0,LOW
LIC Chowk,2022,1,2022-01-01,9,0,5,5.0,5.0,22.0,81.0,1.0,56.0,6.75,29.83,MEDIUM
Subhash Nagar Square,2022,1,2022-01-01,0,0,0,0.0,0.0,0.0,0.0,0.0,0.0,0.0,0.0,LOW
Zero Mile Freedom Park,2022,1,2022-01-01,0,0,0,0.0,0.0,0.0,0.0,0.0,0.0,0.0,0.0,LOW
Ram Nagar Square,2022,1,2022-01-01,0,0,0,0.0,0.0,0.0,0.0,0.0,0.0,0.0,0.0,LOW
KDK College Chowk,2022,1,2022-01-01,0,0,0,0.0,0.0,0.0,0.0,0.0,0.0,0.0,0.0,LOW
Law College Square,2022,1,2022-01-01,0,0,0,0.0,0.0,0.0,0.0,0.0,0.0,0.0,0.0,LOW
Somalwada Square,2022,1,2022-01-01,0,0,0,0.0,0.0,0.0,0.0,0.0,0.0,0.0,0.0,LOW
Automotive Square,2022,1,2022-01-01,0,0,0,1.0,1.0,1.0,6.0,0.0,6.0,0.5,0.0,LOW
Variety Square,2022,1,2022-01-01,1,0,1,0.0,0.0,0.0,10.0,1.0,7.0,0.833,7.73,LOW
Krida Chowk,2022,1,2022-01-01,0,0,0,0.0,0.0,0.0,0.0,0.0,0.0,0.0,0.0,LOW
Deo Nagar Chowk,2022,1,2022-01-01,0,0,0,0.0,0.0,0.0,0.0,0.0,0.0,0.0,0.0,LOW
Shankar Nagar Square,2022,2,2022-02-01,0,0,0,1.0,1.0,2.0,5.0,0.0,4.0,0.417,0.0,LOW
Jhansi Rani Square,2022,2,2022-02-01,4,0,1,8.0,8.0,15.0,51.0,1.0,37.0,4.25,11.05,LOW
Chhatrapati Square,2022,2,2022-02-01,0,0,0,1.0,1.0,2.0,10.0,1.0,7.0,0.833,0.0,LOW
VCA Stadium Chowk,2022,2,2022-02-01,0,0,0,0.0,0.0,0.0,0.0,0.0,0.0,0.0,0.0,LOW
Khamla Square,2022,2,2022-02-01,0,0,0,0.0,0.0,0.0,0.0,0.0,0.0,0.0,0.0,LOW
Wardha Road Toll Plaza,2022,2,2022-02-01,0,0,0,0.0,0.0,0.0,0.0,0.0,0.0,0.0,0.0,LOW
Somalwada Square,2022,2,2022-02-01,0,0,0,0.0,0.0,0.0,0.0,0.0,0.0,0.0,0.0,LOW
Manewada Square,2022,2,2022-02-01,0,0,0,0.0,0.0,0.0,0.0,0.0,0.0,0.0,0.0,LOW
Nandanvan Main Square,2022,2,2022-02-01,0,0,0,0.0,0.0,0.0,0.0,0.0,0.0,0.0,0.0,LOW
Japanese Garden Square,2022,2,2022-02-01,0,0,0,0.0,0.0,0.0,0.0,0.0,0.0,0.0,0.0,LOW
Pratap Nagar Square,2022,2,2022-02-01,0,0,0,0.0,0.0,0.0,0.0,0.0,0.0,0.0,0.0,LOW
Rambagh Chowk,2022,2,2022-02-01,0,0,0,0.0,0.0,0.0,0.0,0.0,0.0,0.0,0.0,LOW
Law College Square,2022,2,2022-02-01,0,0,0,0.0,0.0,0.0,0.0,0.0,0.0,0.0,0.0,LOW
Mate Square,2022,2,2022-02-01,0,0,0,0.0,0.0,0.0,0.0,0.0,0.0,0.0,0.0,LOW
Dharampeth Tower,2022,2,2022-02-01,0,0,0,0.0,0.0,0.0,0.0,0.0,0.0,0.0,0.0,LOW
Bhande Plot Square,2022,2,2022-02-01,0,0,0,0.0,0.0,0.0,0.0,0.0,0.0,0.0,0.0,LOW
Subhash Nagar Square,2022,2,2022-02-01,0,0,0,0.0,0.0,0.0,0.0,0.0,0.0,0.0,0.0,LOW
Krida Chowk,2022,2,2022-02-01,0,0,0,0.0,0.0,0.0,0.0,0.0,0.0,0.0,0.0,LOW
LIC Chowk,2022,2,2022-02-01,17,0,10,9.0,9.0,27.0,83.0,1.0,55.0,6.917,46.96,MEDIUM
Medical Square,2022,2,2022-02-01,0,0,0,0.0,0.0,0.0,0.0,0.0,0.0,0.0,0.0,LOW
Deo Nagar Chowk,2022,2,2022-02-01,0,0,0,0.0,0.0,0.0,0.0,0.0,0.0,0.0,0.0,LOW
Ram Nagar Square,2022,2,2022-02-01,0,0,0,0.0,0.0,0.0,0.0,0.0,0.0,0.0,0.0,LOW
Rachana Ring Road,2022,2,2022-02-01,0,0,0,0.0,0.0,0.0,0.0,0.0,0.0,0.0,0.0,LOW
Sitabuldi Interchange,2022,2,2022-02-01,0,0,0,1.0,1.0,4.0,8.0,0.0,5.0,0.667,0.0,LOW
Reshimbagh Square,2022,2,2022-02-01,0,0,0,0.0,0.0,0.0,0.0,0.0,0.0,0.0,0.0,LOW
Variety Square,2022,2,2022-02-01,0,0,0,1.0,1.0,1.0,11.0,1.0,8.0,0.917,0.0,LOW
Reserve Bank Chowk,2022,2,2022-02-01,0,0,0,0.0,0.0,0.0,0.0,0.0,0.0,0.0,0.0,LOW
Sanvidhan Square,2022,2,2022-02-01,0,0,0,0.0,0.0,0.0,0.0,0.0,0.0,0.0,0.0,LOW
Pardi Naka,2022,2,2022-02-01,0,0,0,0.0,0.0,0.0,0.0,0.0,0.0,0.0,0.0,LOW
HB Town Square,2022,2,2022-02-01,0,0,0,0.0,0.0,0.0,0.0,0.0,0.0,0.0,0.0,LOW
Omkar Nagar Square,2022,2,2022-02-01,0,0,0,0.0,0.0,0.0,0.0,0.0,0.0,0.0,0.0,LOW
KDK College Chowk,2022,2,2022-02-01,0,0,0,0.0,0.0,0.0,0.0,0.0,0.0,0.0,0.0,LOW
Zero Mile Freedom Park,2022,2,2022-02-01,0,0,0,0.0,0.0,0.0,0.0,0.0,0.0,0.0,0.0,LOW
Sakkardara Square,2022,2,2022-02-01,0,0,0,1.0,1.0,3.0,8.0,1.0,4.0,0.667,0.0,LOW
Itwari Railway Station Square,2022,2,2022-02-01,1,0,1,1.0,1.0,1.0,5.0,2.0,3.0,0.417,6.08,LOW
Automotive Square,2022,2,2022-02-01,1,0,0,0.0,0.0,1.0,5.0,0.0,5.0,0.417,1.1,LOW
Kalamna Market Chowk,2022,2,2022-02-01,0,0,0,0.0,0.0,0.0,0.0,0.0,0.0,0.0,0.0,LOW
Airport Square,2022,2,2022-02-01,0,0,0,0.0,0.0,0.0,2.0,0.0,2.0,0.167,0.0,LOW
IT Park Ring Road,2022,2,2022-02-01,0,0,0,0.0,0.0,0.0,0.0,0.0,0.0,0.0,0.0,LOW
Gokulpeth Market,2022,2,2022-02-01,0,0,0,0.0,0.0,0.0,0.0,0.0,0.0,0.0,0.0,LOW
Kalamna Market Chowk,2022,3,2022-03-01,0,0,0,0.0,0.0,0.0,0.0,0.0,0.0,0.0,0.0,LOW
Medical Square,2022,3,2022-03-01,0,0,0,0.0,0.0,0.0,0.0,0.0,0.0,0.0,0.0,LOW
Reshimbagh Square,2022,3,2022-03-01,0,0,0,0.0,0.0,0.0,0.0,0.0,0.0,0.0,0.0,LOW
Jhansi Rani Square,2022,3,2022-03-01,3,0,3,4.0,4.0,14.0,49.0,1.0,33.0,4.083,16.57,LOW
Chhatrapati Square,2022,3,2022-03-01,0,0,0,0.0,0.0,1.0,7.0,0.0,5.0,0.583,0.0,LOW
VCA Stadium Chowk,2022,3,2022-03-01,0,0,0,0.0,0.0,0.0,0.0,0.0,0.0,0.0,0.0,LOW
HB Town Square,2022,3,2022-03-01,0,0,0,0.0,0.0,0.0,0.0,0.0,0.0,0.0,0.0,LOW
Pratap Nagar Square,2022,3,2022-03-01,0,0,0,0.0,0.0,0.0,0.0,0.0,0.0,0.0,0.0,LOW
Subhash Nagar Square,2022,3,2022-03-01,0,0,0,0.0,0.0,0.0,0.0,0.0,0.0,0.0,0.0,LOW
Omkar Nagar Square,2022,3,2022-03-01,0,0,0,0.0,0.0,0.0,0.0,0.0,0.0,0.0,0.0,LOW
Sitabuldi Interchange,2022,3,2022-03-01,0,0,0,0.0,0.0,2.0,8.0,0.0,5.0,0.667,0.0,LOW
Bhande Plot Square,2022,3,2022-03-01,0,0,0,0.0,0.0,0.0,0.0,0.0,0.0,0.0,0.0,LOW
Zero Mile Freedom Park,2022,3,2022-03-01,0,0,0,0.0,0.0,0.0,0.0,0.0,0.0,0.0,0.0,LOW
Variety Square,2022,3,2022-03-01,1,0,1,0.0,0.0,1.0,6.0,1.0,5.0,0.5,6.08,LOW
Krida Chowk,2022,3,2022-03-01,0,0,0,0.0,0.0,0.0,0.0,0.0,0.0,0.0,0.0,LOW
Law College Square,2022,3,2022-03-01,0,0,0,0.0,0.0,0.0,0.0,0.0,0.0,0.0,0.0,LOW
Deo Nagar Chowk,2022,3,2022-03-01,0,0,0,0.0,0.0,0.0,0.0,0.0,0.0,0.0,0.0,LOW
Ram Nagar Square,2022,3,2022-03-01,0,0,0,0.0,0.0,0.0,0.0,0.0,0.0,0.0,0.0,LOW
Rachana Ring Road,2022,3,2022-03-01,0,0,0,0.0,0.0,0.0,0.0,0.0,0.0,0.0,0.0,LOW
Pardi Naka,2022,3,2022-03-01,0,0,0,0.0,0.0,0.0,0.0,0.0,0.0,0.0,0.0,LOW
Sakkardara Square,2022,3,2022-03-01,0,0,0,0.0,0.0,2.0,7.0,1.0,4.0,0.583,0.0,LOW
Somalwada Square,2022,3,2022-03-01,0,0,0,0.0,0.0,0.0,0.0,0.0,0.0,0.0,0.0,LOW
IT Park Ring Road,2022,3,2022-03-01,0,0,0,0.0,0.0,0.0,0.0,0.0,0.0,0.0,0.0,LOW
LIC Chowk,2022,3,2022-03-01,15,3,11,17.0,17.0,31.0,90.0,1.0,57.0,7.5,67.96,HIGH
Mate Square,2022,3,2022-03-01,0,0,0,0.0,0.0,0.0,0.0,0.0,0.0,0.0,0.0,LOW
Automotive Square,2022,3,2022-03-01,0,0,0,1.0,1.0,2.0,6.0,0.0,5.0,0.5,0.0,LOW
Japanese Garden Square,2022,3,2022-03-01,0,0,0,0.0,0.0,0.0,0.0,0.0,0.0,0.0,0.0,LOW
KDK College Chowk,2022,3,2022-03-01,0,0,0,0.0,0.0,0.0,0.0,0.0,0.0,0.0,0.0,LOW
Wardha Road Toll Plaza,2022,3,2022-03-01,0,0,0,0.0,0.0,0.0,0.0,0.0,0.0,0.0,0.0,LOW
Gokulpeth Market,2022,3,2022-03-01,0,0,0,0.0,0.0,0.0,0.0,0.0,0.0,0.0,0.0,LOW
Manewada Square,2022,3,2022-03-01,0,0,0,0.0,0.0,0.0,0.0,0.0,0.0,0.0,0.0,LOW
Sanvidhan Square,2022,3,2022-03-01,0,0,0,0.0,0.0,0.0,0.0,0.0,0.0,0.0,0.0,LOW
Nandanvan Main Square,2022,3,2022-03-01,0,0,0,0.0,0.0,0.0,0.0,0.0,0.0,0.0,0.0,LOW
Rambagh Chowk,2022,3,2022-03-01,0,0,0,0.0,0.0,0.0,0.0,0.0,0.0,0.0,0.0,LOW
Reserve Bank Chowk,2022,3,2022-03-01,0,0,0,0.0,0.0,0.0,0.0,0.0,0.0,0.0,0.0,LOW
Dharampeth Tower,2022,3,2022-03-01,0,0,0,0.0,0.0,0.0,0.0,0.0,0.0,0.0,0.0,LOW
Shankar Nagar Square,2022,3,2022-03-01,0,0,0,0.0,0.0,1.0,5.0,0.0,4.0,0.417,0.0,LOW
Itwari Railway Station Square,2022,3,2022-03-01,0,0,0,1.0,1.0,2.0,5.0,1.0,3.0,0.417,0.0,LOW
Airport Square,2022,3,2022-03-01,0,0,0,0.0,0.0,0.0,2.0,0.0,2.0,0.167,0.0,LOW
Khamla Square,2022,3,2022-03-01,0,0,0,0.0,0.0,0.0,0.0,0.0,0.0,0.0,0.0,LOW
VCA Stadium Chowk,2022,4,2022-04-01,0,0,0,0.0,0.0,0.0,0.0,0.0,0.0,0.0,0.0,LOW
Subhash Nagar Square,2022,4,2022-04-01,0,0,0,0.0,0.0,0.0,0.0,0.0,0.0,0.0,0.0,LOW
Itwari Railway Station Square,2022,4,2022-04-01,0,0,0,0.0,0.0,2.0,4.0,1.0,2.0,0.333,0.0,LOW
Variety Square,2022,4,2022-04-01,0,0,0,1.0,1.0,2.0,7.0,1.0,6.0,0.583,0.0,LOW
Shankar Nagar Square,2022,4,2022-04-01,0,0,0,0.0,0.0,1.0,5.0,0.0,4.0,0.417,0.0,LOW
Gokulpeth Market,2022,4,2022-04-01,0,0,0,0.0,0.0,0.0,0.0,0.0,0.0,0.0,0.0,LOW
Krida Chowk,2022,4,2022-04-01,0,0,0,0.0,0.0,0.0,0.0,0.0,0.0,0.0,0.0,LOW
Rambagh Chowk,2022,4,2022-04-01,0,0,0,0.0,0.0,0.0,0.0,0.0,0.0,0.0,0.0,LOW
Sakkardara Square,2022,4,2022-04-01,0,0,0,0.0,0.0,1.0,7.0,1.0,4.0,0.583,0.0,LOW
Nandanvan Main Square,2022,4,2022-04-01,0,0,0,0.0,0.0,0.0,0.0,0.0,0.0,0.0,0.0,LOW
Khamla Square,2022,4,2022-04-01,0,0,0,0.0,0.0,0.0,0.0,0.0,0.0,0.0,0.0,LOW
Mate Square,2022,4,2022-04-01,0,0,0,0.0,0.0,0.0,0.0,0.0,0.0,0.0,0.0,LOW
Somalwada Square,2022,4,2022-04-01,0,0,0,0.0,0.0,0.0,0.0,0.0,0.0,0.0,0.0,LOW
LIC Chowk,2022,4,2022-04-01,6,0,4,15.0,15.0,41.0,100.0,4.0,65.0,8.333,14.92,LOW
Rachana Ring Road,2022,4,2022-04-01,0,0,0,0.0,0.0,0.0,0.0,0.0,0.0,0.0,0.0,LOW
Law College Square,2022,4,2022-04-01,0,0,0,0.0,0.0,0.0,0.0,0.0,0.0,0.0,0.0,LOW
IT Park Ring Road,2022,4,2022-04-01,0,0,0,0.0,0.0,0.0,0.0,0.0,0.0,0.0,0.0,LOW
Ram Nagar Square,2022,4,2022-04-01,0,0,0,0.0,0.0,0.0,0.0,0.0,0.0,0.0,0.0,LOW
Deo Nagar Chowk,2022,4,2022-04-01,0,0,0,0.0,0.0,0.0,0.0,0.0,0.0,0.0,0.0,LOW
Airport Square,2022,4,2022-04-01,1,0,1,0.0,0.0,0.0,2.0,0.0,2.0,0.167,4.42,LOW
Japanese Garden Square,2022,4,2022-04-01,0,0,0,0.0,0.0,0.0,0.0,0.0,0.0,0.0,0.0,LOW
Zero Mile Freedom Park,2022,4,2022-04-01,0,0,0,0.0,0.0,0.0,0.0,0.0,0.0,0.0,0.0,LOW
Pardi Naka,2022,4,2022-04-01,0,0,0,0.0,0.0,0.0,0.0,0.0,0.0,0.0,0.0,LOW
Reserve Bank Chowk,2022,4,2022-04-01,0,0,0,0.0,0.0,0.0,0.0,0.0,0.0,0.0,0.0,LOW
Reshimbagh Square,2022,4,2022-04-01,0,0,0,0.0,0.0,0.0,0.0,0.0,0.0,0.0,0.0,LOW
Medical Square,2022,4,2022-04-01,0,0,0,0.0,0.0,0.0,0.0,0.0,0.0,0.0,0.0,LOW
Dharampeth Tower,2022,4,2022-04-01,0,0,0,0.0,0.0,0.0,0.0,0.0,0.0,0.0,0.0,LOW
KDK College Chowk,2022,4,2022-04-01,0,0,0,0.0,0.0,0.0,0.0,0.0,0.0,0.0,0.0,LOW
HB Town Square,2022,4,2022-04-01,0,0,0,0.0,0.0,0.0,0.0,0.0,0.0,0.0,0.0,LOW
Jhansi Rani Square,2022,4,2022-04-01,6,1,4,3.0,3.0,15.0,49.0,1.0,33.0,4.083,23.2,LOW
Sanvidhan Square,2022,4,2022-04-01,0,0,0,0.0,0.0,0.0,0.0,0.0,0.0,0.0,0.0,LOW
Sitabuldi Interchange,2022,4,2022-04-01,1,0,1,0.0,0.0,1.0,8.0,0.0,5.0,0.667,4.42,LOW
Kalamna Market Chowk,2022,4,2022-04-01,0,0,0,0.0,0.0,0.0,0.0,0.0,0.0,0.0,0.0,LOW
Omkar Nagar Square,2022,4,2022-04-01,0,0,0,0.0,0.0,0.0,0.0,0.0,0.0,0.0,0.0,LOW
Chhatrapati Square,2022,4,2022-04-01,1,0,0,0.0,0.0,1.0,6.0,0.0,4.0,0.5,1.1,LOW
Automotive Square,2022,4,2022-04-01,2,0,2,0.0,0.0,1.0,4.0,0.0,3.0,0.333,5.52,LOW
Pratap Nagar Square,2022,4,2022-04-01,0,0,0,0.0,0.0,0.0,0.0,0.0,0.0,0.0,0.0,LOW
Wardha Road Toll Plaza,2022,4,2022-04-01,0,0,0,0.0,0.0,0.0,0.0,0.0,0.0,0.0,0.0,LOW
Bhande Plot Square,2022,4,2022-04-01,0,0,0,0.0,0.0,0.0,0.0,0.0,0.0,0.0,0.0,LOW
Manewada Square,2022,4,2022-04-01,0,0,0,0.0,0.0,0.0,0.0,0.0,0.0,0.0,0.0,LOW
Reshimbagh Square,2022,5,2022-05-01,0,0,0,0.0,0.0,0.0,0.0,0.0,0.0,0.0,0.0,LOW
Automotive Square,2022,5,2022-05-01,2,0,2,2.0,2.0,3.0,6.0,0.0,5.0,0.5,5.52,LOW
Subhash Nagar Square,2022,5,2022-05-01,0,0,0,0.0,0.0,0.0,0.0,0.0,0.0,0.0,0.0,LOW
Jhansi Rani Square,2022,5,2022-05-01,8,0,3,6.0,6.0,13.0,55.0,2.0,37.0,4.583,15.47,LOW
Mate Square,2022,5,2022-05-01,0,0,0,0.0,0.0,0.0,0.0,0.0,0.0,0.0,0.0,LOW
Khamla Square,2022,5,2022-05-01,0,0,0,0.0,0.0,0.0,0.0,0.0,0.0,0.0,0.0,LOW
KDK College Chowk,2022,5,2022-05-01,0,0,0,0.0,0.0,0.0,0.0,0.0,0.0,0.0,0.0,LOW
Itwari Railway Station Square,2022,5,2022-05-01,0,0,0,0.0,0.0,1.0,4.0,1.0,2.0,0.333,0.0,LOW
Rachana Ring Road,2022,5,2022-05-01,0,0,0,0.0,0.0,0.0,0.0,0.0,0.0,0.0,0.0,LOW
Chhatrapati Square,2022,5,2022-05-01,2,0,2,1.0,1.0,1.0,7.0,0.0,4.0,0.583,7.18,LOW
Gokulpeth Market,2022,5,2022-05-01,0,0,0,0.0,0.0,0.0,0.0,0.0,0.0,0.0,0.0,LOW
IT Park Ring Road,2022,5,2022-05-01,0,0,0,0.0,0.0,0.0,0.0,0.0,0.0,0.0,0.0,LOW
Zero Mile Freedom Park,2022,5,2022-05-01,0,0,0,0.0,0.0,0.0,0.0,0.0,0.0,0.0,0.0,LOW
Airport Square,2022,5,2022-05-01,0,0,0,1.0,1.0,1.0,3.0,0.0,3.0,0.25,0.0,LOW
Law College Square,2022,5,2022-05-01,0,0,0,0.0,0.0,0.0,0.0,0.0,0.0,0.0,0.0,LOW
Reserve Bank Chowk,2022,5,2022-05-01,0,0,0,0.0,0.0,0.0,0.0,0.0,0.0,0.0,0.0,LOW
Japanese Garden Square,2022,5,2022-05-01,0,0,0,0.0,0.0,0.0,0.0,0.0,0.0,0.0,0.0,LOW
Medical Square,2022,5,2022-05-01,0,0,0,0.0,0.0,0.0,0.0,0.0,0.0,0.0,0.0,LOW
Dharampeth Tower,2022,5,2022-05-01,0,0,0,0.0,0.0,0.0,0.0,0.0,0.0,0.0,0.0,LOW
Sitabuldi Interchange,2022,5,2022-05-01,0,0,0,1.0,1.0,1.0,9.0,0.0,6.0,0.75,0.0,LOW
Bhande Plot Square,2022,5,2022-05-01,0,0,0,0.0,0.0,0.0,0.0,0.0,0.0,0.0,0.0,LOW
Pratap Nagar Square,2022,5,2022-05-01,0,0,0,0.0,0.0,0.0,0.0,0.0,0.0,0.0,0.0,LOW
Wardha Road Toll Plaza,2022,5,2022-05-01,0,0,0,0.0,0.0,0.0,0.0,0.0,0.0,0.0,0.0,LOW
Omkar Nagar Square,2022,5,2022-05-01,0,0,0,0.0,0.0,0.0,0.0,0.0,0.0,0.0,0.0,LOW
Shankar Nagar Square,2022,5,2022-05-01,1,0,0,0.0,0.0,0.0,4.0,0.0,3.0,0.333,1.1,LOW
Deo Nagar Chowk,2022,5,2022-05-01,0,0,0,0.0,0.0,0.0,0.0,0.0,0.0,0.0,0.0,LOW
Variety Square,2022,5,2022-05-01,0,0,0,0.0,0.0,1.0,7.0,1.0,6.0,0.583,0.0,LOW
HB Town Square,2022,5,2022-05-01,0,0,0,0.0,0.0,0.0,0.0,0.0,0.0,0.0,0.0,LOW
Sakkardara Square,2022,5,2022-05-01,1,0,1,0.0,0.0,0.0,6.0,0.0,3.0,0.5,2.76,LOW
Kalamna Market Chowk,2022,5,2022-05-01,0,0,0,0.0,0.0,0.0,0.0,0.0,0.0,0.0,0.0,LOW
Rambagh Chowk,2022,5,2022-05-01,0,0,0,0.0,0.0,0.0,0.0,0.0,0.0,0.0,0.0,LOW
LIC Chowk,2022,5,2022-05-01,12,0,6,6.0,6.0,38.0,103.0,4.0,68.0,8.583,38.12,MEDIUM
Somalwada Square,2022,5,2022-05-01,0,0,0,0.0,0.0,0.0,0.0,0.0,0.0,0.0,0.0,LOW
Nandanvan Main Square,2022,5,2022-05-01,0,0,0,0.0,0.0,0.0,0.0,0.0,0.0,0.0,0.0,LOW
Pardi Naka,2022,5,2022-05-01,0,0,0,0.0,0.0,0.0,0.0,0.0,0.0,0.0,0.0,LOW
Krida Chowk,2022,5,2022-05-01,0,0,0,0.0,0.0,0.0,0.0,0.0,0.0,0.0,0.0,LOW
Manewada Square,2022,5,2022-05-01,0,0,0,0.0,0.0,0.0,0.0,0.0,0.0,0.0,0.0,LOW
Sanvidhan Square,2022,5,2022-05-01,0,0,0,0.0,0.0,0.0,0.0,0.0,0.0,0.0,0.0,LOW
VCA Stadium Chowk,2022,5,2022-05-01,0,0,0,0.0,0.0,0.0,0.0,0.0,0.0,0.0,0.0,LOW
Ram Nagar Square,2022,5,2022-05-01,0,0,0,0.0,0.0,0.0,0.0,0.0,0.0,0.0,0.0,LOW
Bhande Plot Square,2022,6,2022-06-01,0,0,0,0.0,0.0,0.0,0.0,0.0,0.0,0.0,0.0,LOW
Wardha Road Toll Plaza,2022,6,2022-06-01,0,0,0,0.0,0.0,0.0,0.0,0.0,0.0,0.0,0.0,LOW
LIC Chowk,2022,6,2022-06-01,13,0,12,12.0,12.0,33.0,110.0,3.0,69.0,9.167,54.14,HIGH
Manewada Square,2022,6,2022-06-01,0,0,0,0.0,0.0,0.0,0.0,0.0,0.0,0.0,0.0,LOW
Automotive Square,2022,6,2022-06-01,0,0,0,2.0,2.0,4.0,8.0,0.0,7.0,0.667,0.0,LOW
Law College Square,2022,6,2022-06-01,0,0,0,0.0,0.0,0.0,0.0,0.0,0.0,0.0,0.0,LOW
VCA Stadium Chowk,2022,6,2022-06-01,0,0,0,0.0,0.0,0.0,0.0,0.0,0.0,0.0,0.0,LOW
Variety Square,2022,6,2022-06-01,0,0,0,0.0,0.0,1.0,7.0,1.0,6.0,0.583,0.0,LOW
Khamla Square,2022,6,2022-06-01,0,0,0,0.0,0.0,0.0,0.0,0.0,0.0,0.0,0.0,LOW
Omkar Nagar Square,2022,6,2022-06-01,0,0,0,0.0,0.0,0.0,0.0,0.0,0.0,0.0,0.0,LOW
Itwari Railway Station Square,2022,6,2022-06-01,0,0,0,0.0,0.0,0.0,4.0,1.0,2.0,0.333,0.0,LOW
Medical Square,2022,6,2022-06-01,0,0,0,0.0,0.0,0.0,0.0,0.0,0.0,0.0,0.0,LOW
KDK College Chowk,2022,6,2022-06-01,0,0,0,0.0,0.0,0.0,0.0,0.0,0.0,0.0,0.0,LOW
Dharampeth Tower,2022,6,2022-06-01,0,0,0,0.0,0.0,0.0,0.0,0.0,0.0,0.0,0.0,LOW
Pardi Naka,2022,6,2022-06-01,0,0,0,0.0,0.0,0.0,0.0,0.0,0.0,0.0,0.0,LOW
Reserve Bank Chowk,2022,6,2022-06-01,0,0,0,0.0,0.0,0.0,0.0,0.0,0.0,0.0,0.0,LOW
IT Park Ring Road,2022,6,2022-06-01,0,0,0,0.0,0.0,0.0,0.0,0.0,0.0,0.0,0.0,LOW
Shankar Nagar Square,2022,6,2022-06-01,1,0,1,1.0,1.0,1.0,4.0,0.0,2.0,0.333,2.76,LOW
Nandanvan Main Square,2022,6,2022-06-01,0,0,0,0.0,0.0,0.0,0.0,0.0,0.0,0.0,0.0,LOW
Reshimbagh Square,2022,6,2022-06-01,0,0,0,0.0,0.0,0.0,0.0,0.0,0.0,0.0,0.0,LOW
Gokulpeth Market,2022,6,2022-06-01,0,0,0,0.0,0.0,0.0,0.0,0.0,0.0,0.0,0.0,LOW
Kalamna Market Chowk,2022,6,2022-06-01,0,0,0,0.0,0.0,0.0,0.0,0.0,0.0,0.0,0.0,LOW
Sanvidhan Square,2022,6,2022-06-01,0,0,0,0.0,0.0,0.0,0.0,0.0,0.0,0.0,0.0,LOW
Sakkardara Square,2022,6,2022-06-01,0,0,0,1.0,1.0,1.0,7.0,0.0,4.0,0.583,0.0,LOW
Chhatrapati Square,2022,6,2022-06-01,1,0,0,2.0,2.0,3.0,7.0,0.0,5.0,0.583,1.1,LOW
Airport Square,2022,6,2022-06-01,1,0,1,0.0,0.0,1.0,3.0,0.0,3.0,0.25,4.42,LOW
Rambagh Chowk,2022,6,2022-06-01,0,0,0,0.0,0.0,0.0,0.0,0.0,0.0,0.0,0.0,LOW
Sitabuldi Interchange,2022,6,2022-06-01,1,0,1,0.0,0.0,1.0,9.0,0.0,6.0,0.75,6.08,LOW
Pratap Nagar Square,2022,6,2022-06-01,0,0,0,0.0,0.0,0.0,0.0,0.0,0.0,0.0,0.0,LOW
Jhansi Rani Square,2022,6,2022-06-01,4,0,3,8.0,8.0,17.0,57.0,2.0,35.0,4.75,11.05,LOW
Subhash Nagar Square,2022,6,2022-06-01,0,0,0,0.0,0.0,0.0,0.0,0.0,0.0,0.0,0.0,LOW
Mate Square,2022,6,2022-06-01,0,0,0,0.0,0.0,0.0,0.0,0.0,0.0,0.0,0.0,LOW
Rachana Ring Road,2022,6,2022-06-01,0,0,0,0.0,0.0,0.0,0.0,0.0,0.0,0.0,0.0,LOW
Zero Mile Freedom Park,2022,6,2022-06-01,0,0,0,0.0,0.0,0.0,0.0,0.0,0.0,0.0,0.0,LOW
Deo Nagar Chowk,2022,6,2022-06-01,0,0,0,0.0,0.0,0.0,0.0,0.0,0.0,0.0,0.0,LOW
Ram Nagar Square,2022,6,2022-06-01,0,0,0,0.0,0.0,0.0,0.0,0.0,0.0,0.0,0.0,LOW
Somalwada Square,2022,6,2022-06-01,0,0,0,0.0,0.0,0.0,0.0,0.0,0.0,0.0,0.0,LOW
HB Town Square,2022,6,2022-06-01,0,0,0,0.0,0.0,0.0,0.0,0.0,0.0,0.0,0.0,LOW
Japanese Garden Square,2022,6,2022-06-01,0,0,0,0.0,0.0,0.0,0.0,0.0,0.0,0.0,0.0,LOW
Krida Chowk,2022,6,2022-06-01,0,0,0,0.0,0.0,0.0,0.0,0.0,0.0,0.0,0.0,LOW
Pardi Naka,2022,7,2022-07-01,0,0,0,0.0,0.0,0.0,0.0,0.0,0.0,0.0,0.0,LOW
Sakkardara Square,2022,7,2022-07-01,1,0,1,0.0,0.0,1.0,5.0,0.0,3.0,0.417,2.76,LOW
Rambagh Chowk,2022,7,2022-07-01,0,0,0,0.0,0.0,0.0,0.0,0.0,0.0,0.0,0.0,LOW
Wardha Road Toll Plaza,2022,7,2022-07-01,0,0,0,0.0,0.0,0.0,0.0,0.0,0.0,0.0,0.0,LOW
Pratap Nagar Square,2022,7,2022-07-01,0,0,0,0.0,0.0,0.0,0.0,0.0,0.0,0.0,0.0,LOW
Variety Square,2022,7,2022-07-01,1,0,1,0.0,0.0,0.0,6.0,1.0,5.0,0.5,4.42,LOW
Kalamna Market Chowk,2022,7,2022-07-01,0,0,0,0.0,0.0,0.0,0.0,0.0,0.0,0.0,0.0,LOW
Itwari Railway Station Square,2022,7,2022-07-01,1,0,1,0.0,0.0,0.0,4.0,1.0,2.0,0.333,4.42,LOW
Automotive Square,2022,7,2022-07-01,2,0,1,0.0,0.0,4.0,8.0,0.0,7.0,0.667,3.87,LOW
Ram Nagar Square,2022,7,2022-07-01,0,0,0,0.0,0.0,0.0,0.0,0.0,0.0,0.0,0.0,LOW
Reshimbagh Square,2022,7,2022-07-01,0,0,0,0.0,0.0,0.0,0.0,0.0,0.0,0.0,0.0,LOW
Law College Square,2022,7,2022-07-01,0,0,0,0.0,0.0,0.0,0.0,0.0,0.0,0.0,0.0,LOW
HB Town Square,2022,7,2022-07-01,0,0,0,0.0,0.0,0.0,0.0,0.0,0.0,0.0,0.0,LOW
IT Park Ring Road,2022,7,2022-07-01,0,0,0,0.0,0.0,0.0,0.0,0.0,0.0,0.0,0.0,LOW
Japanese Garden Square,2022,7,2022-07-01,0,0,0,0.0,0.0,0.0,0.0,0.0,0.0,0.0,0.0,LOW
KDK College Chowk,2022,7,2022-07-01,0,0,0,0.0,0.0,0.0,0.0,0.0,0.0,0.0,0.0,LOW
Jhansi Rani Square,2022,7,2022-07-01,9,0,6,4.0,4.0,18.0,54.0,2.0,34.0,4.5,19.89,LOW
Rachana Ring Road,2022,7,2022-07-01,0,0,0,0.0,0.0,0.0,0.0,0.0,0.0,0.0,0.0,LOW
Chhatrapati Square,2022,7,2022-07-01,0,0,0,1.0,1.0,4.0,7.0,0.0,5.0,0.583,0.0,LOW
Omkar Nagar Square,2022,7,2022-07-01,0,0,0,0.0,0.0,0.0,0.0,0.0,0.0,0.0,0.0,LOW
Subhash Nagar Square,2022,7,2022-07-01,0,0,0,0.0,0.0,0.0,0.0,0.0,0.0,0.0,0.0,LOW
Mate Square,2022,7,2022-07-01,0,0,0,0.0,0.0,0.0,0.0,0.0,0.0,0.0,0.0,LOW
Zero Mile Freedom Park,2022,7,2022-07-01,0,0,0,0.0,0.0,0.0,0.0,0.0,0.0,0.0,0.0,LOW
Somalwada Square,2022,7,2022-07-01,0,0,0,0.0,0.0,0.0,0.0,0.0,0.0,0.0,0.0,LOW
Airport Square,2022,7,2022-07-01,1,0,0,1.0,1.0,2.0,4.0,0.0,4.0,0.333,1.1,LOW
LIC Chowk,2022,7,2022-07-01,15,1,11,13.0,13.0,31.0,113.0,3.0,75.0,9.417,46.41,MEDIUM
Krida Chowk,2022,7,2022-07-01,0,0,0,0.0,0.0,0.0,0.0,0.0,0.0,0.0,0.0,LOW
VCA Stadium Chowk,2022,7,2022-07-01,0,0,0,0.0,0.0,0.0,0.0,0.0,0.0,0.0,0.0,LOW
Bhande Plot Square,2022,7,2022-07-01,0,0,0,0.0,0.0,0.0,0.0,0.0,0.0,0.0,0.0,LOW
Deo Nagar Chowk,2022,7,2022-07-01,0,0,0,0.0,0.0,0.0,0.0,0.0,0.0,0.0,0.0,LOW
Sitabuldi Interchange,2022,7,2022-07-01,1,0,1,1.0,1.0,2.0,9.0,0.0,6.0,0.75,2.76,LOW
Medical Square,2022,7,2022-07-01,0,0,0,0.0,0.0,0.0,0.0,0.0,0.0,0.0,0.0,LOW
Manewada Square,2022,7,2022-07-01,0,0,0,0.0,0.0,0.0,0.0,0.0,0.0,0.0,0.0,LOW
Reserve Bank Chowk,2022,7,2022-07-01,0,0,0,0.0,0.0,0.0,0.0,0.0,0.0,0.0,0.0,LOW
Khamla Square,2022,7,2022-07-01,0,0,0,0.0,0.0,0.0,0.0,0.0,0.0,0.0,0.0,LOW
Sanvidhan Square,2022,7,2022-07-01,0,0,0,0.0,0.0,0.0,0.0,0.0,0.0,0.0,0.0,LOW
Shankar Nagar Square,2022,7,2022-07-01,0,0,0,1.0,1.0,2.0,5.0,0.0,3.0,0.417,0.0,LOW
Nandanvan Main Square,2022,7,2022-07-01,0,0,0,0.0,0.0,0.0,0.0,0.0,0.0,0.0,0.0,LOW
Gokulpeth Market,2022,7,2022-07-01,0,0,0,0.0,0.0,0.0,0.0,0.0,0.0,0.0,0.0,LOW
Dharampeth Tower,2022,7,2022-07-01,0,0,0,0.0,0.0,0.0,0.0,0.0,0.0,0.0,0.0,LOW
Subhash Nagar Square,2022,8,2022-08-01,0,0,0,0.0,0.0,0.0,0.0,0.0,0.0,0.0,0.0,LOW
Wardha Road Toll Plaza,2022,8,2022-08-01,0,0,0,0.0,0.0,0.0,0.0,0.0,0.0,0.0,0.0,LOW
Sakkardara Square,2022,8,2022-08-01,0,0,0,1.0,1.0,2.0,6.0,0.0,4.0,0.5,0.0,LOW
Mate Square,2022,8,2022-08-01,0,0,0,0.0,0.0,0.0,0.0,0.0,0.0,0.0,0.0,LOW
Variety Square,2022,8,2022-08-01,2,0,2,1.0,1.0,1.0,6.0,1.0,5.0,0.5,5.52,LOW
Somalwada Square,2022,8,2022-08-01,0,0,0,0.0,0.0,0.0,0.0,0.0,0.0,0.0,0.0,LOW
Rachana Ring Road,2022,8,2022-08-01,0,0,0,0.0,0.0,0.0,0.0,0.0,0.0,0.0,0.0,LOW
Sanvidhan Square,2022,8,2022-08-01,0,0,0,0.0,0.0,0.0,0.0,0.0,0.0,0.0,0.0,LOW
Manewada Square,2022,8,2022-08-01,0,0,0,0.0,0.0,0.0,0.0,0.0,0.0,0.0,0.0,LOW
Reshimbagh Square,2022,8,2022-08-01,0,0,0,0.0,0.0,0.0,0.0,0.0,0.0,0.0,0.0,LOW
Pratap Nagar Square,2022,8,2022-08-01,0,0,0,0.0,0.0,0.0,0.0,0.0,0.0,0.0,0.0,LOW
Nandanvan Main Square,2022,8,2022-08-01,0,0,0,0.0,0.0,0.0,0.0,0.0,0.0,0.0,0.0,LOW
VCA Stadium Chowk,2022,8,2022-08-01,0,0,0,0.0,0.0,0.0,0.0,0.0,0.0,0.0,0.0,LOW
Rambagh Chowk,2022,8,2022-08-01,0,0,0,0.0,0.0,0.0,0.0,0.0,0.0,0.0,0.0,LOW
Omkar Nagar Square,2022,8,2022-08-01,0,0,0,0.0,0.0,0.0,0.0,0.0,0.0,0.0,0.0,LOW
Shankar Nagar Square,2022,8,2022-08-01,0,0,0,0.0,0.0,2.0,5.0,0.0,3.0,0.417,0.0,LOW
Reserve Bank Chowk,2022,8,2022-08-01,0,0,0,0.0,0.0,0.0,0.0,0.0,0.0,0.0,0.0,LOW
Medical Square,2022,8,2022-08-01,0,0,0,0.0,0.0,0.0,0.0,0.0,0.0,0.0,0.0,LOW
Pardi Naka,2022,8,2022-08-01,0,0,0,0.0,0.0,0.0,0.0,0.0,0.0,0.0,0.0,LOW
Ram Nagar Square,2022,8,2022-08-01,0,0,0,0.0,0.0,0.0,0.0,0.0,0.0,0.0,0.0,LOW
Sitabuldi Interchange,2022,8,2022-08-01,0,0,0,1.0,1.0,2.0,10.0,0.0,7.0,0.833,0.0,LOW
Zero Mile Freedom Park,2022,8,2022-08-01,0,0,0,0.0,0.0,0.0,0.0,0.0,0.0,0.0,0.0,LOW
Law College Square,2022,8,2022-08-01,0,0,0,0.0,0.0,0.0,0.0,0.0,0.0,0.0,0.0,LOW
IT Park Ring Road,2022,8,2022-08-01,0,0,0,0.0,0.0,0.0,0.0,0.0,0.0,0.0,0.0,LOW
Bhande Plot Square,2022,8,2022-08-01,0,0,0,0.0,0.0,0.0,0.0,0.0,0.0,0.0,0.0,LOW
Chhatrapati Square,2022,8,2022-08-01,3,0,3,0.0,0.0,3.0,7.0,0.0,5.0,0.583,23.2,LOW
Itwari Railway Station Square,2022,8,2022-08-01,0,0,0,1.0,1.0,1.0,5.0,1.0,3.0,0.417,0.0,LOW
Gokulpeth Market,2022,8,2022-08-01,0,0,0,0.0,0.0,0.0,0.0,0.0,0.0,0.0,0.0,LOW
Krida Chowk,2022,8,2022-08-01,0,0,0,0.0,0.0,0.0,0.0,0.0,0.0,0.0,0.0,LOW
LIC Chowk,2022,8,2022-08-01,10,0,5,15.0,15.0,40.0,125.0,4.0,83.0,10.417,20.99,LOW
Japanese Garden Square,2022,8,2022-08-01,0,0,0,0.0,0.0,0.0,0.0,0.0,0.0,0.0,0.0,LOW
Automotive Square,2022,8,2022-08-01,3,0,2,2.0,2.0,4.0,10.0,0.0,8.0,0.833,9.94,LOW
Dharampeth Tower,2022,8,2022-08-01,0,0,0,0.0,0.0,0.0,0.0,0.0,0.0,0.0,0.0,LOW
Jhansi Rani Square,2022,8,2022-08-01,6,0,2,9.0,9.0,21.0,58.0,2.0,36.0,4.833,11.6,LOW
HB Town Square,2022,8,2022-08-01,0,0,0,0.0,0.0,0.0,0.0,0.0,0.0,0.0,0.0,LOW
Airport Square,2022,8,2022-08-01,2,0,1,1.0,1.0,2.0,5.0,0.0,4.0,0.417,10.5,LOW
KDK College Chowk,2022,8,2022-08-01,0,0,0,0.0,0.0,0.0,0.0,0.0,0.0,0.0,0.0,LOW
Deo Nagar Chowk,2022,8,2022-08-01,0,0,0,0.0,0.0,0.0,0.0,0.0,0.0,0.0,0.0,LOW
Khamla Square,2022,8,2022-08-01,0,0,0,0.0,0.0,0.0,0.0,0.0,0.0,0.0,0.0,LOW
Kalamna Market Chowk,2022,8,2022-08-01,0,0,0,0.0,0.0,0.0,0.0,0.0,0.0,0.0,0.0,LOW
Deo Nagar Chowk,2022,9,2022-09-01,0,0,0,0.0,0.0,0.0,0.0,0.0,0.0,0.0,0.0,LOW
Gokulpeth Market,2022,9,2022-09-01,0,0,0,0.0,0.0,0.0,0.0,0.0,0.0,0.0,0.0,LOW
Chhatrapati Square,2022,9,2022-09-01,0,0,0,3.0,3.0,4.0,10.0,0.0,8.0,0.833,0.0,LOW
Subhash Nagar Square,2022,9,2022-09-01,0,0,0,0.0,0.0,0.0,0.0,0.0,0.0,0.0,0.0,LOW
Shankar Nagar Square,2022,9,2022-09-01,1,0,1,0.0,0.0,1.0,4.0,0.0,3.0,0.333,4.42,LOW
Sitabuldi Interchange,2022,9,2022-09-01,0,0,0,0.0,0.0,2.0,9.0,0.0,6.0,0.75,0.0,LOW
Somalwada Square,2022,9,2022-09-01,0,0,0,0.0,0.0,0.0,0.0,0.0,0.0,0.0,0.0,LOW
LIC Chowk,2022,9,2022-09-01,18,2,12,10.0,10.0,38.0,125.0,4.0,81.0,10.417,79.56,CRITICAL
Dharampeth Tower,2022,9,2022-09-01,0,0,0,0.0,0.0,0.0,0.0,0.0,0.0,0.0,0.0,LOW
Mate Square,2022,9,2022-09-01,0,0,0,0.0,0.0,0.0,0.0,0.0,0.0,0.0,0.0,LOW
Manewada Square,2022,9,2022-09-01,0,0,0,0.0,0.0,0.0,0.0,0.0,0.0,0.0,0.0,LOW
Sanvidhan Square,2022,9,2022-09-01,0,0,0,0.0,0.0,0.0,0.0,0.0,0.0,0.0,0.0,LOW
Reserve Bank Chowk,2022,9,2022-09-01,0,0,0,0.0,0.0,0.0,0.0,0.0,0.0,0.0,0.0,LOW
HB Town Square,2022,9,2022-09-01,0,0,0,0.0,0.0,0.0,0.0,0.0,0.0,0.0,0.0,LOW
Nandanvan Main Square,2022,9,2022-09-01,0,0,0,0.0,0.0,0.0,0.0,0.0,0.0,0.0,0.0,LOW
Khamla Square,2022,9,2022-09-01,0,0,0,0.0,0.0,0.0,0.0,0.0,0.0,0.0,0.0,LOW
Kalamna Market Chowk,2022,9,2022-09-01,0,0,0,0.0,0.0,0.0,0.0,0.0,0.0,0.0,0.0,LOW
Pardi Naka,2022,9,2022-09-01,0,0,0,0.0,0.0,0.0,0.0,0.0,0.0,0.0,0.0,LOW
KDK College Chowk,2022,9,2022-09-01,0,0,0,0.0,0.0,0.0,0.0,0.0,0.0,0.0,0.0,LOW
Pratap Nagar Square,2022,9,2022-09-01,0,0,0,0.0,0.0,0.0,0.0,0.0,0.0,0.0,0.0,LOW
Jhansi Rani Square,2022,9,2022-09-01,4,0,2,6.0,6.0,19.0,62.0,2.0,37.0,5.167,7.73,LOW
Sakkardara Square,2022,9,2022-09-01,0,0,0,0.0,0.0,1.0,6.0,0.0,4.0,0.5,0.0,LOW
Rachana Ring Road,2022,9,2022-09-01,0,0,0,0.0,0.0,0.0,0.0,0.0,0.0,0.0,0.0,LOW
Medical Square,2022,9,2022-09-01,0,0,0,0.0,0.0,0.0,0.0,0.0,0.0,0.0,0.0,LOW
Japanese Garden Square,2022,9,2022-09-01,0,0,0,0.0,0.0,0.0,0.0,0.0,0.0,0.0,0.0,LOW
Rambagh Chowk,2022,9,2022-09-01,0,0,0,0.0,0.0,0.0,0.0,0.0,0.0,0.0,0.0,LOW
Krida Chowk,2022,9,2022-09-01,0,0,0,0.0,0.0,0.0,0.0,0.0,0.0,0.0,0.0,LOW
Itwari Railway Station Square,2022,9,2022-09-01,0,0,0,0.0,0.0,1.0,4.0,1.0,3.0,0.333,0.0,LOW
IT Park Ring Road,2022,9,2022-09-01,0,0,0,0.0,0.0,0.0,0.0,0.0,0.0,0.0,0.0,LOW
Reshimbagh Square,2022,9,2022-09-01,0,0,0,0.0,0.0,0.0,0.0,0.0,0.0,0.0,0.0,LOW
Ram Nagar Square,2022,9,2022-09-01,0,0,0,0.0,0.0,0.0,0.0,0.0,0.0,0.0,0.0,LOW
VCA Stadium Chowk,2022,9,2022-09-01,0,0,0,0.0,0.0,0.0,0.0,0.0,0.0,0.0,0.0,LOW
Omkar Nagar Square,2022,9,2022-09-01,0,0,0,0.0,0.0,0.0,0.0,0.0,0.0,0.0,0.0,LOW
Variety Square,2022,9,2022-09-01,2,0,1,2.0,2.0,3.0,5.0,0.0,5.0,0.417,3.87,LOW
Wardha Road Toll Plaza,2022,9,2022-09-01,0,0,0,0.0,0.0,0.0,0.0,0.0,0.0,0.0,0.0,LOW
Automotive Square,2022,9,2022-09-01,0,0,0,3.0,3.0,5.0,11.0,0.0,8.0,0.917,0.0,LOW
Zero Mile Freedom Park,2022,9,2022-09-01,0,0,0,0.0,0.0,0.0,0.0,0.0,0.0,0.0,0.0,LOW
Law College Square,2022,9,2022-09-01,0,0,0,0.0,0.0,0.0,0.0,0.0,0.0,0.0,0.0,LOW
Bhande Plot Square,2022,9,2022-09-01,0,0,0,0.0,0.0,0.0,0.0,0.0,0.0,0.0,0.0,LOW
Airport Square,2022,9,2022-09-01,1,0,1,2.0,2.0,4.0,5.0,0.0,3.0,0.417,6.08,LOW
Variety Square,2022,10,2022-10-01,2,0,2,2.0,2.0,5.0,7.0,0.0,6.0,0.583,7.18,LOW
Japanese Garden Square,2022,10,2022-10-01,0,0,0,0.0,0.0,0.0,0.0,0.0,0.0,0.0,0.0,LOW
Gokulpeth Market,2022,10,2022-10-01,0,0,0,0.0,0.0,0.0,0.0,0.0,0.0,0.0,0.0,LOW
Shankar Nagar Square,2022,10,2022-10-01,0,0,0,1.0,1.0,1.0,5.0,0.0,4.0,0.417,0.0,LOW
Law College Square,2022,10,2022-10-01,0,0,0,0.0,0.0,0.0,0.0,0.0,0.0,0.0,0.0,LOW
Automotive Square,2022,10,2022-10-01,3,0,3,0.0,0.0,5.0,11.0,0.0,8.0,0.917,8.29,LOW
Rambagh Chowk,2022,10,2022-10-01,0,0,0,0.0,0.0,0.0,0.0,0.0,0.0,0.0,0.0,LOW
Krida Chowk,2022,10,2022-10-01,0,0,0,0.0,0.0,0.0,0.0,0.0,0.0,0.0,0.0,LOW
Itwari Railway Station Square,2022,10,2022-10-01,0,0,0,0.0,0.0,1.0,3.0,0.0,2.0,0.25,0.0,LOW
Reserve Bank Chowk,2022,10,2022-10-01,0,0,0,0.0,0.0,0.0,0.0,0.0,0.0,0.0,0.0,LOW
LIC Chowk,2022,10,2022-10-01,20,0,15,18.0,18.0,43.0,137.0,6.0,90.0,11.417,73.48,HIGH
IT Park Ring Road,2022,10,2022-10-01,0,0,0,0.0,0.0,0.0,0.0,0.0,0.0,0.0,0.0,LOW
Sitabuldi Interchange,2022,10,2022-10-01,0,0,0,0.0,0.0,1.0,8.0,0.0,5.0,0.667,0.0,LOW
Bhande Plot Square,2022,10,2022-10-01,0,0,0,0.0,0.0,0.0,0.0,0.0,0.0,0.0,0.0,LOW
Somalwada Square,2022,10,2022-10-01,0,0,0,0.0,0.0,0.0,0.0,0.0,0.0,0.0,0.0,LOW
Dharampeth Tower,2022,10,2022-10-01,0,0,0,0.0,0.0,0.0,0.0,0.0,0.0,0.0,0.0,LOW
Zero Mile Freedom Park,2022,10,2022-10-01,0,0,0,0.0,0.0,0.0,0.0,0.0,0.0,0.0,0.0,LOW
Reshimbagh Square,2022,10,2022-10-01,0,0,0,0.0,0.0,0.0,0.0,0.0,0.0,0.0,0.0,LOW
HB Town Square,2022,10,2022-10-01,0,0,0,0.0,0.0,0.0,0.0,0.0,0.0,0.0,0.0,LOW
Sakkardara Square,2022,10,2022-10-01,1,0,1,0.0,0.0,1.0,6.0,0.0,4.0,0.5,4.42,LOW
Omkar Nagar Square,2022,10,2022-10-01,0,0,0,0.0,0.0,0.0,0.0,0.0,0.0,0.0,0.0,LOW
Mate Square,2022,10,2022-10-01,0,0,0,0.0,0.0,0.0,0.0,0.0,0.0,0.0,0.0,LOW
Sanvidhan Square,2022,10,2022-10-01,0,0,0,0.0,0.0,0.0,0.0,0.0,0.0,0.0,0.0,LOW
Wardha Road Toll Plaza,2022,10,2022-10-01,0,0,0,0.0,0.0,0.0,0.0,0.0,0.0,0.0,0.0,LOW
Deo Nagar Chowk,2022,10,2022-10-01,0,0,0,0.0,0.0,0.0,0.0,0.0,0.0,0.0,0.0,LOW
Subhash Nagar Square,2022,10,2022-10-01,0,0,0,0.0,0.0,0.0,0.0,0.0,0.0,0.0,0.0,LOW
Kalamna Market Chowk,2022,10,2022-10-01,0,0,0,0.0,0.0,0.0,0.0,0.0,0.0,0.0,0.0,LOW
Medical Square,2022,10,2022-10-01,0,0,0,0.0,0.0,0.0,0.0,0.0,0.0,0.0,0.0,LOW
Ram Nagar Square,2022,10,2022-10-01,0,0,0,0.0,0.0,0.0,0.0,0.0,0.0,0.0,0.0,LOW
VCA Stadium Chowk,2022,10,2022-10-01,0,0,0,0.0,0.0,0.0,0.0,0.0,0.0,0.0,0.0,LOW
Nandanvan Main Square,2022,10,2022-10-01,0,0,0,0.0,0.0,0.0,0.0,0.0,0.0,0.0,0.0,LOW
Rachana Ring Road,2022,10,2022-10-01,0,0,0,0.0,0.0,0.0,0.0,0.0,0.0,0.0,0.0,LOW
Jhansi Rani Square,2022,10,2022-10-01,5,0,4,4.0,4.0,19.0,62.0,1.0,36.0,5.167,15.47,LOW
Pardi Naka,2022,10,2022-10-01,0,0,0,0.0,0.0,0.0,0.0,0.0,0.0,0.0,0.0,LOW
Airport Square,2022,10,2022-10-01,1,0,0,1.0,1.0,4.0,6.0,0.0,4.0,0.5,1.1,LOW
Chhatrapati Square,2022,10,2022-10-01,0,0,0,0.0,0.0,3.0,10.0,0.0,8.0,0.833,0.0,LOW
Manewada Square,2022,10,2022-10-01,0,0,0,0.0,0.0,0.0,0.0,0.0,0.0,0.0,0.0,LOW
Khamla Square,2022,10,2022-10-01,0,0,0,0.0,0.0,0.0,0.0,0.0,0.0,0.0,0.0,LOW
Pratap Nagar Square,2022,10,2022-10-01,0,0,0,0.0,0.0,0.0,0.0,0.0,0.0,0.0,0.0,LOW
KDK College Chowk,2022,10,2022-10-01,0,0,0,0.0,0.0,0.0,0.0,0.0,0.0,0.0,0.0,LOW
Khamla Square,2022,11,2022-11-01,0,0,0,0.0,0.0,0.0,0.0,0.0,0.0,0.0,0.0,LOW
Airport Square,2022,11,2022-11-01,3,0,1,1.0,1.0,4.0,7.0,0.0,4.0,0.583,4.97,LOW
Mate Square,2022,11,2022-11-01,0,0,0,0.0,0.0,0.0,0.0,0.0,0.0,0.0,0.0,LOW
Variety Square,2022,11,2022-11-01,0,0,0,2.0,2.0,6.0,9.0,0.0,8.0,0.75,0.0,LOW
Sanvidhan Square,2022,11,2022-11-01,0,0,0,0.0,0.0,0.0,0.0,0.0,0.0,0.0,0.0,LOW
Gokulpeth Market,2022,11,2022-11-01,0,0,0,0.0,0.0,0.0,0.0,0.0,0.0,0.0,0.0,LOW
Nandanvan Main Square,2022,11,2022-11-01,0,0,0,0.0,0.0,0.0,0.0,0.0,0.0,0.0,0.0,LOW
Sakkardara Square,2022,11,2022-11-01,1,0,1,1.0,1.0,1.0,6.0,0.0,5.0,0.5,2.76,LOW
Omkar Nagar Square,2022,11,2022-11-01,0,0,0,0.0,0.0,0.0,0.0,0.0,0.0,0.0,0.0,LOW
Medical Square,2022,11,2022-11-01,0,0,0,0.0,0.0,0.0,0.0,0.0,0.0,0.0,0.0,LOW
Reshimbagh Square,2022,11,2022-11-01,0,0,0,0.0,0.0,0.0,0.0,0.0,0.0,0.0,0.0,LOW
Kalamna Market Chowk,2022,11,2022-11-01,0,0,0,0.0,0.0,0.0,0.0,0.0,0.0,0.0,0.0,LOW
Pardi Naka,2022,11,2022-11-01,0,0,0,0.0,0.0,0.0,0.0,0.0,0.0,0.0,0.0,LOW
KDK College Chowk,2022,11,2022-11-01,0,0,0,0.0,0.0,0.0,0.0,0.0,0.0,0.0,0.0,LOW
Pratap Nagar Square,2022,11,2022-11-01,0,0,0,0.0,0.0,0.0,0.0,0.0,0.0,0.0,0.0,LOW
Itwari Railway Station Square,2022,11,2022-11-01,0,0,0,0.0,0.0,0.0,3.0,0.0,2.0,0.25,0.0,LOW
Krida Chowk,2022,11,2022-11-01,0,0,0,0.0,0.0,0.0,0.0,0.0,0.0,0.0,0.0,LOW
Jhansi Rani Square,2022,11,2022-11-01,8,1,4,5.0,5.0,15.0,64.0,1.0,37.0,5.333,27.07,MEDIUM
Automotive Square,2022,11,2022-11-01,1,0,0,3.0,3.0,6.0,14.0,0.0,11.0,1.167,1.1,LOW
Rambagh Chowk,2022,11,2022-11-01,0,0,0,0.0,0.0,0.0,0.0,0.0,0.0,0.0,0.0,LOW
Rachana Ring Road,2022,11,2022-11-01,0,0,0,0.0,0.0,0.0,0.0,0.0,0.0,0.0,0.0,LOW
Wardha Road Toll Plaza,2022,11,2022-11-01,0,0,0,0.0,0.0,0.0,0.0,0.0,0.0,0.0,0.0,LOW
Ram Nagar Square,2022,11,2022-11-01,0,0,0,0.0,0.0,0.0,0.0,0.0,0.0,0.0,0.0,LOW
Japanese Garden Square,2022,11,2022-11-01,0,0,0,0.0,0.0,0.0,0.0,0.0,0.0,0.0,0.0,LOW
HB Town Square,2022,11,2022-11-01,0,0,0,0.0,0.0,0.0,0.0,0.0,0.0,0.0,0.0,LOW
IT Park Ring Road,2022,11,2022-11-01,0,0,0,0.0,0.0,0.0,0.0,0.0,0.0,0.0,0.0,LOW
Reserve Bank Chowk,2022,11,2022-11-01,0,0,0,0.0,0.0,0.0,0.0,0.0,0.0,0.0,0.0,LOW
Dharampeth Tower,2022,11,2022-11-01,0,0,0,0.0,0.0,0.0,0.0,0.0,0.0,0.0,0.0,LOW
Somalwada Square,2022,11,2022-11-01,0,0,0,0.0,0.0,0.0,0.0,0.0,0.0,0.0,0.0,LOW
Sitabuldi Interchange,2022,11,2022-11-01,0,0,0,0.0,0.0,0.0,7.0,0.0,5.0,0.583,0.0,LOW
Chhatrapati Square,2022,11,2022-11-01,0,0,0,0.0,0.0,3.0,9.0,0.0,7.0,0.75,0.0,LOW
Bhande Plot Square,2022,11,2022-11-01,0,0,0,0.0,0.0,0.0,0.0,0.0,0.0,0.0,0.0,LOW
Manewada Square,2022,11,2022-11-01,0,0,0,0.0,0.0,0.0,0.0,0.0,0.0,0.0,0.0,LOW
Deo Nagar Chowk,2022,11,2022-11-01,0,0,0,0.0,0.0,0.0,0.0,0.0,0.0,0.0,0.0,LOW
LIC Chowk,2022,11,2022-11-01,9,0,8,20.0,20.0,48.0,153.0,6.0,102.0,12.75,39.78,MEDIUM
Subhash Nagar Square,2022,11,2022-11-01,0,0,0,0.0,0.0,0.0,0.0,0.0,0.0,0.0,0.0,LOW
Zero Mile Freedom Park,2022,11,2022-11-01,0,0,0,0.0,0.0,0.0,0.0,0.0,0.0,0.0,0.0,LOW
VCA Stadium Chowk,2022,11,2022-11-01,0,0,0,0.0,0.0,0.0,0.0,0.0,0.0,0.0,0.0,LOW
Law College Square,2022,11,2022-11-01,0,0,0,0.0,0.0,0.0,0.0,0.0,0.0,0.0,0.0,LOW
Shankar Nagar Square,2022,11,2022-11-01,0,0,0,0.0,0.0,1.0,5.0,0.0,4.0,0.417,0.0,LOW
Rambagh Chowk,2022,12,2022-12-01,0,0,0,0.0,0.0,0.0,0.0,0.0,0.0,0.0,0.0,LOW
Krida Chowk,2022,12,2022-12-01,0,0,0,0.0,0.0,0.0,0.0,0.0,0.0,0.0,0.0,LOW
Sitabuldi Interchange,2022,12,2022-12-01,1,0,1,0.0,0.0,0.0,5.0,0.0,5.0,0.417,9.39,LOW
Medical Square,2022,12,2022-12-01,0,0,0,0.0,0.0,0.0,0.0,0.0,0.0,0.0,0.0,LOW
Automotive Square,2022,12,2022-12-01,1,0,0,1.0,1.0,4.0,15.0,0.0,11.0,1.25,1.1,LOW
Deo Nagar Chowk,2022,12,2022-12-01,0,0,0,0.0,0.0,0.0,0.0,0.0,0.0,0.0,0.0,LOW
Reserve Bank Chowk,2022,12,2022-12-01,0,0,0,0.0,0.0,0.0,0.0,0.0,0.0,0.0,0.0,LOW
IT Park Ring Road,2022,12,2022-12-01,0,0,0,0.0,0.0,0.0,0.0,0.0,0.0,0.0,0.0,LOW
Bhande Plot Square,2022,12,2022-12-01,0,0,0,0.0,0.0,0.0,0.0,0.0,0.0,0.0,0.0,LOW
Somalwada Square,2022,12,2022-12-01,0,0,0,0.0,0.0,0.0,0.0,0.0,0.0,0.0,0.0,LOW
Itwari Railway Station Square,2022,12,2022-12-01,1,0,1,0.0,0.0,0.0,3.0,0.0,2.0,0.25,4.42,LOW
Ram Nagar Square,2022,12,2022-12-01,0,0,0,0.0,0.0,0.0,0.0,0.0,0.0,0.0,0.0,LOW
Law College Square,2022,12,2022-12-01,0,0,0,0.0,0.0,0.0,0.0,0.0,0.0,0.0,0.0,LOW
Rachana Ring Road,2022,12,2022-12-01,0,0,0,0.0,0.0,0.0,0.0,0.0,0.0,0.0,0.0,LOW
Wardha Road Toll Plaza,2022,12,2022-12-01,0,0,0,0.0,0.0,0.0,0.0,0.0,0.0,0.0,0.0,LOW
Chhatrapati Square,2022,12,2022-12-01,1,0,1,0.0,0.0,0.0,8.0,0.0,6.0,0.667,2.76,LOW
Pratap Nagar Square,2022,12,2022-12-01,0,0,0,0.0,0.0,0.0,0.0,0.0,0.0,0.0,0.0,LOW
Manewada Square,2022,12,2022-12-01,0,0,0,0.0,0.0,0.0,0.0,0.0,0.0,0.0,0.0,LOW
KDK College Chowk,2022,12,2022-12-01,0,0,0,0.0,0.0,0.0,0.0,0.0,0.0,0.0,0.0,LOW
Pardi Naka,2022,12,2022-12-01,0,0,0,0.0,0.0,0.0,0.0,0.0,0.0,0.0,0.0,LOW
Airport Square,2022,12,2022-12-01,0,0,0,3.0,3.0,5.0,10.0,0.0,5.0,0.833,0.0,LOW
Subhash Nagar Square,2022,12,2022-12-01,0,0,0,0.0,0.0,0.0,0.0,0.0,0.0,0.0,0.0,LOW
Kalamna Market Chowk,2022,12,2022-12-01,0,0,0,0.0,0.0,0.0,0.0,0.0,0.0,0.0,0.0,LOW
Omkar Nagar Square,2022,12,2022-12-01,0,0,0,0.0,0.0,0.0,0.0,0.0,0.0,0.0,0.0,LOW
Khamla Square,2022,12,2022-12-01,0,0,0,0.0,0.0,0.0,0.0,0.0,0.0,0.0,0.0,LOW
Zero Mile Freedom Park,2022,12,2022-12-01,0,0,0,0.0,0.0,0.0,0.0,0.0,0.0,0.0,0.0,LOW
Nandanvan Main Square,2022,12,2022-12-01,0,0,0,0.0,0.0,0.0,0.0,0.0,0.0,0.0,0.0,LOW
Japanese Garden Square,2022,12,2022-12-01,0,0,0,0.0,0.0,0.0,0.0,0.0,0.0,0.0,0.0,LOW
Jhansi Rani Square,2022,12,2022-12-01,5,0,3,8.0,8.0,17.0,67.0,2.0,36.0,5.583,18.78,LOW
VCA Stadium Chowk,2022,12,2022-12-01,0,0,0,0.0,0.0,0.0,0.0,0.0,0.0,0.0,0.0,LOW
Sakkardara Square,2022,12,2022-12-01,0,0,0,1.0,1.0,2.0,6.0,0.0,5.0,0.5,0.0,LOW
Variety Square,2022,12,2022-12-01,2,0,1,0.0,0.0,4.0,9.0,0.0,8.0,0.75,5.52,LOW
Shankar Nagar Square,2022,12,2022-12-01,1,0,1,0.0,0.0,1.0,4.0,0.0,3.0,0.333,2.76,LOW
LIC Chowk,2022,12,2022-12-01,12,1,9,9.0,9.0,47.0,149.0,6.0,102.0,12.417,46.41,MEDIUM
Sanvidhan Square,2022,12,2022-12-01,0,0,0,0.0,0.0,0.0,0.0,0.0,0.0,0.0,0.0,LOW
Reshimbagh Square,2022,12,2022-12-01,0,0,0,0.0,0.0,0.0,0.0,0.0,0.0,0.0,0.0,LOW
Mate Square,2022,12,2022-12-01,0,0,0,0.0,0.0,0.0,0.0,0.0,0.0,0.0,0.0,LOW
HB Town Square,2022,12,2022-12-01,0,0,0,0.0,0.0,0.0,0.0,0.0,0.0,0.0,0.0,LOW
Dharampeth Tower,2022,12,2022-12-01,0,0,0,0.0,0.0,0.0,0.0,0.0,0.0,0.0,0.0,LOW
Gokulpeth Market,2022,12,2022-12-01,0,0,0,0.0,0.0,0.0,0.0,0.0,0.0,0.0,0.0,LOW
Variety Square,2023,1,2023-01-01,2,0,1,2.0,2.0,4.0,11.0,0.0,9.0,0.917,3.87,LOW
Somalwada Square,2023,1,2023-01-01,0,0,0,0.0,0.0,0.0,0.0,0.0,0.0,0.0,0.0,LOW
Medical Square,2023,1,2023-01-01,0,0,0,0.0,0.0,0.0,0.0,0.0,0.0,0.0,0.0,LOW
Ram Nagar Square,2023,1,2023-01-01,0,0,0,0.0,0.0,0.0,0.0,0.0,0.0,0.0,0.0,LOW
Zero Mile Freedom Park,2023,1,2023-01-01,0,0,0,0.0,0.0,0.0,0.0,0.0,0.0,0.0,0.0,LOW
Japanese Garden Square,2023,1,2023-01-01,0,0,0,0.0,0.0,0.0,0.0,0.0,0.0,0.0,0.0,LOW
Rachana Ring Road,2023,1,2023-01-01,0,0,0,0.0,0.0,0.0,0.0,0.0,0.0,0.0,0.0,LOW
Sakkardara Square,2023,1,2023-01-01,2,0,1,0.0,0.0,2.0,5.0,0.0,4.0,0.417,3.87,LOW
Wardha Road Toll Plaza,2023,1,2023-01-01,0,0,0,0.0,0.0,0.0,0.0,0.0,0.0,0.0,0.0,LOW
Chhatrapati Square,2023,1,2023-01-01,1,0,0,1.0,1.0,1.0,9.0,0.0,7.0,0.75,1.1,LOW
Jhansi Rani Square,2023,1,2023-01-01,2,0,1,5.0,5.0,18.0,70.0,2.0,38.0,5.833,7.18,LOW
Pratap Nagar Square,2023,1,2023-01-01,0,0,0,0.0,0.0,0.0,0.0,0.0,0.0,0.0,0.0,LOW
Omkar Nagar Square,2023,1,2023-01-01,0,0,0,0.0,0.0,0.0,0.0,0.0,0.0,0.0,0.0,LOW
Manewada Square,2023,1,2023-01-01,0,0,0,0.0,0.0,0.0,0.0,0.0,0.0,0.0,0.0,LOW
Mate Square,2023,1,2023-01-01,0,0,0,0.0,0.0,0.0,0.0,0.0,0.0,0.0,0.0,LOW
Law College Square,2023,1,2023-01-01,0,0,0,0.0,0.0,0.0,0.0,0.0,0.0,0.0,0.0,LOW
Nandanvan Main Square,2023,1,2023-01-01,0,0,0,0.0,0.0,0.0,0.0,0.0,0.0,0.0,0.0,LOW
KDK College Chowk,2023,1,2023-01-01,0,0,0,0.0,0.0,0.0,0.0,0.0,0.0,0.0,0.0,LOW
Pardi Naka,2023,1,2023-01-01,0,0,0,0.0,0.0,0.0,0.0,0.0,0.0,0.0,0.0,LOW
Airport Square,2023,1,2023-01-01,1,1,1,0.0,0.0,4.0,10.0,0.0,5.0,0.833,9.39,LOW
LIC Chowk,2023,1,2023-01-01,20,3,14,12.0,12.0,41.0,156.0,7.0,108.0,13.0,96.69,CRITICAL
Gokulpeth Market,2023,1,2023-01-01,0,0,0,0.0,0.0,0.0,0.0,0.0,0.0,0.0,0.0,LOW
Khamla Square,2023,1,2023-01-01,0,0,0,0.0,0.0,0.0,0.0,0.0,0.0,0.0,0.0,LOW
Sanvidhan Square,2023,1,2023-01-01,0,0,0,0.0,0.0,0.0,0.0,0.0,0.0,0.0,0.0,LOW
Kalamna Market Chowk,2023,1,2023-01-01,0,0,0,0.0,0.0,0.0,0.0,0.0,0.0,0.0,0.0,LOW
Subhash Nagar Square,2023,1,2023-01-01,0,0,0,0.0,0.0,0.0,0.0,0.0,0.0,0.0,0.0,LOW
Shankar Nagar Square,2023,1,2023-01-01,0,0,0,1.0,1.0,1.0,5.0,0.0,4.0,0.417,0.0,LOW
Bhande Plot Square,2023,1,2023-01-01,0,0,0,0.0,0.0,0.0,0.0,0.0,0.0,0.0,0.0,LOW
Krida Chowk,2023,1,2023-01-01,0,0,0,0.0,0.0,0.0,0.0,0.0,0.0,0.0,0.0,LOW
HB Town Square,2023,1,2023-01-01,0,0,0,0.0,0.0,0.0,0.0,0.0,0.0,0.0,0.0,LOW
VCA Stadium Chowk,2023,1,2023-01-01,0,0,0,0.0,0.0,0.0,0.0,0.0,0.0,0.0,0.0,LOW
Deo Nagar Chowk,2023,1,2023-01-01,0,0,0,0.0,0.0,0.0,0.0,0.0,0.0,0.0,0.0,LOW
Dharampeth Tower,2023,1,2023-01-01,0,0,0,0.0,0.0,0.0,0.0,0.0,0.0,0.0,0.0,LOW
IT Park Ring Road,2023,1,2023-01-01,0,0,0,0.0,0.0,0.0,0.0,0.0,0.0,0.0,0.0,LOW
Itwari Railway Station Square,2023,1,2023-01-01,0,0,0,1.0,1.0,1.0,4.0,0.0,3.0,0.333,0.0,LOW
Reserve Bank Chowk,2023,1,2023-01-01,0,0,0,0.0,0.0,0.0,0.0,0.0,0.0,0.0,0.0,LOW
Reshimbagh Square,2023,1,2023-01-01,0,0,0,0.0,0.0,0.0,0.0,0.0,0.0,0.0,0.0,LOW
Rambagh Chowk,2023,1,2023-01-01,0,0,0,0.0,0.0,0.0,0.0,0.0,0.0,0.0,0.0,LOW
Sitabuldi Interchange,2023,1,2023-01-01,0,0,0,1.0,1.0,1.0,5.0,0.0,5.0,0.417,0.0,LOW
Automotive Square,2023,1,2023-01-01,1,0,1,1.0,1.0,5.0,15.0,0.0,10.0,1.25,2.76,LOW
Bhande Plot Square,2023,2,2023-02-01,0,0,0,0.0,0.0,0.0,0.0,0.0,0.0,0.0,0.0,LOW
LIC Chowk,2023,2,2023-02-01,18,0,13,20.0,20.0,41.0,167.0,10.0,117.0,13.917,64.64,HIGH
Itwari Railway Station Square,2023,2,2023-02-01,0,0,0,0.0,0.0,1.0,3.0,0.0,3.0,0.25,0.0,LOW
KDK College Chowk,2023,2,2023-02-01,0,0,0,0.0,0.0,0.0,0.0,0.0,0.0,0.0,0.0,LOW
Reshimbagh Square,2023,2,2023-02-01,0,0,0,0.0,0.0,0.0,0.0,0.0,0.0,0.0,0.0,LOW
Dharampeth Tower,2023,2,2023-02-01,0,0,0,0.0,0.0,0.0,0.0,0.0,0.0,0.0,0.0,LOW
Pardi Naka,2023,2,2023-02-01,0,0,0,0.0,0.0,0.0,0.0,0.0,0.0,0.0,0.0,LOW
Sitabuldi Interchange,2023,2,2023-02-01,4,0,3,0.0,0.0,1.0,4.0,0.0,4.0,0.333,11.05,LOW
Law College Square,2023,2,2023-02-01,0,0,0,0.0,0.0,0.0,0.0,0.0,0.0,0.0,0.0,LOW
Automotive Square,2023,2,2023-02-01,0,0,0,1.0,1.0,3.0,16.0,0.0,11.0,1.333,0.0,LOW
Manewada Square,2023,2,2023-02-01,0,0,0,0.0,0.0,0.0,0.0,0.0,0.0,0.0,0.0,LOW
Reserve Bank Chowk,2023,2,2023-02-01,0,0,0,0.0,0.0,0.0,0.0,0.0,0.0,0.0,0.0,LOW
Kalamna Market Chowk,2023,2,2023-02-01,0,0,0,0.0,0.0,0.0,0.0,0.0,0.0,0.0,0.0,LOW
Omkar Nagar Square,2023,2,2023-02-01,0,0,0,0.0,0.0,0.0,0.0,0.0,0.0,0.0,0.0,LOW
Sanvidhan Square,2023,2,2023-02-01,0,0,0,0.0,0.0,0.0,0.0,0.0,0.0,0.0,0.0,LOW
Khamla Square,2023,2,2023-02-01,0,0,0,0.0,0.0,0.0,0.0,0.0,0.0,0.0,0.0,LOW
IT Park Ring Road,2023,2,2023-02-01,0,0,0,0.0,0.0,0.0,0.0,0.0,0.0,0.0,0.0,LOW
Subhash Nagar Square,2023,2,2023-02-01,0,0,0,0.0,0.0,0.0,0.0,0.0,0.0,0.0,0.0,LOW
Gokulpeth Market,2023,2,2023-02-01,0,0,0,0.0,0.0,0.0,0.0,0.0,0.0,0.0,0.0,LOW
VCA Stadium Chowk,2023,2,2023-02-01,0,0,0,0.0,0.0,0.0,0.0,0.0,0.0,0.0,0.0,LOW
Nandanvan Main Square,2023,2,2023-02-01,0,0,0,0.0,0.0,0.0,0.0,0.0,0.0,0.0,0.0,LOW
Airport Square,2023,2,2023-02-01,0,0,0,1.0,1.0,4.0,11.0,1.0,6.0,0.917,0.0,LOW
Mate Square,2023,2,2023-02-01,0,0,0,0.0,0.0,0.0,0.0,0.0,0.0,0.0,0.0,LOW
Variety Square,2023,2,2023-02-01,0,0,0,2.0,2.0,4.0,12.0,0.0,9.0,1.0,0.0,LOW
Japanese Garden Square,2023,2,2023-02-01,0,0,0,0.0,0.0,0.0,0.0,0.0,0.0,0.0,0.0,LOW
Medical Square,2023,2,2023-02-01,0,0,0,0.0,0.0,0.0,0.0,0.0,0.0,0.0,0.0,LOW
Chhatrapati Square,2023,2,2023-02-01,0,0,0,1.0,1.0,2.0,9.0,0.0,6.0,0.75,0.0,LOW
Krida Chowk,2023,2,2023-02-01,0,0,0,0.0,0.0,0.0,0.0,0.0,0.0,0.0,0.0,LOW
HB Town Square,2023,2,2023-02-01,0,0,0,0.0,0.0,0.0,0.0,0.0,0.0,0.0,0.0,LOW
Wardha Road Toll Plaza,2023,2,2023-02-01,0,0,0,0.0,0.0,0.0,0.0,0.0,0.0,0.0,0.0,LOW
Rachana Ring Road,2023,2,2023-02-01,0,0,0,0.0,0.0,0.0,0.0,0.0,0.0,0.0,0.0,LOW
Somalwada Square,2023,2,2023-02-01,0,0,0,0.0,0.0,0.0,0.0,0.0,0.0,0.0,0.0,LOW
Sakkardara Square,2023,2,2023-02-01,0,0,0,2.0,2.0,3.0,6.0,0.0,5.0,0.5,0.0,LOW
Pratap Nagar Square,2023,2,2023-02-01,0,0,0,0.0,0.0,0.0,0.0,0.0,0.0,0.0,0.0,LOW
Jhansi Rani Square,2023,2,2023-02-01,7,0,5,2.0,2.0,15.0,64.0,2.0,36.0,5.333,17.68,LOW
Deo Nagar Chowk,2023,2,2023-02-01,0,0,0,0.0,0.0,0.0,0.0,0.0,0.0,0.0,0.0,LOW
Ram Nagar Square,2023,2,2023-02-01,0,0,0,0.0,0.0,0.0,0.0,0.0,0.0,0.0,0.0,LOW
Shankar Nagar Square,2023,2,2023-02-01,1,0,0,0.0,0.0,1.0,4.0,0.0,3.0,0.333,1.1,LOW
Rambagh Chowk,2023,2,2023-02-01,0,0,0,0.0,0.0,0.0,0.0,0.0,0.0,0.0,0.0,LOW
Zero Mile Freedom Park,2023,2,2023-02-01,0,0,0,0.0,0.0,0.0,0.0,0.0,0.0,0.0,0.0,LOW
Reserve Bank Chowk,2023,3,2023-03-01,0,0,0,0.0,0.0,0.0,0.0,0.0,0.0,0.0,0.0,LOW
IT Park Ring Road,2023,3,2023-03-01,0,0,0,0.0,0.0,0.0,0.0,0.0,0.0,0.0,0.0,LOW
Shankar Nagar Square,2023,3,2023-03-01,2,0,1,1.0,1.0,2.0,5.0,0.0,3.0,0.417,5.52,LOW
Subhash Nagar Square,2023,3,2023-03-01,0,0,0,0.0,0.0,0.0,0.0,0.0,0.0,0.0,0.0,LOW
Somalwada Square,2023,3,2023-03-01,0,0,0,0.0,0.0,0.0,0.0,0.0,0.0,0.0,0.0,LOW
Gokulpeth Market,2023,3,2023-03-01,0,0,0,0.0,0.0,0.0,0.0,0.0,0.0,0.0,0.0,LOW
VCA Stadium Chowk,2023,3,2023-03-01,0,0,0,0.0,0.0,0.0,0.0,0.0,0.0,0.0,0.0,LOW
Zero Mile Freedom Park,2023,3,2023-03-01,0,0,0,0.0,0.0,0.0,0.0,0.0,0.0,0.0,0.0,LOW
Deo Nagar Chowk,2023,3,2023-03-01,0,0,0,0.0,0.0,0.0,0.0,0.0,0.0,0.0,0.0,LOW
Ram Nagar Square,2023,3,2023-03-01,0,0,0,0.0,0.0,0.0,0.0,0.0,0.0,0.0,0.0,LOW
Sanvidhan Square,2023,3,2023-03-01,0,0,0,0.0,0.0,0.0,0.0,0.0,0.0,0.0,0.0,LOW
Omkar Nagar Square,2023,3,2023-03-01,0,0,0,0.0,0.0,0.0,0.0,0.0,0.0,0.0,0.0,LOW
Rambagh Chowk,2023,3,2023-03-01,0,0,0,0.0,0.0,0.0,0.0,0.0,0.0,0.0,0.0,LOW
Sitabuldi Interchange,2023,3,2023-03-01,1,0,0,4.0,4.0,5.0,8.0,0.0,7.0,0.667,1.1,LOW
Itwari Railway Station Square,2023,3,2023-03-01,1,0,1,0.0,0.0,1.0,2.0,0.0,2.0,0.167,2.76,LOW
Pratap Nagar Square,2023,3,2023-03-01,0,0,0,0.0,0.0,0.0,0.0,0.0,0.0,0.0,0.0,LOW
Jhansi Rani Square,2023,3,2023-03-01,3,0,3,7.0,7.0,14.0,67.0,2.0,40.0,5.583,11.6,LOW
Wardha Road Toll Plaza,2023,3,2023-03-01,0,0,0,0.0,0.0,0.0,0.0,0.0,0.0,0.0,0.0,LOW
Airport Square,2023,3,2023-03-01,0,0,0,0.0,0.0,1.0,11.0,1.0,6.0,0.917,0.0,LOW
Sakkardara Square,2023,3,2023-03-01,0,0,0,0.0,0.0,2.0,6.0,0.0,5.0,0.5,0.0,LOW
Reshimbagh Square,2023,3,2023-03-01,0,0,0,0.0,0.0,0.0,0.0,0.0,0.0,0.0,0.0,LOW
Kalamna Market Chowk,2023,3,2023-03-01,0,0,0,0.0,0.0,0.0,0.0,0.0,0.0,0.0,0.0,LOW
KDK College Chowk,2023,3,2023-03-01,0,0,0,0.0,0.0,0.0,0.0,0.0,0.0,0.0,0.0,LOW
Chhatrapati Square,2023,3,2023-03-01,4,0,2,0.0,0.0,2.0,9.0,0.0,6.0,0.75,9.39,LOW
Variety Square,2023,3,2023-03-01,2,0,1,0.0,0.0,4.0,12.0,0.0,9.0,1.0,5.52,LOW
Bhande Plot Square,2023,3,2023-03-01,0,0,0,0.0,0.0,0.0,0.0,0.0,0.0,0.0,0.0,LOW
Rachana Ring Road,2023,3,2023-03-01,0,0,0,0.0,0.0,0.0,0.0,0.0,0.0,0.0,0.0,LOW
Automotive Square,2023,3,2023-03-01,2,0,1,0.0,0.0,2.0,15.0,0.0,11.0,1.25,3.87,LOW
Japanese Garden Square,2023,3,2023-03-01,0,0,0,0.0,0.0,0.0,0.0,0.0,0.0,0.0,0.0,LOW
HB Town Square,2023,3,2023-03-01,0,0,0,0.0,0.0,0.0,0.0,0.0,0.0,0.0,0.0,LOW
Pardi Naka,2023,3,2023-03-01,0,0,0,0.0,0.0,0.0,0.0,0.0,0.0,0.0,0.0,LOW
Dharampeth Tower,2023,3,2023-03-01,0,0,0,0.0,0.0,0.0,0.0,0.0,0.0,0.0,0.0,LOW
Law College Square,2023,3,2023-03-01,0,0,0,0.0,0.0,0.0,0.0,0.0,0.0,0.0,0.0,LOW
Nandanvan Main Square,2023,3,2023-03-01,0,0,0,0.0,0.0,0.0,0.0,0.0,0.0,0.0,0.0,LOW
Manewada Square,2023,3,2023-03-01,0,0,0,0.0,0.0,0.0,0.0,0.0,0.0,0.0,0.0,LOW
Medical Square,2023,3,2023-03-01,0,0,0,0.0,0.0,0.0,0.0,0.0,0.0,0.0,0.0,LOW
LIC Chowk,2023,3,2023-03-01,22,2,16,18.0,18.0,50.0,168.0,10.0,120.0,14.0,77.35,CRITICAL
Mate Square,2023,3,2023-03-01,0,0,0,0.0,0.0,0.0,0.0,0.0,0.0,0.0,0.0,LOW
Krida Chowk,2023,3,2023-03-01,0,0,0,0.0,0.0,0.0,0.0,0.0,0.0,0.0,0.0,LOW
Khamla Square,2023,3,2023-03-01,0,0,0,0.0,0.0,0.0,0.0,0.0,0.0,0.0,0.0,LOW
Gokulpeth Market,2023,4,2023-04-01,0,0,0,0.0,0.0,0.0,0.0,0.0,0.0,0.0,0.0,LOW
Rambagh Chowk,2023,4,2023-04-01,0,0,0,0.0,0.0,0.0,0.0,0.0,0.0,0.0,0.0,LOW
Nandanvan Main Square,2023,4,2023-04-01,0,0,0,0.0,0.0,0.0,0.0,0.0,0.0,0.0,0.0,LOW
Somalwada Square,2023,4,2023-04-01,0,0,0,0.0,0.0,0.0,0.0,0.0,0.0,0.0,0.0,LOW
Deo Nagar Chowk,2023,4,2023-04-01,0,0,0,0.0,0.0,0.0,0.0,0.0,0.0,0.0,0.0,LOW
Khamla Square,2023,4,2023-04-01,0,0,0,0.0,0.0,0.0,0.0,0.0,0.0,0.0,0.0,LOW
Itwari Railway Station Square,2023,4,2023-04-01,1,0,0,1.0,1.0,1.0,3.0,0.0,3.0,0.25,1.1,LOW
Reserve Bank Chowk,2023,4,2023-04-01,0,0,0,0.0,0.0,0.0,0.0,0.0,0.0,0.0,0.0,LOW
Sitabuldi Interchange,2023,4,2023-04-01,1,0,1,1.0,1.0,5.0,9.0,0.0,7.0,0.75,2.76,LOW
Dharampeth Tower,2023,4,2023-04-01,0,0,0,0.0,0.0,0.0,0.0,0.0,0.0,0.0,0.0,LOW
IT Park Ring Road,2023,4,2023-04-01,0,0,0,0.0,0.0,0.0,0.0,0.0,0.0,0.0,0.0,LOW
Reshimbagh Square,2023,4,2023-04-01,0,0,0,0.0,0.0,0.0,0.0,0.0,0.0,0.0,0.0,LOW
Chhatrapati Square,2023,4,2023-04-01,1,0,1,4.0,4.0,5.0,13.0,0.0,8.0,1.083,7.73,LOW
HB Town Square,2023,4,2023-04-01,0,0,0,0.0,0.0,0.0,0.0,0.0,0.0,0.0,0.0,LOW
LIC Chowk,2023,4,2023-04-01,21,0,16,22.0,22.0,60.0,175.0,9.0,125.0,14.583,69.61,HIGH
Sakkardara Square,2023,4,2023-04-01,0,0,0,0.0,0.0,2.0,6.0,0.0,5.0,0.5,0.0,LOW
Zero Mile Freedom Park,2023,4,2023-04-01,0,0,0,0.0,0.0,0.0,0.0,0.0,0.0,0.0,0.0,LOW
Sanvidhan Square,2023,4,2023-04-01,0,0,0,0.0,0.0,0.0,0.0,0.0,0.0,0.0,0.0,LOW
Mate Square,2023,4,2023-04-01,0,0,0,0.0,0.0,0.0,0.0,0.0,0.0,0.0,0.0,LOW
Omkar Nagar Square,2023,4,2023-04-01,0,0,0,0.0,0.0,0.0,0.0,0.0,0.0,0.0,0.0,LOW
Shankar Nagar Square,2023,4,2023-04-01,1,0,1,2.0,2.0,3.0,7.0,0.0,4.0,0.583,2.76,LOW
Pardi Naka,2023,4,2023-04-01,0,0,0,0.0,0.0,0.0,0.0,0.0,0.0,0.0,0.0,LOW
Manewada Square,2023,4,2023-04-01,0,0,0,0.0,0.0,0.0,0.0,0.0,0.0,0.0,0.0,LOW
Rachana Ring Road,2023,4,2023-04-01,0,0,0,0.0,0.0,0.0,0.0,0.0,0.0,0.0,0.0,LOW
Jhansi Rani Square,2023,4,2023-04-01,11,1,8,3.0,3.0,12.0,67.0,2.0,40.0,5.583,48.62,MEDIUM
Krida Chowk,2023,4,2023-04-01,0,0,0,0.0,0.0,0.0,0.0,0.0,0.0,0.0,0.0,LOW
Japanese Garden Square,2023,4,2023-04-01,0,0,0,0.0,0.0,0.0,0.0,0.0,0.0,0.0,0.0,LOW
Variety Square,2023,4,2023-04-01,1,0,1,2.0,2.0,4.0,13.0,0.0,9.0,1.083,4.42,LOW
Bhande Plot Square,2023,4,2023-04-01,0,0,0,0.0,0.0,0.0,0.0,0.0,0.0,0.0,0.0,LOW
Automotive Square,2023,4,2023-04-01,1,0,0,2.0,2.0,3.0,17.0,0.0,12.0,1.417,1.1,LOW
Pratap Nagar Square,2023,4,2023-04-01,0,0,0,0.0,0.0,0.0,0.0,0.0,0.0,0.0,0.0,LOW
Kalamna Market Chowk,2023,4,2023-04-01,0,0,0,0.0,0.0,0.0,0.0,0.0,0.0,0.0,0.0,LOW
KDK College Chowk,2023,4,2023-04-01,0,0,0,0.0,0.0,0.0,0.0,0.0,0.0,0.0,0.0,LOW
Medical Square,2023,4,2023-04-01,0,0,0,0.0,0.0,0.0,0.0,0.0,0.0,0.0,0.0,LOW
VCA Stadium Chowk,2023,4,2023-04-01,0,0,0,0.0,0.0,0.0,0.0,0.0,0.0,0.0,0.0,LOW
Ram Nagar Square,2023,4,2023-04-01,0,0,0,0.0,0.0,0.0,0.0,0.0,0.0,0.0,0.0,LOW
Subhash Nagar Square,2023,4,2023-04-01,0,0,0,0.0,0.0,0.0,0.0,0.0,0.0,0.0,0.0,LOW
Law College Square,2023,4,2023-04-01,0,0,0,0.0,0.0,0.0,0.0,0.0,0.0,0.0,0.0,LOW
Airport Square,2023,4,2023-04-01,0,0,0,0.0,0.0,1.0,11.0,1.0,6.0,0.917,0.0,LOW
Wardha Road Toll Plaza,2023,4,2023-04-01,0,0,0,0.0,0.0,0.0,0.0,0.0,0.0,0.0,0.0,LOW
Khamla Square,2023,5,2023-05-01,0,0,0,0.0,0.0,0.0,0.0,0.0,0.0,0.0,0.0,LOW
Pratap Nagar Square,2023,5,2023-05-01,0,0,0,0.0,0.0,0.0,0.0,0.0,0.0,0.0,0.0,LOW
Jhansi Rani Square,2023,5,2023-05-01,5,0,4,11.0,11.0,21.0,72.0,2.0,44.0,6.0,15.47,LOW
KDK College Chowk,2023,5,2023-05-01,0,0,0,0.0,0.0,0.0,0.0,0.0,0.0,0.0,0.0,LOW
Omkar Nagar Square,2023,5,2023-05-01,0,0,0,0.0,0.0,0.0,0.0,0.0,0.0,0.0,0.0,LOW
Japanese Garden Square,2023,5,2023-05-01,0,0,0,0.0,0.0,0.0,0.0,0.0,0.0,0.0,0.0,LOW
Nandanvan Main Square,2023,5,2023-05-01,0,0,0,0.0,0.0,0.0,0.0,0.0,0.0,0.0,0.0,LOW
Rachana Ring Road,2023,5,2023-05-01,0,0,0,0.0,0.0,0.0,0.0,0.0,0.0,0.0,0.0,LOW
HB Town Square,2023,5,2023-05-01,0,0,0,0.0,0.0,0.0,0.0,0.0,0.0,0.0,0.0,LOW
Reshimbagh Square,2023,5,2023-05-01,0,0,0,0.0,0.0,0.0,0.0,0.0,0.0,0.0,0.0,LOW
IT Park Ring Road,2023,5,2023-05-01,0,0,0,0.0,0.0,0.0,0.0,0.0,0.0,0.0,0.0,LOW
Reserve Bank Chowk,2023,5,2023-05-01,0,0,0,0.0,0.0,0.0,0.0,0.0,0.0,0.0,0.0,LOW
Medical Square,2023,5,2023-05-01,0,0,0,0.0,0.0,0.0,0.0,0.0,0.0,0.0,0.0,LOW
Itwari Railway Station Square,2023,5,2023-05-01,3,0,3,1.0,1.0,2.0,4.0,0.0,3.0,0.333,13.26,LOW
Ram Nagar Square,2023,5,2023-05-01,0,0,0,0.0,0.0,0.0,0.0,0.0,0.0,0.0,0.0,LOW
Krida Chowk,2023,5,2023-05-01,0,0,0,0.0,0.0,0.0,0.0,0.0,0.0,0.0,0.0,LOW
Mate Square,2023,5,2023-05-01,0,0,0,0.0,0.0,0.0,0.0,0.0,0.0,0.0,0.0,LOW
Rambagh Chowk,2023,5,2023-05-01,0,0,0,0.0,0.0,0.0,0.0,0.0,0.0,0.0,0.0,LOW
Sakkardara Square,2023,5,2023-05-01,1,0,1,0.0,0.0,0.0,6.0,0.0,5.0,0.5,9.39,LOW
Pardi Naka,2023,5,2023-05-01,0,0,0,0.0,0.0,0.0,0.0,0.0,0.0,0.0,0.0,LOW
Law College Square,2023,5,2023-05-01,0,0,0,0.0,0.0,0.0,0.0,0.0,0.0,0.0,0.0,LOW
Airport Square,2023,5,2023-05-01,1,1,1,0.0,0.0,0.0,10.0,1.0,5.0,0.833,11.05,LOW
Wardha Road Toll Plaza,2023,5,2023-05-01,0,0,0,0.0,0.0,0.0,0.0,0.0,0.0,0.0,0.0,LOW
Automotive Square,2023,5,2023-05-01,0,0,0,1.0,1.0,3.0,16.0,0.0,10.0,1.333,0.0,LOW
Variety Square,2023,5,2023-05-01,0,0,0,1.0,1.0,3.0,14.0,0.0,10.0,1.167,0.0,LOW
Bhande Plot Square,2023,5,2023-05-01,0,0,0,0.0,0.0,0.0,0.0,0.0,0.0,0.0,0.0,LOW
VCA Stadium Chowk,2023,5,2023-05-01,0,0,0,0.0,0.0,0.0,0.0,0.0,0.0,0.0,0.0,LOW
Subhash Nagar Square,2023,5,2023-05-01,0,0,0,0.0,0.0,0.0,0.0,0.0,0.0,0.0,0.0,LOW
Manewada Square,2023,5,2023-05-01,0,0,0,0.0,0.0,0.0,0.0,0.0,0.0,0.0,0.0,LOW
Kalamna Market Chowk,2023,5,2023-05-01,0,0,0,0.0,0.0,0.0,0.0,0.0,0.0,0.0,0.0,LOW
Somalwada Square,2023,5,2023-05-01,0,0,0,0.0,0.0,0.0,0.0,0.0,0.0,0.0,0.0,LOW
Deo Nagar Chowk,2023,5,2023-05-01,0,0,0,0.0,0.0,0.0,0.0,0.0,0.0,0.0,0.0,LOW
Sitabuldi Interchange,2023,5,2023-05-01,2,0,1,1.0,1.0,6.0,9.0,0.0,7.0,0.75,7.18,LOW
Dharampeth Tower,2023,5,2023-05-01,0,0,0,0.0,0.0,0.0,0.0,0.0,0.0,0.0,0.0,LOW
Chhatrapati Square,2023,5,2023-05-01,0,0,0,1.0,1.0,5.0,13.0,0.0,9.0,1.083,0.0,LOW
LIC Chowk,2023,5,2023-05-01,13,0,9,21.0,21.0,61.0,190.0,9.0,137.0,15.833,55.8,HIGH
Sanvidhan Square,2023,5,2023-05-01,0,0,0,0.0,0.0,0.0,0.0,0.0,0.0,0.0,0.0,LOW
Zero Mile Freedom Park,2023,5,2023-05-01,0,0,0,0.0,0.0,0.0,0.0,0.0,0.0,0.0,0.0,LOW
Shankar Nagar Square,2023,5,2023-05-01,1,0,1,1.0,1.0,4.0,8.0,0.0,5.0,0.667,2.76,LOW
Gokulpeth Market,2023,5,2023-05-01,0,0,0,0.0,0.0,0.0,0.0,0.0,0.0,0.0,0.0,LOW
Shankar Nagar Square,2023,6,2023-06-01,0,0,0,1.0,1.0,4.0,8.0,0.0,6.0,0.667,0.0,LOW
Variety Square,2023,6,2023-06-01,1,0,1,0.0,0.0,3.0,14.0,0.0,10.0,1.167,2.76,LOW
Japanese Garden Square,2023,6,2023-06-01,0,0,0,0.0,0.0,0.0,0.0,0.0,0.0,0.0,0.0,LOW
Rachana Ring Road,2023,6,2023-06-01,0,0,0,0.0,0.0,0.0,0.0,0.0,0.0,0.0,0.0,LOW
Automotive Square,2023,6,2023-06-01,0,0,0,0.0,0.0,3.0,14.0,0.0,8.0,1.167,0.0,LOW
Gokulpeth Market,2023,6,2023-06-01,0,0,0,0.0,0.0,0.0,0.0,0.0,0.0,0.0,0.0,LOW
Wardha Road Toll Plaza,2023,6,2023-06-01,0,0,0,0.0,0.0,0.0,0.0,0.0,0.0,0.0,0.0,LOW
Jhansi Rani Square,2023,6,2023-06-01,4,0,3,5.0,5.0,19.0,69.0,2.0,45.0,5.75,11.05,LOW
Pratap Nagar Square,2023,6,2023-06-01,0,0,0,0.0,0.0,0.0,0.0,0.0,0.0,0.0,0.0,LOW
Airport Square,2023,6,2023-06-01,0,0,0,1.0,1.0,1.0,11.0,2.0,6.0,0.917,0.0,LOW
Law College Square,2023,6,2023-06-01,0,0,0,0.0,0.0,0.0,0.0,0.0,0.0,0.0,0.0,LOW
Sakkardara Square,2023,6,2023-06-01,0,0,0,1.0,1.0,1.0,6.0,0.0,5.0,0.5,0.0,LOW
KDK College Chowk,2023,6,2023-06-01,0,0,0,0.0,0.0,0.0,0.0,0.0,0.0,0.0,0.0,LOW
Pardi Naka,2023,6,2023-06-01,0,0,0,0.0,0.0,0.0,0.0,0.0,0.0,0.0,0.0,LOW
Medical Square,2023,6,2023-06-01,0,0,0,0.0,0.0,0.0,0.0,0.0,0.0,0.0,0.0,LOW
Sanvidhan Square,2023,6,2023-06-01,0,0,0,0.0,0.0,0.0,0.0,0.0,0.0,0.0,0.0,LOW
Bhande Plot Square,2023,6,2023-06-01,0,0,0,0.0,0.0,0.0,0.0,0.0,0.0,0.0,0.0,LOW
VCA Stadium Chowk,2023,6,2023-06-01,0,0,0,0.0,0.0,0.0,0.0,0.0,0.0,0.0,0.0,LOW
IT Park Ring Road,2023,6,2023-06-01,0,0,0,0.0,0.0,0.0,0.0,0.0,0.0,0.0,0.0,LOW
Reserve Bank Chowk,2023,6,2023-06-01,0,0,0,0.0,0.0,0.0,0.0,0.0,0.0,0.0,0.0,LOW
Sitabuldi Interchange,2023,6,2023-06-01,0,0,0,2.0,2.0,4.0,11.0,0.0,8.0,0.917,0.0,LOW
Deo Nagar Chowk,2023,6,2023-06-01,0,0,0,0.0,0.0,0.0,0.0,0.0,0.0,0.0,0.0,LOW
Reshimbagh Square,2023,6,2023-06-01,0,0,0,0.0,0.0,0.0,0.0,0.0,0.0,0.0,0.0,LOW
Zero Mile Freedom Park,2023,6,2023-06-01,0,0,0,0.0,0.0,0.0,0.0,0.0,0.0,0.0,0.0,LOW
Itwari Railway Station Square,2023,6,2023-06-01,0,0,0,3.0,3.0,5.0,7.0,0.0,6.0,0.583,0.0,LOW
Dharampeth Tower,2023,6,2023-06-01,0,0,0,0.0,0.0,0.0,0.0,0.0,0.0,0.0,0.0,LOW
Rambagh Chowk,2023,6,2023-06-01,0,0,0,0.0,0.0,0.0,0.0,0.0,0.0,0.0,0.0,LOW
Chhatrapati Square,2023,6,2023-06-01,1,0,1,0.0,0.0,5.0,11.0,0.0,7.0,0.917,2.76,LOW
Krida Chowk,2023,6,2023-06-01,0,0,0,0.0,0.0,0.0,0.0,0.0,0.0,0.0,0.0,LOW
HB Town Square,2023,6,2023-06-01,0,0,0,0.0,0.0,0.0,0.0,0.0,0.0,0.0,0.0,LOW
Manewada Square,2023,6,2023-06-01,0,0,0,0.0,0.0,0.0,0.0,0.0,0.0,0.0,0.0,LOW
Ram Nagar Square,2023,6,2023-06-01,0,0,0,0.0,0.0,0.0,0.0,0.0,0.0,0.0,0.0,LOW
LIC Chowk,2023,6,2023-06-01,16,0,10,13.0,13.0,56.0,191.0,9.0,140.0,15.917,60.77,HIGH
Subhash Nagar Square,2023,6,2023-06-01,0,0,0,0.0,0.0,0.0,0.0,0.0,0.0,0.0,0.0,LOW
Somalwada Square,2023,6,2023-06-01,0,0,0,0.0,0.0,0.0,0.0,0.0,0.0,0.0,0.0,LOW
Nandanvan Main Square,2023,6,2023-06-01,0,0,0,0.0,0.0,0.0,0.0,0.0,0.0,0.0,0.0,LOW
Mate Square,2023,6,2023-06-01,0,0,0,0.0,0.0,0.0,0.0,0.0,0.0,0.0,0.0,LOW
Kalamna Market Chowk,2023,6,2023-06-01,0,0,0,0.0,0.0,0.0,0.0,0.0,0.0,0.0,0.0,LOW
Khamla Square,2023,6,2023-06-01,0,0,0,0.0,0.0,0.0,0.0,0.0,0.0,0.0,0.0,LOW
Omkar Nagar Square,2023,6,2023-06-01,0,0,0,0.0,0.0,0.0,0.0,0.0,0.0,0.0,0.0,LOW
Japanese Garden Square,2023,7,2023-07-01,0,0,0,0.0,0.0,0.0,0.0,0.0,0.0,0.0,0.0,LOW
KDK College Chowk,2023,7,2023-07-01,0,0,0,0.0,0.0,0.0,0.0,0.0,0.0,0.0,0.0,LOW
Itwari Railway Station Square,2023,7,2023-07-01,0,0,0,0.0,0.0,4.0,7.0,0.0,6.0,0.583,0.0,LOW
Gokulpeth Market,2023,7,2023-07-01,0,0,0,0.0,0.0,0.0,0.0,0.0,0.0,0.0,0.0,LOW
Deo Nagar Chowk,2023,7,2023-07-01,0,0,0,0.0,0.0,0.0,0.0,0.0,0.0,0.0,0.0,LOW
HB Town Square,2023,7,2023-07-01,0,0,0,0.0,0.0,0.0,0.0,0.0,0.0,0.0,0.0,LOW
Chhatrapati Square,2023,7,2023-07-01,1,0,1,1.0,1.0,2.0,11.0,0.0,8.0,0.917,2.76,LOW
Dharampeth Tower,2023,7,2023-07-01,0,0,0,0.0,0.0,0.0,0.0,0.0,0.0,0.0,0.0,LOW
Manewada Square,2023,7,2023-07-01,0,0,0,0.0,0.0,0.0,0.0,0.0,0.0,0.0,0.0,LOW
Sakkardara Square,2023,7,2023-07-01,2,0,2,0.0,0.0,1.0,6.0,0.0,5.0,0.5,5.52,LOW
Sanvidhan Square,2023,7,2023-07-01,0,0,0,0.0,0.0,0.0,0.0,0.0,0.0,0.0,0.0,LOW
Mate Square,2023,7,2023-07-01,0,0,0,0.0,0.0,0.0,0.0,0.0,0.0,0.0,0.0,LOW
Omkar Nagar Square,2023,7,2023-07-01,0,0,0,0.0,0.0,0.0,0.0,0.0,0.0,0.0,0.0,LOW
Ram Nagar Square,2023,7,2023-07-01,0,0,0,0.0,0.0,0.0,0.0,0.0,0.0,0.0,0.0,LOW
Automotive Square,2023,7,2023-07-01,0,0,0,0.0,0.0,1.0,14.0,0.0,8.0,1.167,0.0,LOW
Rambagh Chowk,2023,7,2023-07-01,0,0,0,0.0,0.0,0.0,0.0,0.0,0.0,0.0,0.0,LOW
Khamla Square,2023,7,2023-07-01,0,0,0,0.0,0.0,0.0,0.0,0.0,0.0,0.0,0.0,LOW
Subhash Nagar Square,2023,7,2023-07-01,0,0,0,0.0,0.0,0.0,0.0,0.0,0.0,0.0,0.0,LOW
Kalamna Market Chowk,2023,7,2023-07-01,0,0,0,0.0,0.0,0.0,0.0,0.0,0.0,0.0,0.0,LOW
Wardha Road Toll Plaza,2023,7,2023-07-01,0,0,0,0.0,0.0,0.0,0.0,0.0,0.0,0.0,0.0,LOW
Somalwada Square,2023,7,2023-07-01,0,0,0,0.0,0.0,0.0,0.0,0.0,0.0,0.0,0.0,LOW
Sitabuldi Interchange,2023,7,2023-07-01,1,0,1,0.0,0.0,3.0,10.0,0.0,7.0,0.833,6.08,LOW
Krida Chowk,2023,7,2023-07-01,0,0,0,0.0,0.0,0.0,0.0,0.0,0.0,0.0,0.0,LOW
Zero Mile Freedom Park,2023,7,2023-07-01,0,0,0,0.0,0.0,0.0,0.0,0.0,0.0,0.0,0.0,LOW
VCA Stadium Chowk,2023,7,2023-07-01,0,0,0,0.0,0.0,0.0,0.0,0.0,0.0,0.0,0.0,LOW
Rachana Ring Road,2023,7,2023-07-01,0,0,0,0.0,0.0,0.0,0.0,0.0,0.0,0.0,0.0,LOW
Airport Square,2023,7,2023-07-01,1,0,0,0.0,0.0,1.0,10.0,2.0,5.0,0.833,1.1,LOW
Shankar Nagar Square,2023,7,2023-07-01,1,1,1,0.0,0.0,2.0,7.0,0.0,5.0,0.583,11.05,LOW
Jhansi Rani Square,2023,7,2023-07-01,12,0,7,4.0,4.0,20.0,69.0,2.0,45.0,5.75,38.12,MEDIUM
LIC Chowk,2023,7,2023-07-01,11,0,11,16.0,16.0,50.0,194.0,9.0,138.0,16.167,38.67,MEDIUM
Pratap Nagar Square,2023,7,2023-07-01,0,0,0,0.0,0.0,0.0,0.0,0.0,0.0,0.0,0.0,LOW
Law College Square,2023,7,2023-07-01,0,0,0,0.0,0.0,0.0,0.0,0.0,0.0,0.0,0.0,LOW
IT Park Ring Road,2023,7,2023-07-01,0,0,0,0.0,0.0,0.0,0.0,0.0,0.0,0.0,0.0,LOW
Reshimbagh Square,2023,7,2023-07-01,0,0,0,0.0,0.0,0.0,0.0,0.0,0.0,0.0,0.0,LOW
Nandanvan Main Square,2023,7,2023-07-01,0,0,0,0.0,0.0,0.0,0.0,0.0,0.0,0.0,0.0,LOW
Pardi Naka,2023,7,2023-07-01,0,0,0,0.0,0.0,0.0,0.0,0.0,0.0,0.0,0.0,LOW
Bhande Plot Square,2023,7,2023-07-01,0,0,0,0.0,0.0,0.0,0.0,0.0,0.0,0.0,0.0,LOW
Variety Square,2023,7,2023-07-01,2,0,1,1.0,1.0,2.0,15.0,0.0,11.0,1.25,3.87,LOW
Medical Square,2023,7,2023-07-01,0,0,0,0.0,0.0,0.0,0.0,0.0,0.0,0.0,0.0,LOW
Reserve Bank Chowk,2023,7,2023-07-01,0,0,0,0.0,0.0,0.0,0.0,0.0,0.0,0.0,0.0,LOW
Pratap Nagar Square,2023,8,2023-08-01,0,0,0,0.0,0.0,0.0,0.0,0.0,0.0,0.0,0.0,LOW
Bhande Plot Square,2023,8,2023-08-01,0,0,0,0.0,0.0,0.0,0.0,0.0,0.0,0.0,0.0,LOW
Automotive Square,2023,8,2023-08-01,3,0,3,0.0,0.0,0.0,12.0,0.0,7.0,1.0,13.26,LOW
VCA Stadium Chowk,2023,8,2023-08-01,0,0,0,0.0,0.0,0.0,0.0,0.0,0.0,0.0,0.0,LOW
Sanvidhan Square,2023,8,2023-08-01,0,0,0,0.0,0.0,0.0,0.0,0.0,0.0,0.0,0.0,LOW
Khamla Square,2023,8,2023-08-01,0,0,0,0.0,0.0,0.0,0.0,0.0,0.0,0.0,0.0,LOW
Sakkardara Square,2023,8,2023-08-01,2,0,1,2.0,2.0,3.0,7.0,0.0,6.0,0.583,7.18,LOW
Variety Square,2023,8,2023-08-01,4,0,4,2.0,2.0,3.0,16.0,0.0,11.0,1.333,22.65,LOW
Shankar Nagar Square,2023,8,2023-08-01,0,0,0,1.0,1.0,2.0,8.0,1.0,6.0,0.667,0.0,LOW
Dharampeth Tower,2023,8,2023-08-01,0,0,0,0.0,0.0,0.0,0.0,0.0,0.0,0.0,0.0,LOW
Kalamna Market Chowk,2023,8,2023-08-01,0,0,0,0.0,0.0,0.0,0.0,0.0,0.0,0.0,0.0,LOW
Gokulpeth Market,2023,8,2023-08-01,0,0,0,0.0,0.0,0.0,0.0,0.0,0.0,0.0,0.0,LOW
Japanese Garden Square,2023,8,2023-08-01,0,0,0,0.0,0.0,0.0,0.0,0.0,0.0,0.0,0.0,LOW
Medical Square,2023,8,2023-08-01,0,0,0,0.0,0.0,0.0,0.0,0.0,0.0,0.0,0.0,LOW
Subhash Nagar Square,2023,8,2023-08-01,0,0,0,0.0,0.0,0.0,0.0,0.0,0.0,0.0,0.0,LOW
LIC Chowk,2023,8,2023-08-01,13,1,13,11.0,11.0,40.0,190.0,8.0,138.0,15.833,57.46,HIGH
Manewada Square,2023,8,2023-08-01,0,0,0,0.0,0.0,0.0,0.0,0.0,0.0,0.0,0.0,LOW
Rambagh Chowk,2023,8,2023-08-01,0,0,0,0.0,0.0,0.0,0.0,0.0,0.0,0.0,0.0,LOW
Nandanvan Main Square,2023,8,2023-08-01,0,0,0,0.0,0.0,0.0,0.0,0.0,0.0,0.0,0.0,LOW
Law College Square,2023,8,2023-08-01,0,0,0,0.0,0.0,0.0,0.0,0.0,0.0,0.0,0.0,LOW
Rachana Ring Road,2023,8,2023-08-01,0,0,0,0.0,0.0,0.0,0.0,0.0,0.0,0.0,0.0,LOW
Reserve Bank Chowk,2023,8,2023-08-01,0,0,0,0.0,0.0,0.0,0.0,0.0,0.0,0.0,0.0,LOW
Chhatrapati Square,2023,8,2023-08-01,1,0,0,1.0,1.0,2.0,12.0,0.0,9.0,1.0,1.1,LOW
Airport Square,2023,8,2023-08-01,0,0,0,1.0,1.0,2.0,10.0,2.0,5.0,0.833,0.0,LOW
IT Park Ring Road,2023,8,2023-08-01,0,0,0,0.0,0.0,0.0,0.0,0.0,0.0,0.0,0.0,LOW
Reshimbagh Square,2023,8,2023-08-01,0,0,0,0.0,0.0,0.0,0.0,0.0,0.0,0.0,0.0,LOW
Pardi Naka,2023,8,2023-08-01,0,0,0,0.0,0.0,0.0,0.0,0.0,0.0,0.0,0.0,LOW
Jhansi Rani Square,2023,8,2023-08-01,5,0,4,12.0,12.0,21.0,72.0,2.0,46.0,6.0,18.78,LOW
KDK College Chowk,2023,8,2023-08-01,0,0,0,0.0,0.0,0.0,0.0,0.0,0.0,0.0,0.0,LOW
Somalwada Square,2023,8,2023-08-01,0,0,0,0.0,0.0,0.0,0.0,0.0,0.0,0.0,0.0,LOW
Krida Chowk,2023,8,2023-08-01,0,0,0,0.0,0.0,0.0,0.0,0.0,0.0,0.0,0.0,LOW
Ram Nagar Square,2023,8,2023-08-01,0,0,0,0.0,0.0,0.0,0.0,0.0,0.0,0.0,0.0,LOW
Zero Mile Freedom Park,2023,8,2023-08-01,0,0,0,0.0,0.0,0.0,0.0,0.0,0.0,0.0,0.0,LOW
Deo Nagar Chowk,2023,8,2023-08-01,0,0,0,0.0,0.0,0.0,0.0,0.0,0.0,0.0,0.0,LOW
Mate Square,2023,8,2023-08-01,0,0,0,0.0,0.0,0.0,0.0,0.0,0.0,0.0,0.0,LOW
HB Town Square,2023,8,2023-08-01,0,0,0,0.0,0.0,0.0,0.0,0.0,0.0,0.0,0.0,LOW
Sitabuldi Interchange,2023,8,2023-08-01,1,0,0,1.0,1.0,3.0,10.0,0.0,7.0,0.833,1.1,LOW
Omkar Nagar Square,2023,8,2023-08-01,0,0,0,0.0,0.0,0.0,0.0,0.0,0.0,0.0,0.0,LOW
Itwari Railway Station Square,2023,8,2023-08-01,0,0,0,0.0,0.0,3.0,6.0,0.0,5.0,0.5,0.0,LOW
Wardha Road Toll Plaza,2023,8,2023-08-01,0,0,0,0.0,0.0,0.0,0.0,0.0,0.0,0.0,0.0,LOW
Manewada Square,2023,9,2023-09-01,0,0,0,0.0,0.0,0.0,0.0,0.0,0.0,0.0,0.0,LOW
LIC Chowk,2023,9,2023-09-01,18,1,10,13.0,13.0,40.0,193.0,9.0,146.0,16.083,64.64,HIGH
Somalwada Square,2023,9,2023-09-01,0,0,0,0.0,0.0,0.0,0.0,0.0,0.0,0.0,0.0,LOW
Rachana Ring Road,2023,9,2023-09-01,0,0,0,0.0,0.0,0.0,0.0,0.0,0.0,0.0,0.0,LOW
Dharampeth Tower,2023,9,2023-09-01,0,0,0,0.0,0.0,0.0,0.0,0.0,0.0,0.0,0.0,LOW
Subhash Nagar Square,2023,9,2023-09-01,0,0,0,0.0,0.0,0.0,0.0,0.0,0.0,0.0,0.0,LOW
Chhatrapati Square,2023,9,2023-09-01,1,0,1,1.0,1.0,3.0,10.0,0.0,6.0,0.833,4.42,LOW
Sitabuldi Interchange,2023,9,2023-09-01,1,0,1,1.0,1.0,2.0,11.0,0.0,7.0,0.917,2.76,LOW
Deo Nagar Chowk,2023,9,2023-09-01,0,0,0,0.0,0.0,0.0,0.0,0.0,0.0,0.0,0.0,LOW
Japanese Garden Square,2023,9,2023-09-01,0,0,0,0.0,0.0,0.0,0.0,0.0,0.0,0.0,0.0,LOW
Jhansi Rani Square,2023,9,2023-09-01,15,0,10,5.0,5.0,21.0,71.0,2.0,48.0,5.917,51.38,HIGH
Khamla Square,2023,9,2023-09-01,0,0,0,0.0,0.0,0.0,0.0,0.0,0.0,0.0,0.0,LOW
Bhande Plot Square,2023,9,2023-09-01,0,0,0,0.0,0.0,0.0,0.0,0.0,0.0,0.0,0.0,LOW
Medical Square,2023,9,2023-09-01,0,0,0,0.0,0.0,0.0,0.0,0.0,0.0,0.0,0.0,LOW
Gokulpeth Market,2023,9,2023-09-01,0,0,0,0.0,0.0,0.0,0.0,0.0,0.0,0.0,0.0,LOW
Pratap Nagar Square,2023,9,2023-09-01,0,0,0,0.0,0.0,0.0,0.0,0.0,0.0,0.0,0.0,LOW
KDK College Chowk,2023,9,2023-09-01,0,0,0,0.0,0.0,0.0,0.0,0.0,0.0,0.0,0.0,LOW
Rambagh Chowk,2023,9,2023-09-01,0,0,0,0.0,0.0,0.0,0.0,0.0,0.0,0.0,0.0,LOW
Ram Nagar Square,2023,9,2023-09-01,0,0,0,0.0,0.0,0.0,0.0,0.0,0.0,0.0,0.0,LOW
Mate Square,2023,9,2023-09-01,0,0,0,0.0,0.0,0.0,0.0,0.0,0.0,0.0,0.0,LOW
Wardha Road Toll Plaza,2023,9,2023-09-01,0,0,0,0.0,0.0,0.0,0.0,0.0,0.0,0.0,0.0,LOW
Omkar Nagar Square,2023,9,2023-09-01,0,0,0,0.0,0.0,0.0,0.0,0.0,0.0,0.0,0.0,LOW
HB Town Square,2023,9,2023-09-01,0,0,0,0.0,0.0,0.0,0.0,0.0,0.0,0.0,0.0,LOW
Krida Chowk,2023,9,2023-09-01,0,0,0,0.0,0.0,0.0,0.0,0.0,0.0,0.0,0.0,LOW
Reshimbagh Square,2023,9,2023-09-01,0,0,0,0.0,0.0,0.0,0.0,0.0,0.0,0.0,0.0,LOW
Pardi Naka,2023,9,2023-09-01,0,0,0,0.0,0.0,0.0,0.0,0.0,0.0,0.0,0.0,LOW
Airport Square,2023,9,2023-09-01,3,0,3,0.0,0.0,1.0,8.0,2.0,4.0,0.667,9.94,LOW
IT Park Ring Road,2023,9,2023-09-01,0,0,0,0.0,0.0,0.0,0.0,0.0,0.0,0.0,0.0,LOW
Reserve Bank Chowk,2023,9,2023-09-01,0,0,0,0.0,0.0,0.0,0.0,0.0,0.0,0.0,0.0,LOW
Law College Square,2023,9,2023-09-01,0,0,0,0.0,0.0,0.0,0.0,0.0,0.0,0.0,0.0,LOW
Nandanvan Main Square,2023,9,2023-09-01,0,0,0,0.0,0.0,0.0,0.0,0.0,0.0,0.0,0.0,LOW
Automotive Square,2023,9,2023-09-01,2,0,1,3.0,3.0,3.0,12.0,0.0,8.0,1.0,5.52,LOW
Sakkardara Square,2023,9,2023-09-01,0,0,0,2.0,2.0,4.0,9.0,0.0,7.0,0.75,0.0,LOW
Kalamna Market Chowk,2023,9,2023-09-01,0,0,0,0.0,0.0,0.0,0.0,0.0,0.0,0.0,0.0,LOW
Itwari Railway Station Square,2023,9,2023-09-01,3,1,3,0.0,0.0,0.0,6.0,0.0,5.0,0.5,24.86,LOW
VCA Stadium Chowk,2023,9,2023-09-01,0,0,0,0.0,0.0,0.0,0.0,0.0,0.0,0.0,0.0,LOW
Shankar Nagar Square,2023,9,2023-09-01,0,0,0,0.0,0.0,1.0,8.0,1.0,6.0,0.667,0.0,LOW
Zero Mile Freedom Park,2023,9,2023-09-01,0,0,0,0.0,0.0,0.0,0.0,0.0,0.0,0.0,0.0,LOW
Sanvidhan Square,2023,9,2023-09-01,0,0,0,0.0,0.0,0.0,0.0,0.0,0.0,0.0,0.0,LOW
Variety Square,2023,9,2023-09-01,0,0,0,4.0,4.0,7.0,18.0,0.0,13.0,1.5,0.0,LOW
Dharampeth Tower,2023,10,2023-10-01,0,0,0,0.0,0.0,0.0,0.0,0.0,0.0,0.0,0.0,LOW
Reserve Bank Chowk,2023,10,2023-10-01,0,0,0,0.0,0.0,0.0,0.0,0.0,0.0,0.0,0.0,LOW
Ram Nagar Square,2023,10,2023-10-01,0,0,0,0.0,0.0,0.0,0.0,0.0,0.0,0.0,0.0,LOW
Rachana Ring Road,2023,10,2023-10-01,0,0,0,0.0,0.0,0.0,0.0,0.0,0.0,0.0,0.0,LOW
IT Park Ring Road,2023,10,2023-10-01,0,0,0,0.0,0.0,0.0,0.0,0.0,0.0,0.0,0.0,LOW
Shankar Nagar Square,2023,10,2023-10-01,1,0,1,0.0,0.0,1.0,7.0,1.0,5.0,0.583,2.76,LOW
Sanvidhan Square,2023,10,2023-10-01,0,0,0,0.0,0.0,0.0,0.0,0.0,0.0,0.0,0.0,LOW
Reshimbagh Square,2023,10,2023-10-01,0,0,0,0.0,0.0,0.0,0.0,0.0,0.0,0.0,0.0,LOW
Krida Chowk,2023,10,2023-10-01,0,0,0,0.0,0.0,0.0,0.0,0.0,0.0,0.0,0.0,LOW
Manewada Square,2023,10,2023-10-01,0,0,0,0.0,0.0,0.0,0.0,0.0,0.0,0.0,0.0,LOW
HB Town Square,2023,10,2023-10-01,0,0,0,0.0,0.0,0.0,0.0,0.0,0.0,0.0,0.0,LOW
Medical Square,2023,10,2023-10-01,0,0,0,0.0,0.0,0.0,0.0,0.0,0.0,0.0,0.0,LOW
Omkar Nagar Square,2023,10,2023-10-01,0,0,0,0.0,0.0,0.0,0.0,0.0,0.0,0.0,0.0,LOW
Mate Square,2023,10,2023-10-01,0,0,0,0.0,0.0,0.0,0.0,0.0,0.0,0.0,0.0,LOW
Deo Nagar Chowk,2023,10,2023-10-01,0,0,0,0.0,0.0,0.0,0.0,0.0,0.0,0.0,0.0,LOW
Sitabuldi Interchange,2023,10,2023-10-01,1,0,1,1.0,1.0,3.0,12.0,0.0,8.0,1.0,9.39,LOW
Khamla Square,2023,10,2023-10-01,0,0,0,0.0,0.0,0.0,0.0,0.0,0.0,0.0,0.0,LOW
Kalamna Market Chowk,2023,10,2023-10-01,0,0,0,0.0,0.0,0.0,0.0,0.0,0.0,0.0,0.0,LOW
Somalwada Square,2023,10,2023-10-01,0,0,0,0.0,0.0,0.0,0.0,0.0,0.0,0.0,0.0,LOW
LIC Chowk,2023,10,2023-10-01,17,0,11,18.0,18.0,42.0,193.0,8.0,144.0,16.083,55.25,HIGH
Gokulpeth Market,2023,10,2023-10-01,0,0,0,0.0,0.0,0.0,0.0,0.0,0.0,0.0,0.0,LOW
Japanese Garden Square,2023,10,2023-10-01,0,0,0,0.0,0.0,0.0,0.0,0.0,0.0,0.0,0.0,LOW
Itwari Railway Station Square,2023,10,2023-10-01,0,0,0,3.0,3.0,3.0,9.0,1.0,8.0,0.75,0.0,LOW
Sakkardara Square,2023,10,2023-10-01,0,0,0,0.0,0.0,4.0,9.0,0.0,7.0,0.75,0.0,LOW
Rambagh Chowk,2023,10,2023-10-01,0,0,0,0.0,0.0,0.0,0.0,0.0,0.0,0.0,0.0,LOW
Zero Mile Freedom Park,2023,10,2023-10-01,0,0,0,0.0,0.0,0.0,0.0,0.0,0.0,0.0,0.0,LOW
VCA Stadium Chowk,2023,10,2023-10-01,0,0,0,0.0,0.0,0.0,0.0,0.0,0.0,0.0,0.0,LOW
Variety Square,2023,10,2023-10-01,1,0,0,0.0,0.0,6.0,16.0,0.0,12.0,1.333,1.1,LOW
Jhansi Rani Square,2023,10,2023-10-01,13,0,8,15.0,15.0,32.0,82.0,2.0,56.0,6.833,40.88,MEDIUM
Pardi Naka,2023,10,2023-10-01,0,0,0,0.0,0.0,0.0,0.0,0.0,0.0,0.0,0.0,LOW
Automotive Square,2023,10,2023-10-01,0,0,0,2.0,2.0,5.0,14.0,0.0,9.0,1.167,0.0,LOW
Law College Square,2023,10,2023-10-01,0,0,0,0.0,0.0,0.0,0.0,0.0,0.0,0.0,0.0,LOW
Chhatrapati Square,2023,10,2023-10-01,0,0,0,1.0,1.0,3.0,11.0,0.0,7.0,0.917,0.0,LOW
Bhande Plot Square,2023,10,2023-10-01,0,0,0,0.0,0.0,0.0,0.0,0.0,0.0,0.0,0.0,LOW
KDK College Chowk,2023,10,2023-10-01,0,0,0,0.0,0.0,0.0,0.0,0.0,0.0,0.0,0.0,LOW
Subhash Nagar Square,2023,10,2023-10-01,0,0,0,0.0,0.0,0.0,0.0,0.0,0.0,0.0,0.0,LOW
Nandanvan Main Square,2023,10,2023-10-01,0,0,0,0.0,0.0,0.0,0.0,0.0,0.0,0.0,0.0,LOW
Pratap Nagar Square,2023,10,2023-10-01,0,0,0,0.0,0.0,0.0,0.0,0.0,0.0,0.0,0.0,LOW
Airport Square,2023,10,2023-10-01,0,0,0,3.0,3.0,4.0,10.0,2.0,6.0,0.833,0.0,LOW
Wardha Road Toll Plaza,2023,10,2023-10-01,0,0,0,0.0,0.0,0.0,0.0,0.0,0.0,0.0,0.0,LOW
Subhash Nagar Square,2023,11,2023-11-01,0,0,0,0.0,0.0,0.0,0.0,0.0,0.0,0.0,0.0,LOW
Deo Nagar Chowk,2023,11,2023-11-01,0,0,0,0.0,0.0,0.0,0.0,0.0,0.0,0.0,0.0,LOW
Kalamna Market Chowk,2023,11,2023-11-01,0,0,0,0.0,0.0,0.0,0.0,0.0,0.0,0.0,0.0,LOW
Omkar Nagar Square,2023,11,2023-11-01,0,0,0,0.0,0.0,0.0,0.0,0.0,0.0,0.0,0.0,LOW
Variety Square,2023,11,2023-11-01,0,0,0,1.0,1.0,5.0,15.0,0.0,10.0,1.25,0.0,LOW
Medical Square,2023,11,2023-11-01,0,0,0,0.0,0.0,0.0,0.0,0.0,0.0,0.0,0.0,LOW
Sanvidhan Square,2023,11,2023-11-01,0,0,0,0.0,0.0,0.0,0.0,0.0,0.0,0.0,0.0,LOW
Reshimbagh Square,2023,11,2023-11-01,0,0,0,0.0,0.0,0.0,0.0,0.0,0.0,0.0,0.0,LOW
Dharampeth Tower,2023,11,2023-11-01,0,0,0,0.0,0.0,0.0,0.0,0.0,0.0,0.0,0.0,LOW
Pardi Naka,2023,11,2023-11-01,0,0,0,0.0,0.0,0.0,0.0,0.0,0.0,0.0,0.0,LOW
Sitabuldi Interchange,2023,11,2023-11-01,0,0,0,1.0,1.0,3.0,13.0,0.0,9.0,1.083,0.0,LOW
Ram Nagar Square,2023,11,2023-11-01,0,0,0,0.0,0.0,0.0,0.0,0.0,0.0,0.0,0.0,LOW
Airport Square,2023,11,2023-11-01,0,0,0,0.0,0.0,3.0,9.0,2.0,6.0,0.75,0.0,LOW
VCA Stadium Chowk,2023,11,2023-11-01,0,0,0,0.0,0.0,0.0,0.0,0.0,0.0,0.0,0.0,LOW
Japanese Garden Square,2023,11,2023-11-01,0,0,0,0.0,0.0,0.0,0.0,0.0,0.0,0.0,0.0,LOW
Pratap Nagar Square,2023,11,2023-11-01,0,0,0,0.0,0.0,0.0,0.0,0.0,0.0,0.0,0.0,LOW
Zero Mile Freedom Park,2023,11,2023-11-01,0,0,0,0.0,0.0,0.0,0.0,0.0,0.0,0.0,0.0,LOW
IT Park Ring Road,2023,11,2023-11-01,0,0,0,0.0,0.0,0.0,0.0,0.0,0.0,0.0,0.0,LOW
Nandanvan Main Square,2023,11,2023-11-01,0,0,0,0.0,0.0,0.0,0.0,0.0,0.0,0.0,0.0,LOW
Khamla Square,2023,11,2023-11-01,0,0,0,0.0,0.0,0.0,0.0,0.0,0.0,0.0,0.0,LOW
Shankar Nagar Square,2023,11,2023-11-01,0,0,0,1.0,1.0,1.0,8.0,1.0,6.0,0.667,0.0,LOW
LIC Chowk,2023,11,2023-11-01,14,0,8,17.0,17.0,48.0,190.0,8.0,140.0,15.833,32.04,MEDIUM
Gokulpeth Market,2023,11,2023-11-01,0,0,0,0.0,0.0,0.0,0.0,0.0,0.0,0.0,0.0,LOW
Wardha Road Toll Plaza,2023,11,2023-11-01,0,0,0,0.0,0.0,0.0,0.0,0.0,0.0,0.0,0.0,LOW
Mate Square,2023,11,2023-11-01,0,0,0,0.0,0.0,0.0,0.0,0.0,0.0,0.0,0.0,LOW
Somalwada Square,2023,11,2023-11-01,0,0,0,0.0,0.0,0.0,0.0,0.0,0.0,0.0,0.0,LOW
HB Town Square,2023,11,2023-11-01,0,0,0,0.0,0.0,0.0,0.0,0.0,0.0,0.0,0.0,LOW
Reserve Bank Chowk,2023,11,2023-11-01,0,0,0,0.0,0.0,0.0,0.0,0.0,0.0,0.0,0.0,LOW
Rambagh Chowk,2023,11,2023-11-01,0,0,0,0.0,0.0,0.0,0.0,0.0,0.0,0.0,0.0,LOW
Krida Chowk,2023,11,2023-11-01,0,0,0,0.0,0.0,0.0,0.0,0.0,0.0,0.0,0.0,LOW
KDK College Chowk,2023,11,2023-11-01,0,0,0,0.0,0.0,0.0,0.0,0.0,0.0,0.0,0.0,LOW
Chhatrapati Square,2023,11,2023-11-01,0,0,0,0.0,0.0,2.0,11.0,0.0,7.0,0.917,0.0,LOW
Rachana Ring Road,2023,11,2023-11-01,0,0,0,0.0,0.0,0.0,0.0,0.0,0.0,0.0,0.0,LOW
Automotive Square,2023,11,2023-11-01,2,0,1,0.0,0.0,5.0,11.0,0.0,6.0,0.917,7.18,LOW
Law College Square,2023,11,2023-11-01,0,0,0,0.0,0.0,0.0,0.0,0.0,0.0,0.0,0.0,LOW
Bhande Plot Square,2023,11,2023-11-01,0,0,0,0.0,0.0,0.0,0.0,0.0,0.0,0.0,0.0,LOW
Sakkardara Square,2023,11,2023-11-01,0,0,0,0.0,0.0,2.0,8.0,0.0,6.0,0.667,0.0,LOW
Itwari Railway Station Square,2023,11,2023-11-01,0,0,0,0.0,0.0,3.0,9.0,1.0,8.0,0.75,0.0,LOW
Manewada Square,2023,11,2023-11-01,0,0,0,0.0,0.0,0.0,0.0,0.0,0.0,0.0,0.0,LOW
Jhansi Rani Square,2023,11,2023-11-01,9,1,7,13.0,13.0,33.0,90.0,2.0,60.0,7.5,33.15,MEDIUM
Automotive Square,2023,12,2023-12-01,0,0,0,2.0,2.0,4.0,12.0,0.0,7.0,1.0,0.0,LOW
Wardha Road Toll Plaza,2023,12,2023-12-01,0,0,0,0.0,0.0,0.0,0.0,0.0,0.0,0.0,0.0,LOW
Krida Chowk,2023,12,2023-12-01,0,0,0,0.0,0.0,0.0,0.0,0.0,0.0,0.0,0.0,LOW
Dharampeth Tower,2023,12,2023-12-01,0,0,0,0.0,0.0,0.0,0.0,0.0,0.0,0.0,0.0,LOW
Mate Square,2023,12,2023-12-01,0,0,0,0.0,0.0,0.0,0.0,0.0,0.0,0.0,0.0,LOW
Gokulpeth Market,2023,12,2023-12-01,0,0,0,0.0,0.0,0.0,0.0,0.0,0.0,0.0,0.0,LOW
Pardi Naka,2023,12,2023-12-01,0,0,0,0.0,0.0,0.0,0.0,0.0,0.0,0.0,0.0,LOW
Omkar Nagar Square,2023,12,2023-12-01,0,0,0,0.0,0.0,0.0,0.0,0.0,0.0,0.0,0.0,LOW
Airport Square,2023,12,2023-12-01,0,0,0,0.0,0.0,3.0,6.0,2.0,5.0,0.5,0.0,LOW
Law College Square,2023,12,2023-12-01,0,0,0,0.0,0.0,0.0,0.0,0.0,0.0,0.0,0.0,LOW
Pratap Nagar Square,2023,12,2023-12-01,0,0,0,0.0,0.0,0.0,0.0,0.0,0.0,0.0,0.0,LOW
Kalamna Market Chowk,2023,12,2023-12-01,0,0,0,0.0,0.0,0.0,0.0,0.0,0.0,0.0,0.0,LOW
Rambagh Chowk,2023,12,2023-12-01,0,0,0,0.0,0.0,0.0,0.0,0.0,0.0,0.0,0.0,LOW
Ram Nagar Square,2023,12,2023-12-01,0,0,0,0.0,0.0,0.0,0.0,0.0,0.0,0.0,0.0,LOW
Itwari Railway Station Square,2023,12,2023-12-01,1,0,1,0.0,0.0,3.0,9.0,1.0,8.0,0.75,2.76,LOW
HB Town Square,2023,12,2023-12-01,0,0,0,0.0,0.0,0.0,0.0,0.0,0.0,0.0,0.0,LOW
Shankar Nagar Square,2023,12,2023-12-01,1,0,1,0.0,0.0,1.0,8.0,1.0,6.0,0.667,4.42,LOW
Zero Mile Freedom Park,2023,12,2023-12-01,0,0,0,0.0,0.0,0.0,0.0,0.0,0.0,0.0,0.0,LOW
Sanvidhan Square,2023,12,2023-12-01,0,0,0,0.0,0.0,0.0,0.0,0.0,0.0,0.0,0.0,LOW
VCA Stadium Chowk,2023,12,2023-12-01,0,0,0,0.0,0.0,0.0,0.0,0.0,0.0,0.0,0.0,LOW
Reshimbagh Square,2023,12,2023-12-01,0,0,0,0.0,0.0,0.0,0.0,0.0,0.0,0.0,0.0,LOW
Sakkardara Square,2023,12,2023-12-01,1,0,1,0.0,0.0,0.0,7.0,0.0,5.0,0.583,2.76,LOW
KDK College Chowk,2023,12,2023-12-01,0,0,0,0.0,0.0,0.0,0.0,0.0,0.0,0.0,0.0,LOW
Variety Square,2023,12,2023-12-01,1,0,1,0.0,0.0,1.0,15.0,0.0,10.0,1.25,4.42,LOW
Manewada Square,2023,12,2023-12-01,0,0,0,0.0,0.0,0.0,0.0,0.0,0.0,0.0,0.0,LOW
Khamla Square,2023,12,2023-12-01,0,0,0,0.0,0.0,0.0,0.0,0.0,0.0,0.0,0.0,LOW
Chhatrapati Square,2023,12,2023-12-01,3,0,2,0.0,0.0,1.0,11.0,0.0,7.0,0.917,8.29,LOW
Somalwada Square,2023,12,2023-12-01,0,0,0,0.0,0.0,0.0,0.0,0.0,0.0,0.0,0.0,LOW
IT Park Ring Road,2023,12,2023-12-01,0,0,0,0.0,0.0,0.0,0.0,0.0,0.0,0.0,0.0,LOW
Subhash Nagar Square,2023,12,2023-12-01,0,0,0,0.0,0.0,0.0,0.0,0.0,0.0,0.0,0.0,LOW
Nandanvan Main Square,2023,12,2023-12-01,0,0,0,0.0,0.0,0.0,0.0,0.0,0.0,0.0,0.0,LOW
LIC Chowk,2023,12,2023-12-01,23,0,14,14.0,14.0,49.0,195.0,8.0,140.0,16.25,71.82,HIGH
Bhande Plot Square,2023,12,2023-12-01,0,0,0,0.0,0.0,0.0,0.0,0.0,0.0,0.0,0.0,LOW
Rachana Ring Road,2023,12,2023-12-01,0,0,0,0.0,0.0,0.0,0.0,0.0,0.0,0.0,0.0,LOW
Japanese Garden Square,2023,12,2023-12-01,0,0,0,0.0,0.0,0.0,0.0,0.0,0.0,0.0,0.0,LOW
Medical Square,2023,12,2023-12-01,0,0,0,0.0,0.0,0.0,0.0,0.0,0.0,0.0,0.0,LOW
Jhansi Rani Square,2023,12,2023-12-01,8,1,7,9.0,9.0,37.0,91.0,2.0,63.0,7.583,33.7,MEDIUM
Reserve Bank Chowk,2023,12,2023-12-01,0,0,0,0.0,0.0,0.0,0.0,0.0,0.0,0.0,0.0,LOW
Sitabuldi Interchange,2023,12,2023-12-01,2,0,2,0.0,0.0,2.0,13.0,0.0,9.0,1.083,10.5,LOW
Deo Nagar Chowk,2023,12,2023-12-01,0,0,0,0.0,0.0,0.0,0.0,0.0,0.0,0.0,0.0,LOW
